{"type":"FeatureCollection", "features": [
{"type":"Feature","geometry":{"type":"LineString","coordinates":[[-91.469675,47.141338],[-91.46973,47.141377],[-91.469757,47.141408],[-91.469781,47.141603],[-91.469749,47.141735],[-91.469632,47.141948],[-91.469507,47.142129],[-91.468831,47.142641],[-91.468676,47.142799],[-91.468629,47.142976],[-91.468641,47.143017],[-91.468708,47.143095],[-91.468887,47.143194],[-91.468969,47.143202],[-91.468926,47.14322],[-91.468903,47.143242],[-91.468915,47.143327],[-91.46861,47.143514],[-91.46858,47.143522],[-91.468431,47.143633],[-91.468017,47.143543],[-91.46775,47.143532],[-91.467571,47.143611],[-91.467506,47.143704],[-91.467552,47.143738],[-91.467624,47.143731],[-91.467831,47.143691],[-91.467855,47.143698],[-91.467853,47.143714],[-91.46762,47.143823],[-91.467455,47.143864],[-91.467188,47.143894],[-91.466846,47.143909],[-91.466566,47.143956],[-91.466375,47.144023],[-91.466163,47.144111],[-91.466002,47.144162],[-91.465777,47.144205],[-91.46558,47.144223],[-91.465269,47.144268],[-91.464815,47.144295],[-91.464444,47.144348],[-91.464197,47.144459],[-91.463922,47.144534],[-91.463684,47.144616],[-91.463424,47.144718],[-91.463203,47.144822],[-91.46279,47.14504],[-91.462387,47.145196],[-91.461983,47.145365],[-91.461559,47.14557],[-91.461257,47.14573],[-91.460948,47.145899],[-91.460735,47.14604],[-91.460614,47.146107],[-91.460314,47.146216],[-91.460031,47.146273],[-91.459842,47.146305],[-91.459562,47.146318],[-91.459333,47.146303],[-91.459073,47.146264],[-91.458787,47.146193],[-91.457835,47.145909],[-91.457336,47.145803],[-91.456964,47.145778],[-91.456634,47.145776],[-91.456349,47.145784],[-91.456095,47.145836],[-91.455043,47.146169],[-91.454624,47.146375],[-91.454224,47.146643],[-91.453819,47.146981],[-91.453389,47.147372],[-91.453167,47.147551],[-91.452944,47.147682],[-91.452736,47.147818],[-91.452014,47.148433],[-91.451649,47.14873],[-91.451497,47.148879],[-91.4508,47.149483],[-91.450377,47.149808],[-91.450201,47.14997],[-91.449471,47.150575],[-91.449303,47.150743],[-91.448507,47.1514],[-91.448343,47.151553],[-91.448152,47.151712],[-91.447549,47.15215],[-91.447344,47.152285],[-91.446917,47.15263],[-91.446343,47.153161],[-91.445945,47.153503],[-91.44538,47.153964],[-91.445012,47.154278],[-91.444663,47.154601],[-91.443959,47.155158],[-91.443555,47.155495],[-91.443255,47.155783],[-91.443082,47.155926],[-91.442714,47.156309],[-91.442442,47.156639],[-91.442282,47.156796],[-91.442072,47.156886],[-91.441687,47.15696],[-91.441404,47.156984],[-91.441239,47.156972],[-91.441011,47.156929],[-91.440428,47.156787],[-91.44033,47.156773],[-91.440181,47.156766],[-91.440023,47.156778],[-91.439378,47.156908],[-91.439178,47.156995],[-91.438983,47.157123],[-91.438878,47.157239],[-91.438789,47.157603],[-91.43853,47.158166],[-91.438177,47.159019],[-91.438079,47.159208],[-91.437971,47.159387],[-91.437833,47.159548],[-91.43763,47.159691],[-91.437387,47.159785],[-91.437146,47.159867],[-91.436907,47.159972],[-91.436658,47.160056],[-91.436353,47.16013],[-91.436096,47.160223],[-91.435964,47.160316],[-91.435719,47.1604],[-91.43562,47.160503],[-91.43568,47.160676],[-91.435815,47.160831],[-91.435993,47.160965],[-91.436056,47.161155],[-91.435959,47.16133],[-91.435772,47.16146],[-91.435515,47.161565],[-91.434987,47.161735],[-91.434506,47.16196],[-91.434412,47.161982],[-91.434041,47.162147],[-91.433345,47.162476],[-91.433058,47.162559],[-91.432803,47.162667],[-91.432342,47.162883],[-91.431518,47.163233],[-91.431221,47.163383],[-91.430868,47.16358],[-91.430618,47.163694],[-91.430353,47.163788],[-91.430103,47.163889],[-91.429882,47.164009],[-91.429183,47.164267],[-91.428929,47.164373],[-91.428386,47.16462],[-91.428029,47.164819],[-91.42785,47.16496],[-91.427729,47.165042],[-91.427542,47.165196],[-91.427412,47.165282],[-91.427291,47.16538],[-91.427145,47.165535],[-91.426903,47.165733],[-91.426744,47.165882],[-91.426361,47.166181],[-91.426202,47.166348],[-91.426031,47.166503],[-91.425832,47.16663],[-91.42556,47.16665],[-91.425302,47.166735],[-91.425102,47.166859],[-91.424847,47.166852],[-91.424606,47.166766],[-91.42434,47.166706],[-91.424096,47.166775],[-91.423827,47.166837],[-91.423608,47.166965],[-91.423555,47.167231],[-91.423466,47.167416],[-91.423279,47.167537],[-91.423257,47.167715],[-91.423256,47.167918],[-91.423217,47.168112],[-91.423208,47.16822],[-91.423095,47.168621],[-91.42297,47.168989],[-91.422845,47.169161],[-91.422023,47.169856],[-91.421871,47.170006],[-91.421504,47.170289],[-91.421321,47.170454],[-91.421115,47.170593],[-91.420978,47.170706],[-91.420836,47.170863],[-91.420642,47.171014],[-91.420458,47.171112],[-91.420266,47.171249],[-91.42024,47.171278],[-91.419753,47.171652],[-91.419595,47.171812],[-91.419254,47.172052],[-91.419091,47.172217],[-91.418879,47.172344],[-91.418473,47.172677],[-91.417898,47.173102],[-91.417524,47.173392],[-91.417319,47.173529],[-91.416772,47.173951],[-91.416421,47.17424],[-91.416097,47.174547],[-91.415542,47.174966],[-91.415362,47.175121],[-91.414938,47.175404],[-91.414578,47.175715],[-91.414087,47.17607],[-91.413723,47.176359],[-91.413334,47.17665],[-91.412958,47.176966],[-91.41276,47.177119],[-91.412562,47.177256],[-91.412277,47.177482],[-91.411908,47.177799],[-91.411529,47.17809],[-91.411328,47.178117],[-91.411305,47.178098],[-91.411333,47.178143],[-91.411299,47.178229],[-91.411124,47.178394],[-91.41097,47.178575],[-91.410904,47.178672],[-91.410722,47.178811],[-91.410459,47.178853],[-91.410217,47.178927],[-91.41004,47.17907],[-91.409965,47.179167],[-91.409924,47.179363],[-91.409968,47.179758],[-91.409967,47.179955],[-91.409922,47.180147],[-91.409823,47.180329],[-91.409703,47.180508],[-91.409652,47.180604],[-91.409563,47.180779],[-91.409448,47.181062],[-91.409318,47.181269],[-91.409159,47.181607],[-91.409051,47.181791],[-91.408925,47.181961],[-91.408487,47.182397],[-91.408503,47.182434],[-91.408759,47.182521],[-91.409036,47.182558],[-91.409239,47.182607],[-91.409437,47.182494],[-91.409489,47.18238],[-91.409522,47.182161],[-91.409542,47.182138],[-91.409583,47.18214],[-91.409716,47.182208],[-91.409823,47.182251],[-91.409882,47.182261],[-91.410092,47.182374],[-91.4102,47.182477],[-91.41042,47.182629],[-91.410624,47.182828],[-91.411144,47.183142],[-91.41125,47.183333],[-91.411412,47.183576],[-91.411573,47.183729],[-91.411672,47.183795],[-91.411725,47.183848],[-91.411759,47.183987],[-91.411754,47.184074],[-91.411782,47.184254],[-91.411818,47.184361],[-91.412051,47.184752],[-91.412124,47.184958],[-91.412222,47.185169],[-91.412301,47.185294],[-91.412382,47.185396],[-91.412581,47.18554],[-91.412737,47.1856],[-91.413016,47.18577],[-91.413698,47.186095],[-91.413748,47.186137],[-91.413922,47.18623],[-91.413966,47.186276],[-91.414158,47.186428],[-91.414386,47.186538],[-91.414588,47.186662],[-91.414735,47.186738],[-91.414914,47.186784],[-91.41497,47.18681],[-91.415125,47.18682],[-91.415185,47.186833],[-91.415241,47.186858],[-91.415454,47.18706],[-91.415635,47.187205],[-91.415762,47.187296],[-91.415802,47.187305],[-91.415806,47.187319],[-91.415773,47.187347],[-91.415754,47.1874],[-91.415714,47.18745],[-91.4157,47.187507],[-91.415654,47.18755],[-91.41564,47.187585],[-91.415705,47.187713],[-91.415525,47.187775],[-91.415406,47.18785],[-91.415317,47.187848],[-91.415262,47.18782],[-91.415063,47.187788],[-91.415005,47.187796],[-91.414961,47.187844],[-91.414967,47.187912],[-91.414909,47.187951],[-91.414832,47.188026],[-91.414795,47.188138],[-91.41481,47.188317],[-91.414799,47.188392],[-91.414894,47.188552],[-91.414866,47.188737],[-91.414925,47.188831],[-91.415008,47.188895],[-91.415056,47.18895],[-91.415184,47.188994],[-91.415298,47.189044],[-91.415325,47.18904],[-91.415396,47.18906],[-91.41549,47.189065],[-91.415597,47.189092],[-91.415685,47.189096],[-91.415733,47.189106],[-91.415912,47.189191],[-91.415985,47.189206],[-91.416021,47.189224],[-91.416072,47.189228],[-91.416091,47.189217],[-91.416288,47.189298],[-91.416544,47.189373],[-91.416863,47.189543],[-91.416944,47.189553],[-91.417098,47.189507],[-91.417233,47.189481],[-91.417248,47.189473],[-91.417245,47.18943],[-91.417346,47.189345],[-91.417432,47.189343],[-91.417525,47.189373],[-91.417559,47.189376],[-91.417575,47.189398],[-91.417728,47.189507],[-91.417838,47.189579],[-91.417869,47.189593],[-91.417876,47.189586],[-91.417983,47.189684],[-91.418023,47.189746],[-91.418042,47.189759],[-91.418066,47.189871],[-91.418102,47.189955],[-91.418112,47.190033],[-91.418075,47.19008],[-91.418056,47.19016],[-91.418017,47.190184],[-91.417987,47.190231],[-91.417978,47.190308],[-91.418014,47.190377],[-91.418011,47.190431],[-91.417936,47.190472],[-91.417809,47.190594],[-91.41776,47.190608],[-91.417726,47.190673],[-91.417714,47.190774],[-91.41767,47.190822],[-91.417669,47.190837],[-91.417684,47.190866],[-91.417834,47.191003],[-91.41784,47.191021],[-91.417987,47.191099],[-91.418013,47.191137],[-91.418101,47.19119],[-91.418212,47.191289],[-91.418256,47.191343],[-91.418333,47.191377],[-91.418443,47.191485],[-91.418508,47.191508],[-91.418498,47.191503],[-91.418499,47.191506],[-91.418525,47.191545],[-91.418553,47.191581],[-91.418583,47.191627],[-91.418586,47.191657],[-91.418604,47.191684],[-91.418553,47.191737],[-91.418545,47.191799],[-91.418511,47.191826],[-91.418486,47.191959],[-91.418502,47.192075],[-91.418496,47.192092],[-91.41841,47.192167],[-91.41843,47.192203],[-91.418429,47.192222],[-91.418629,47.192413],[-91.418733,47.192489],[-91.418769,47.192487],[-91.418847,47.192511],[-91.418901,47.192532],[-91.418939,47.192558],[-91.418971,47.192622],[-91.419101,47.192786],[-91.41912,47.192792],[-91.419209,47.192865],[-91.419349,47.192927],[-91.419402,47.192925],[-91.41966,47.192885],[-91.419689,47.192889],[-91.419772,47.192876],[-91.419791,47.192864],[-91.419859,47.192849],[-91.419893,47.192859],[-91.419924,47.192888],[-91.420019,47.192938],[-91.42027,47.193029],[-91.420345,47.193068],[-91.420375,47.193149],[-91.420401,47.193183],[-91.420475,47.193402],[-91.420522,47.193463],[-91.420531,47.193498],[-91.420488,47.19356],[-91.420454,47.1937],[-91.420474,47.193779],[-91.420549,47.193887],[-91.420605,47.193923],[-91.420654,47.193931],[-91.420865,47.19413],[-91.421037,47.194218],[-91.421113,47.194268],[-91.421208,47.194361],[-91.421219,47.194393],[-91.421157,47.194499],[-91.421141,47.194503],[-91.421115,47.194529],[-91.421069,47.194538],[-91.421028,47.194569],[-91.420988,47.194578],[-91.420702,47.194477],[-91.420575,47.194418],[-91.42051,47.19437],[-91.420477,47.194323],[-91.420425,47.19428],[-91.420369,47.19428],[-91.420229,47.194338],[-91.42018,47.194415],[-91.419927,47.194532],[-91.419847,47.19454],[-91.419808,47.194561],[-91.419555,47.194592],[-91.419519,47.19458],[-91.419465,47.194578],[-91.419251,47.194545],[-91.419161,47.194556],[-91.419078,47.194496],[-91.419007,47.19441],[-91.4189,47.19436],[-91.418692,47.194394],[-91.418653,47.19442],[-91.418647,47.194437],[-91.418669,47.194522],[-91.418738,47.194595],[-91.418781,47.194688],[-91.418833,47.194746],[-91.418875,47.194819],[-91.419016,47.19501],[-91.419092,47.195059],[-91.419101,47.195098],[-91.419189,47.195205],[-91.41925,47.195314],[-91.41931,47.195394],[-91.419367,47.195506],[-91.419396,47.195618],[-91.419388,47.195644],[-91.419466,47.195817],[-91.419478,47.195868],[-91.419459,47.196021],[-91.419416,47.19607],[-91.419407,47.19613],[-91.419433,47.196153],[-91.419569,47.196217],[-91.419642,47.196234],[-91.419698,47.19621],[-91.419886,47.196249],[-91.419948,47.196226],[-91.420053,47.196268],[-91.420059,47.196296],[-91.420137,47.196399],[-91.420149,47.196514],[-91.420142,47.196525],[-91.420164,47.196634],[-91.42028,47.196746],[-91.420501,47.197119],[-91.420525,47.197214],[-91.420517,47.197267],[-91.420534,47.197365],[-91.420553,47.197389],[-91.420652,47.197451],[-91.420685,47.19749],[-91.420807,47.197561],[-91.420896,47.197594],[-91.420962,47.197658],[-91.420983,47.197699],[-91.420984,47.197734],[-91.420948,47.197776],[-91.420938,47.197892],[-91.420867,47.197984],[-91.420837,47.198043],[-91.420757,47.198057],[-91.420747,47.198066],[-91.420734,47.198146],[-91.420621,47.198163],[-91.420414,47.198234],[-91.420398,47.198248],[-91.420296,47.198271],[-91.420384,47.198443],[-91.420388,47.198474],[-91.420457,47.198547],[-91.42055,47.198551],[-91.420754,47.198601],[-91.420856,47.198616],[-91.420951,47.198673],[-91.420972,47.198676],[-91.421075,47.198771],[-91.421155,47.19883],[-91.421187,47.198877],[-91.421196,47.198913],[-91.42122,47.19895],[-91.421265,47.198991],[-91.421326,47.199096],[-91.421328,47.199106],[-91.421312,47.19912],[-91.421317,47.199138],[-91.421356,47.199201],[-91.421384,47.199296],[-91.421422,47.199374],[-91.421451,47.199475],[-91.421435,47.199481],[-91.421465,47.199562],[-91.42146,47.199577],[-91.421503,47.199633],[-91.421546,47.19967],[-91.421577,47.199728],[-91.421625,47.199764],[-91.421683,47.199881],[-91.421711,47.19998],[-91.421694,47.200028],[-91.421767,47.200077],[-91.421779,47.200076],[-91.42198,47.200173],[-91.422023,47.200186],[-91.422102,47.200197],[-91.422205,47.200171],[-91.422316,47.200196],[-91.422398,47.200238],[-91.422428,47.200242],[-91.422499,47.200339],[-91.422547,47.200435],[-91.422622,47.200496],[-91.422632,47.200549],[-91.42266,47.200587],[-91.42283,47.200692],[-91.422874,47.200705],[-91.42304,47.200675],[-91.423166,47.200616],[-91.423256,47.200562],[-91.42345,47.200486],[-91.423581,47.200463],[-91.423799,47.200485],[-91.424148,47.200585],[-91.424303,47.20062],[-91.424351,47.200618],[-91.424463,47.200699],[-91.424515,47.200724],[-91.424546,47.200756],[-91.424635,47.200801],[-91.424898,47.20085],[-91.424994,47.200858],[-91.425117,47.200861],[-91.425319,47.200779],[-91.425452,47.200741],[-91.425585,47.200732],[-91.425735,47.200734],[-91.425803,47.200753],[-91.425939,47.200642],[-91.426014,47.200614],[-91.426062,47.200608],[-91.426223,47.200653],[-91.42649,47.200646],[-91.426752,47.200676],[-91.426863,47.200712],[-91.426935,47.200747],[-91.42708,47.200779],[-91.427239,47.200828],[-91.42748,47.200921],[-91.427749,47.201011],[-91.42786,47.201053],[-91.428048,47.201172],[-91.428359,47.20125],[-91.428417,47.201255],[-91.428473,47.201296],[-91.428582,47.201341],[-91.428611,47.201369],[-91.428622,47.201411],[-91.428582,47.201487],[-91.428596,47.201533],[-91.42858,47.201565],[-91.428607,47.201703],[-91.428578,47.201746],[-91.428564,47.201752],[-91.428559,47.201788],[-91.428498,47.201761],[-91.428393,47.201738],[-91.428293,47.20165],[-91.428019,47.201494],[-91.427986,47.201455],[-91.427868,47.201444],[-91.427652,47.201362],[-91.427386,47.201316],[-91.427104,47.201321],[-91.426954,47.201305],[-91.426913,47.201312],[-91.426844,47.20129],[-91.426681,47.201198],[-91.426593,47.201175],[-91.426478,47.201157],[-91.426355,47.2011],[-91.426182,47.201079],[-91.42597,47.201103],[-91.425864,47.201098],[-91.425697,47.201135],[-91.425645,47.201166],[-91.425621,47.201165],[-91.425527,47.201196],[-91.425275,47.201143],[-91.425157,47.201173],[-91.425171,47.201256],[-91.425149,47.201279],[-91.425137,47.201289],[-91.425136,47.20129],[-91.425132,47.201303],[-91.425125,47.201387],[-91.425138,47.201393],[-91.425147,47.201394],[-91.425138,47.201333],[-91.425148,47.201319],[-91.425137,47.201284],[-91.425041,47.201184],[-91.425042,47.201159],[-91.4251,47.201109],[-91.425106,47.201091],[-91.425069,47.201018],[-91.424989,47.200999],[-91.424829,47.201047],[-91.424625,47.201063],[-91.424534,47.201042],[-91.424301,47.200916],[-91.423986,47.200837],[-91.423733,47.200805],[-91.42367,47.200805],[-91.423401,47.200852],[-91.423278,47.200889],[-91.423273,47.200936],[-91.423242,47.200967],[-91.423046,47.201085],[-91.422866,47.201158],[-91.422753,47.201235],[-91.422657,47.201248],[-91.422619,47.20127],[-91.422601,47.201326],[-91.422577,47.201325],[-91.42236,47.201257],[-91.422256,47.201193],[-91.422092,47.201038],[-91.422052,47.200981],[-91.42201,47.200969],[-91.421961,47.200908],[-91.421967,47.200784],[-91.422015,47.200757],[-91.422039,47.200715],[-91.422017,47.200635],[-91.421971,47.200576],[-91.421868,47.200529],[-91.421606,47.200478],[-91.421582,47.20048],[-91.421509,47.200443],[-91.421435,47.200385],[-91.421377,47.200313],[-91.421313,47.200265],[-91.421172,47.20019],[-91.421051,47.200083],[-91.42103,47.20005],[-91.420934,47.199955],[-91.420941,47.199837],[-91.420931,47.199764],[-91.420716,47.199491],[-91.420613,47.199312],[-91.420538,47.199239],[-91.420491,47.199211],[-91.420424,47.199104],[-91.420378,47.199072],[-91.420296,47.19897],[-91.420014,47.198767],[-91.419959,47.198653],[-91.419946,47.198593],[-91.419818,47.198459],[-91.419784,47.198357],[-91.419785,47.198323],[-91.419842,47.198282],[-91.419929,47.198272],[-91.419975,47.198235],[-91.419987,47.19809],[-91.419981,47.198032],[-91.419965,47.198001],[-91.419954,47.197837],[-91.419904,47.197734],[-91.419902,47.1977],[-91.419821,47.19745],[-91.419686,47.197376],[-91.419519,47.197328],[-91.41945,47.197333],[-91.419368,47.197328],[-91.419353,47.197341],[-91.419226,47.197319],[-91.419176,47.197324],[-91.419138,47.197311],[-91.418908,47.197303],[-91.418784,47.197248],[-91.418651,47.197146],[-91.418407,47.197088],[-91.418356,47.197067],[-91.418308,47.196926],[-91.418299,47.196816],[-91.418275,47.196768],[-91.418212,47.196697],[-91.418189,47.196642],[-91.418158,47.1966],[-91.418059,47.196518],[-91.418005,47.19643],[-91.417824,47.196253],[-91.417664,47.196061],[-91.417608,47.196025],[-91.417534,47.195931],[-91.4175,47.195916],[-91.417415,47.195908],[-91.417261,47.195866],[-91.417138,47.195785],[-91.417059,47.195671],[-91.41691,47.195535],[-91.416865,47.195509],[-91.416558,47.195407],[-91.416494,47.195363],[-91.416307,47.195292],[-91.416025,47.195126],[-91.415919,47.195081],[-91.415812,47.194983],[-91.415655,47.194883],[-91.415549,47.194799],[-91.415335,47.194524],[-91.415145,47.19433],[-91.415102,47.19416],[-91.415005,47.194013],[-91.414813,47.19386],[-91.414753,47.193824],[-91.41465,47.193683],[-91.414553,47.193605],[-91.414327,47.193492],[-91.414066,47.193453],[-91.413893,47.193454],[-91.413838,47.193459],[-91.413734,47.193503],[-91.413649,47.1935],[-91.413537,47.193542],[-91.413395,47.193577],[-91.413387,47.193591],[-91.413159,47.193578],[-91.413012,47.193557],[-91.412848,47.193587],[-91.412611,47.193683],[-91.412402,47.193751],[-91.412251,47.193767],[-91.412033,47.193764],[-91.411789,47.193725],[-91.411714,47.193703],[-91.411665,47.193674],[-91.411544,47.193644],[-91.411276,47.19359],[-91.411092,47.193569],[-91.411056,47.193551],[-91.410902,47.193508],[-91.410796,47.193494],[-91.410542,47.193433],[-91.410292,47.193411],[-91.410265,47.1934],[-91.410083,47.193393],[-91.410039,47.193378],[-91.409917,47.193306],[-91.409818,47.193267],[-91.40969,47.193164],[-91.409563,47.193089],[-91.409392,47.192919],[-91.409329,47.192683],[-91.409295,47.192596],[-91.409286,47.192467],[-91.409292,47.192371],[-91.409253,47.192289],[-91.409174,47.192165],[-91.409141,47.192053],[-91.408962,47.19175],[-91.408912,47.191692],[-91.408843,47.191196],[-91.408813,47.191005],[-91.408791,47.190955],[-91.408789,47.1909],[-91.408699,47.190759],[-91.408587,47.190685],[-91.40842,47.190518],[-91.408348,47.190427],[-91.4079,47.190148],[-91.407726,47.190125],[-91.407552,47.19017],[-91.407526,47.190187],[-91.407495,47.190244],[-91.407381,47.190278],[-91.407086,47.190336],[-91.40677,47.190359],[-91.40668,47.190333],[-91.406449,47.190233],[-91.406301,47.190182],[-91.40617,47.190194],[-91.405873,47.190159],[-91.405592,47.190148],[-91.405247,47.190109],[-91.40504,47.189956],[-91.404934,47.189897],[-91.404776,47.189839],[-91.404556,47.189879],[-91.404402,47.189969],[-91.404364,47.190002],[-91.40431,47.190485],[-91.404297,47.190511],[-91.404159,47.190645],[-91.404018,47.190646],[-91.403976,47.190627],[-91.403957,47.190606],[-91.403921,47.190577],[-91.403869,47.190547],[-91.403858,47.190545],[-91.403787,47.190486],[-91.403753,47.19046],[-91.403654,47.190344],[-91.403567,47.190274],[-91.403452,47.190161],[-91.403352,47.19003],[-91.403247,47.189917],[-91.40306,47.189752],[-91.402999,47.189686],[-91.402901,47.189595],[-91.40284,47.189529],[-91.402772,47.189427],[-91.402627,47.189259],[-91.402506,47.189139],[-91.402344,47.188999],[-91.402277,47.188921],[-91.402257,47.188798],[-91.402263,47.188648],[-91.402334,47.18859],[-91.402484,47.188513],[-91.402709,47.188481],[-91.402875,47.188377],[-91.402889,47.188359],[-91.402908,47.188299],[-91.402993,47.188179],[-91.403052,47.188059],[-91.403062,47.188024],[-91.403103,47.187914],[-91.403172,47.187632],[-91.403243,47.187535],[-91.403295,47.187427],[-91.403361,47.18722],[-91.403361,47.187193],[-91.403338,47.187161],[-91.403213,47.187438],[-91.403196,47.187542],[-91.403151,47.187616],[-91.403129,47.187727],[-91.403132,47.187769],[-91.403112,47.187815],[-91.403108,47.187877],[-91.403095,47.187893],[-91.403084,47.187974],[-91.403079,47.187993],[-91.403059,47.188034],[-91.402877,47.188279],[-91.40281,47.188328],[-91.402713,47.188343],[-91.402671,47.18836],[-91.40245,47.188485],[-91.402392,47.188546],[-91.40232,47.188602],[-91.402303,47.188628],[-91.402296,47.188812],[-91.402309,47.188891],[-91.402417,47.189041],[-91.402487,47.189155],[-91.402647,47.189304],[-91.402761,47.18942],[-91.402844,47.189507],[-91.402909,47.189575],[-91.402953,47.189642],[-91.403036,47.189731],[-91.403065,47.189781],[-91.403178,47.189894],[-91.403337,47.190021],[-91.403416,47.190139],[-91.40348,47.190212],[-91.403549,47.190279],[-91.403591,47.190307],[-91.403652,47.190375],[-91.403771,47.190476],[-91.403806,47.190495],[-91.403859,47.190535],[-91.403868,47.190548],[-91.403921,47.190581],[-91.403961,47.190605],[-91.403996,47.190631],[-91.404046,47.190663],[-91.404115,47.190688],[-91.404139,47.190727],[-91.404094,47.190895],[-91.403976,47.190964],[-91.40381,47.191005],[-91.403722,47.191121],[-91.403669,47.191173],[-91.40358,47.191367],[-91.403483,47.191503],[-91.403422,47.191617],[-91.403335,47.191712],[-91.403298,47.191808],[-91.403291,47.191875],[-91.403179,47.192185],[-91.403182,47.192262],[-91.40325,47.192409],[-91.403259,47.192642],[-91.40323,47.19279],[-91.403219,47.192979],[-91.403202,47.193059],[-91.403135,47.193133],[-91.403142,47.193194],[-91.403162,47.193237],[-91.403238,47.193312],[-91.403273,47.193336],[-91.403354,47.193343],[-91.403632,47.193187],[-91.403654,47.193182],[-91.403814,47.19322],[-91.40405,47.193234],[-91.404464,47.193172],[-91.404496,47.193161],[-91.404595,47.193157],[-91.404671,47.19314],[-91.404758,47.193144],[-91.40483,47.193127],[-91.404866,47.193138],[-91.404908,47.193165],[-91.404965,47.193178],[-91.405008,47.193206],[-91.405155,47.193346],[-91.405243,47.193499],[-91.405281,47.193545],[-91.405313,47.193731],[-91.405332,47.193771],[-91.405308,47.193831],[-91.405265,47.193882],[-91.40526,47.193937],[-91.405223,47.194046],[-91.40523,47.194084],[-91.405214,47.194398],[-91.405242,47.194436],[-91.405378,47.194443],[-91.405418,47.194464],[-91.405501,47.194597],[-91.405624,47.194877],[-91.405682,47.195208],[-91.405644,47.195316],[-91.405669,47.195481],[-91.405694,47.195546],[-91.405668,47.195736],[-91.405649,47.195776],[-91.405641,47.196048],[-91.405676,47.196243],[-91.405841,47.196351],[-91.40611,47.196461],[-91.406457,47.196541],[-91.406462,47.196556],[-91.406519,47.196598],[-91.406527,47.196622],[-91.406545,47.196737],[-91.406516,47.196808],[-91.406359,47.197015],[-91.406209,47.197114],[-91.406058,47.197199],[-91.40594,47.197228],[-91.405841,47.197263],[-91.405771,47.197343],[-91.405752,47.197429],[-91.405622,47.197601],[-91.405558,47.19767],[-91.405359,47.197794],[-91.405052,47.197873],[-91.405016,47.197896],[-91.404898,47.19793],[-91.404569,47.197958],[-91.404403,47.198001],[-91.404273,47.19805],[-91.404045,47.198086],[-91.403911,47.198085],[-91.403756,47.198106],[-91.403495,47.198119],[-91.40321,47.198164],[-91.40312,47.1982],[-91.40296,47.198299],[-91.402837,47.198354],[-91.402287,47.198575],[-91.402237,47.198605],[-91.402013,47.198682],[-91.401973,47.198681],[-91.401954,47.19869],[-91.401909,47.198686],[-91.401836,47.198661],[-91.401641,47.19864],[-91.401572,47.198638],[-91.401509,47.198648],[-91.401237,47.19863],[-91.401007,47.198583],[-91.400726,47.198565],[-91.400554,47.198557],[-91.400246,47.198571],[-91.399951,47.198568],[-91.399876,47.198548],[-91.399642,47.198521],[-91.399191,47.198508],[-91.398889,47.198489],[-91.398782,47.198477],[-91.398488,47.198421],[-91.398323,47.198331],[-91.398255,47.198322],[-91.398116,47.198276],[-91.398079,47.19827],[-91.398028,47.198278],[-91.397985,47.198268],[-91.397646,47.198243],[-91.397581,47.198247],[-91.397478,47.198423],[-91.39741,47.198635],[-91.397301,47.198869],[-91.397261,47.199054],[-91.39736,47.199149],[-91.397673,47.199339],[-91.397789,47.199483],[-91.397844,47.199676],[-91.397818,47.199828],[-91.397903,47.199884],[-91.398049,47.200015],[-91.398071,47.200059],[-91.398096,47.200132],[-91.398112,47.20029],[-91.398171,47.200566],[-91.398264,47.200756],[-91.398352,47.201018],[-91.398402,47.201116],[-91.398464,47.201306],[-91.398533,47.201468],[-91.398574,47.201656],[-91.39859,47.201817],[-91.398692,47.202159],[-91.398773,47.202392],[-91.39885,47.202571],[-91.398962,47.203062],[-91.398984,47.203241],[-91.398973,47.203315],[-91.398991,47.203477],[-91.399035,47.20366],[-91.399061,47.203854],[-91.399058,47.203903],[-91.399029,47.203963],[-91.399068,47.204102],[-91.399254,47.204304],[-91.399269,47.204385],[-91.399247,47.204941],[-91.399182,47.205274],[-91.399162,47.205315],[-91.399172,47.205394],[-91.399047,47.205908],[-91.399029,47.206105],[-91.399006,47.206224],[-91.39893,47.206368],[-91.398876,47.206546],[-91.398838,47.206755],[-91.398824,47.206908],[-91.398682,47.20746],[-91.398649,47.207643],[-91.398635,47.207669],[-91.398588,47.207926],[-91.398595,47.207954],[-91.398587,47.208007],[-91.398529,47.208089],[-91.398517,47.208127],[-91.398482,47.208307],[-91.398473,47.208428],[-91.398364,47.20879],[-91.39835,47.208873],[-91.398282,47.20906],[-91.398271,47.209216],[-91.398167,47.209311],[-91.398075,47.209335],[-91.397976,47.209376],[-91.397818,47.209519],[-91.397737,47.209562],[-91.397616,47.209595],[-91.397523,47.209642],[-91.397451,47.209704],[-91.397335,47.209777],[-91.397159,47.20982],[-91.39713,47.209841],[-91.397082,47.209858],[-91.396993,47.209947],[-91.39689,47.209981],[-91.396851,47.209985],[-91.396765,47.21003],[-91.396669,47.210036],[-91.396573,47.210057],[-91.396507,47.210048],[-91.396449,47.209987],[-91.396386,47.209995],[-91.396228,47.209986],[-91.396145,47.209997],[-91.396058,47.210025],[-91.39581,47.210138],[-91.395721,47.210207],[-91.395649,47.21025],[-91.39548,47.210258],[-91.395289,47.210217],[-91.394959,47.210069],[-91.39492,47.21008],[-91.394838,47.210078],[-91.394817,47.210084],[-91.394725,47.210065],[-91.394652,47.210062],[-91.394631,47.210069],[-91.394576,47.210265],[-91.394562,47.210667],[-91.39457,47.210698],[-91.394543,47.210749],[-91.394529,47.210826],[-91.39455,47.21085],[-91.394537,47.210901],[-91.394569,47.211118],[-91.394543,47.21115],[-91.394519,47.211389],[-91.394533,47.211452],[-91.394508,47.21146],[-91.394433,47.211522],[-91.394385,47.211586],[-91.394323,47.211776],[-91.394214,47.211953],[-91.394047,47.212101],[-91.393732,47.212278],[-91.393566,47.212331],[-91.393303,47.212367],[-91.393274,47.212379],[-91.393205,47.212524],[-91.393128,47.212618],[-91.392996,47.212688],[-91.392869,47.212856],[-91.392724,47.21301],[-91.392544,47.213165],[-91.39242,47.21333],[-91.392031,47.213603],[-91.391803,47.213736],[-91.391716,47.213772],[-91.391698,47.213789],[-91.391487,47.213903],[-91.391083,47.214244],[-91.390909,47.214349],[-91.39064,47.21463],[-91.390299,47.214887],[-91.390134,47.215027],[-91.390016,47.21509],[-91.389956,47.215099],[-91.389769,47.215161],[-91.389681,47.215229],[-91.389672,47.215275],[-91.389692,47.21537],[-91.389605,47.215519],[-91.389592,47.215559],[-91.389653,47.21572],[-91.389647,47.215756],[-91.389631,47.215839],[-91.389542,47.216059],[-91.389437,47.216099],[-91.389288,47.216247],[-91.389205,47.216424],[-91.389129,47.216511],[-91.388849,47.216619],[-91.38868,47.216736],[-91.388635,47.216756],[-91.388621,47.216792],[-91.388677,47.216976],[-91.388668,47.217091],[-91.388539,47.217279],[-91.388476,47.217454],[-91.388426,47.217547],[-91.388397,47.217623],[-91.388396,47.217679],[-91.388353,47.217765],[-91.388314,47.217891],[-91.388293,47.218069],[-91.388171,47.218228],[-91.388136,47.218258],[-91.388041,47.218288],[-91.387945,47.218461],[-91.387987,47.218536],[-91.387986,47.218571],[-91.387875,47.218844],[-91.387809,47.218935],[-91.387749,47.219057],[-91.38771,47.219232],[-91.387649,47.219358],[-91.387625,47.219598],[-91.387577,47.21972],[-91.387423,47.219883],[-91.38706,47.220186],[-91.387046,47.22037],[-91.387065,47.22048],[-91.387015,47.22057],[-91.386946,47.220621],[-91.386845,47.220813],[-91.386694,47.220935],[-91.386463,47.220946],[-91.386326,47.221116],[-91.386147,47.221257],[-91.386123,47.221293],[-91.386151,47.221481],[-91.385984,47.221663],[-91.385807,47.221803],[-91.385474,47.221971],[-91.385402,47.222039],[-91.385334,47.222067],[-91.385279,47.222127],[-91.385255,47.222204],[-91.385113,47.222375],[-91.384905,47.222508],[-91.384687,47.222595],[-91.384567,47.222602],[-91.384433,47.222631],[-91.384004,47.222757],[-91.38385,47.222739],[-91.383725,47.222749],[-91.383491,47.222851],[-91.383462,47.222856],[-91.383303,47.222833],[-91.383067,47.222889],[-91.382908,47.222947],[-91.382844,47.222956],[-91.382643,47.222949],[-91.382525,47.222958],[-91.382333,47.222994],[-91.38229,47.22302],[-91.382197,47.223042],[-91.382072,47.223085],[-91.381781,47.223088],[-91.381494,47.22308],[-91.381238,47.223055],[-91.381055,47.223017],[-91.380778,47.223007],[-91.380664,47.222981],[-91.380539,47.223],[-91.380441,47.222984],[-91.380233,47.222977],[-91.379882,47.222896],[-91.379682,47.222892],[-91.3796,47.222851],[-91.37953,47.222831],[-91.379324,47.222813],[-91.379184,47.222792],[-91.37909,47.222772],[-91.378986,47.222727],[-91.378952,47.222732],[-91.378944,47.222743],[-91.378926,47.22282],[-91.378751,47.223121],[-91.378676,47.223216],[-91.378672,47.223279],[-91.378644,47.223359],[-91.378654,47.223426],[-91.378733,47.22353],[-91.378878,47.22366],[-91.378957,47.223766],[-91.379,47.223954],[-91.378993,47.223996],[-91.379002,47.224072],[-91.379028,47.224135],[-91.379135,47.224231],[-91.379188,47.224241],[-91.379295,47.224239],[-91.379421,47.22421],[-91.379467,47.224208],[-91.379796,47.224242],[-91.379847,47.224254],[-91.380026,47.224254],[-91.380089,47.224267],[-91.380318,47.224253],[-91.380577,47.224289],[-91.380788,47.224359],[-91.381039,47.224384],[-91.381248,47.224502],[-91.381407,47.224613],[-91.381548,47.224663],[-91.381607,47.224699],[-91.381633,47.224704],[-91.381716,47.224759],[-91.381801,47.224791],[-91.381832,47.224811],[-91.381959,47.224841],[-91.382162,47.224931],[-91.382384,47.224982],[-91.382416,47.225013],[-91.382606,47.225122],[-91.382733,47.225223],[-91.383113,47.225431],[-91.383196,47.225516],[-91.383288,47.225682],[-91.383292,47.225783],[-91.383321,47.225859],[-91.383339,47.226007],[-91.383317,47.226048],[-91.383276,47.226088],[-91.383255,47.226214],[-91.383272,47.226237],[-91.383283,47.226285],[-91.38328,47.226355],[-91.383247,47.226511],[-91.383249,47.22673],[-91.383221,47.226784],[-91.383319,47.226954],[-91.383321,47.22714],[-91.383252,47.227282],[-91.383186,47.227515],[-91.383208,47.227666],[-91.383051,47.227834],[-91.382918,47.22829],[-91.382871,47.228392],[-91.382835,47.228444],[-91.382815,47.228635],[-91.382824,47.228685],[-91.382821,47.228827],[-91.382779,47.229003],[-91.38274,47.229085],[-91.382731,47.229321],[-91.382797,47.229493],[-91.382784,47.229599],[-91.382764,47.229618],[-91.382727,47.229724],[-91.382714,47.229799],[-91.382743,47.229879],[-91.382742,47.230061],[-91.382755,47.230158],[-91.382731,47.230186],[-91.382609,47.230247],[-91.382331,47.230273],[-91.381969,47.230336],[-91.381504,47.230391],[-91.381305,47.230406],[-91.381067,47.230485],[-91.380875,47.230628],[-91.380676,47.230743],[-91.380493,47.230875],[-91.380315,47.23097],[-91.380171,47.231124],[-91.37997,47.231257],[-91.379744,47.231379],[-91.379554,47.231499],[-91.379315,47.231597],[-91.379125,47.231745],[-91.37891,47.231871],[-91.378812,47.232],[-91.378774,47.232096],[-91.378771,47.232135],[-91.378631,47.232283],[-91.378423,47.232421],[-91.378158,47.232482],[-91.378027,47.232481],[-91.377857,47.232576],[-91.377838,47.232595],[-91.377682,47.232625],[-91.377638,47.232655],[-91.377562,47.232672],[-91.377402,47.232686],[-91.377353,47.232701],[-91.377191,47.232763],[-91.376838,47.232943],[-91.376653,47.232969],[-91.376398,47.233059],[-91.376218,47.23319],[-91.376006,47.233303],[-91.37595,47.233384],[-91.37577,47.233441],[-91.37568,47.233431],[-91.375621,47.233456],[-91.375407,47.23352],[-91.375357,47.233554],[-91.375238,47.233668],[-91.375166,47.233679],[-91.375113,47.233702],[-91.374954,47.233846],[-91.374861,47.233861],[-91.37467,47.233948],[-91.374443,47.233967],[-91.374301,47.233994],[-91.374146,47.234058],[-91.374032,47.234118],[-91.373852,47.234294],[-91.373654,47.234433],[-91.373551,47.234486],[-91.373426,47.234648],[-91.373295,47.234796],[-91.373266,47.234806],[-91.373081,47.234967],[-91.372841,47.235067],[-91.372705,47.235149],[-91.372595,47.235167],[-91.372348,47.235176],[-91.372303,47.235206],[-91.372242,47.235209],[-91.37221,47.235222],[-91.372164,47.23526],[-91.37211,47.235287],[-91.372027,47.235302],[-91.371912,47.23535],[-91.371716,47.235362],[-91.371507,47.235363],[-91.371339,47.235381],[-91.371155,47.235349],[-91.371002,47.235349],[-91.370864,47.235361],[-91.370766,47.235339],[-91.37065,47.235336],[-91.370239,47.235238],[-91.370014,47.235231],[-91.36982,47.235249],[-91.369716,47.235209],[-91.369503,47.235105],[-91.369355,47.235063],[-91.36925,47.23508],[-91.36903,47.235038],[-91.36889,47.235022],[-91.368809,47.235033],[-91.368703,47.235023],[-91.368422,47.235071],[-91.36824,47.235091],[-91.368115,47.235018],[-91.368061,47.234971],[-91.367981,47.234991],[-91.367843,47.235051],[-91.367646,47.235177],[-91.367669,47.235243],[-91.367607,47.235314],[-91.367312,47.23532],[-91.367183,47.235361],[-91.367017,47.235536],[-91.366785,47.235621],[-91.366543,47.235645],[-91.366331,47.235704],[-91.366273,47.235733],[-91.366178,47.235742],[-91.36613,47.23576],[-91.366129,47.235784],[-91.366105,47.235812],[-91.366068,47.235891],[-91.366002,47.235956],[-91.36594,47.235973],[-91.365837,47.23595],[-91.365792,47.235949],[-91.365296,47.236056],[-91.365261,47.236056],[-91.365174,47.236087],[-91.364998,47.236186],[-91.364704,47.236282],[-91.364553,47.236291],[-91.364483,47.23632],[-91.36442,47.236366],[-91.364132,47.236402],[-91.36408,47.236396],[-91.364027,47.23642],[-91.363923,47.23643],[-91.363841,47.236465],[-91.363798,47.236498],[-91.363761,47.236512],[-91.36373,47.236562],[-91.363753,47.236588],[-91.363864,47.236598],[-91.363951,47.236564],[-91.364089,47.236542],[-91.364187,47.236569],[-91.364211,47.23659],[-91.364187,47.236643],[-91.364158,47.236655],[-91.364138,47.236675],[-91.364125,47.236841],[-91.364143,47.236903],[-91.36429,47.236979],[-91.364271,47.236998],[-91.364191,47.237029],[-91.364011,47.237175],[-91.363971,47.237214],[-91.363928,47.237327],[-91.363903,47.237531],[-91.363969,47.237576],[-91.364051,47.237653],[-91.364093,47.237916],[-91.364082,47.238018],[-91.364009,47.238159],[-91.363965,47.238307],[-91.363902,47.238352],[-91.363772,47.238387],[-91.363608,47.238489],[-91.363583,47.238516],[-91.363411,47.238494],[-91.363308,47.238523],[-91.363277,47.238587],[-91.363213,47.23863],[-91.36321,47.238686],[-91.363229,47.238747],[-91.363224,47.238762],[-91.363133,47.23878],[-91.363092,47.2388],[-91.363033,47.238814],[-91.362926,47.238821],[-91.362654,47.238936],[-91.362586,47.238955],[-91.362458,47.238953],[-91.362351,47.239],[-91.362322,47.239024],[-91.362289,47.239078],[-91.362109,47.239215],[-91.362058,47.239369],[-91.362013,47.239423],[-91.361982,47.239488],[-91.361936,47.239526],[-91.361876,47.239517],[-91.361786,47.239447],[-91.36171,47.239431],[-91.361205,47.239453],[-91.361086,47.239442],[-91.361012,47.239476],[-91.360952,47.239523],[-91.360888,47.239532],[-91.360759,47.239572],[-91.360661,47.239573],[-91.360598,47.239615],[-91.360555,47.239675],[-91.360498,47.239707],[-91.360308,47.239776],[-91.360171,47.23978],[-91.359912,47.239867],[-91.359372,47.239971],[-91.359256,47.240011],[-91.359159,47.24011],[-91.359149,47.24015],[-91.359059,47.240274],[-91.359014,47.240398],[-91.359063,47.240653],[-91.35905,47.240689],[-91.359086,47.24082],[-91.359074,47.240831],[-91.358992,47.24086],[-91.358975,47.240879],[-91.358662,47.240997],[-91.358631,47.241033],[-91.358567,47.241061],[-91.358438,47.24107],[-91.35839,47.241081],[-91.35832,47.241121],[-91.358216,47.241151],[-91.358049,47.2413],[-91.357641,47.241552],[-91.357596,47.241632],[-91.357393,47.241911],[-91.357321,47.241913],[-91.357136,47.241853],[-91.356954,47.241747],[-91.356799,47.241602],[-91.356709,47.241597],[-91.356602,47.241608],[-91.356364,47.241741],[-91.356309,47.241759],[-91.356275,47.24176],[-91.356089,47.241828],[-91.355828,47.241904],[-91.355728,47.241923],[-91.355688,47.241921],[-91.35563,47.241904],[-91.355418,47.241897],[-91.355336,47.241926],[-91.355315,47.241952],[-91.355312,47.241963],[-91.355363,47.242007],[-91.35538,47.242049],[-91.355379,47.242072],[-91.355333,47.242126],[-91.355175,47.242221],[-91.355094,47.242284],[-91.35487,47.242402],[-91.35474,47.242506],[-91.354605,47.242578],[-91.354526,47.242599],[-91.354454,47.242645],[-91.354419,47.242652],[-91.35432,47.242656],[-91.354154,47.242586],[-91.354013,47.242467],[-91.353931,47.242412],[-91.353861,47.242389],[-91.353788,47.242342],[-91.353666,47.242342],[-91.353535,47.242323],[-91.353483,47.242325],[-91.353441,47.242329],[-91.35332,47.24237],[-91.353258,47.242375],[-91.353228,47.242392],[-91.353171,47.242471],[-91.353109,47.242517],[-91.352984,47.242582],[-91.352801,47.242662],[-91.352789,47.242679],[-91.35275,47.242697],[-91.352364,47.24284],[-91.352206,47.242909],[-91.352078,47.243014],[-91.351905,47.243119],[-91.351754,47.243137],[-91.351656,47.243213],[-91.351433,47.243318],[-91.351375,47.243372],[-91.351334,47.243393],[-91.35128,47.243448],[-91.351265,47.243563],[-91.351284,47.243586],[-91.351332,47.243634],[-91.351383,47.243666],[-91.35143,47.243677],[-91.351487,47.243717],[-91.351674,47.243802],[-91.35168,47.243837],[-91.351747,47.243945],[-91.351746,47.243984],[-91.351772,47.244022],[-91.351681,47.244043],[-91.351555,47.244095],[-91.351512,47.244086],[-91.351463,47.244099],[-91.351474,47.244126],[-91.351494,47.244153],[-91.351513,47.24416],[-91.351528,47.244191],[-91.351479,47.244288],[-91.351445,47.244294],[-91.351358,47.244266],[-91.351256,47.24425],[-91.351137,47.244202],[-91.351088,47.244168],[-91.350829,47.244087],[-91.350652,47.244039],[-91.350576,47.244041],[-91.350514,47.24407],[-91.350463,47.244119],[-91.350378,47.244174],[-91.350174,47.244254],[-91.350071,47.24428],[-91.34992,47.244384],[-91.349812,47.244433],[-91.349542,47.244527],[-91.349455,47.244573],[-91.349125,47.244596],[-91.348902,47.244568],[-91.348804,47.244525],[-91.348726,47.244535],[-91.348563,47.244537],[-91.348472,47.244572],[-91.348325,47.244594],[-91.348038,47.244574],[-91.347824,47.244598],[-91.347601,47.244557],[-91.347554,47.244554],[-91.347429,47.244569],[-91.347412,47.244561],[-91.347393,47.244565],[-91.347371,47.244596],[-91.347331,47.244624],[-91.347255,47.244648],[-91.347159,47.244734],[-91.347079,47.24476],[-91.346977,47.244777],[-91.346952,47.244792],[-91.346864,47.244804],[-91.346828,47.244831],[-91.346742,47.244928],[-91.34668,47.24509],[-91.346609,47.245124],[-91.346546,47.245194],[-91.34653,47.245295],[-91.346531,47.245395],[-91.346661,47.24548],[-91.346666,47.245514],[-91.346656,47.245554],[-91.346669,47.245589],[-91.346669,47.245641],[-91.346611,47.245665],[-91.346582,47.245723],[-91.346524,47.245782],[-91.346503,47.245892],[-91.346492,47.245912],[-91.346433,47.245945],[-91.346422,47.245974],[-91.346415,47.246059],[-91.346466,47.246198],[-91.34644,47.246237],[-91.346358,47.246232],[-91.346216,47.246294],[-91.346159,47.24634],[-91.346139,47.246402],[-91.346104,47.246459],[-91.346068,47.246498],[-91.346012,47.246516],[-91.345997,47.246534],[-91.346005,47.246573],[-91.345925,47.246709],[-91.345887,47.2468],[-91.345895,47.24689],[-91.345888,47.246935],[-91.345941,47.247001],[-91.345931,47.247066],[-91.345835,47.247349],[-91.345701,47.247547],[-91.345675,47.247663],[-91.345667,47.247656],[-91.345536,47.247874],[-91.345547,47.247921],[-91.345514,47.248002],[-91.345522,47.248037],[-91.345564,47.248034],[-91.345734,47.248091],[-91.345787,47.248214],[-91.345867,47.248195],[-91.345962,47.248217],[-91.345998,47.248244],[-91.346039,47.248327],[-91.34609,47.248537],[-91.346128,47.248643],[-91.346105,47.248679],[-91.346058,47.248854],[-91.346083,47.249032],[-91.346056,47.249113],[-91.346069,47.249213],[-91.346106,47.249265],[-91.346109,47.249391],[-91.346204,47.249541],[-91.346229,47.249641],[-91.34623,47.249753],[-91.346202,47.249774],[-91.345969,47.249866],[-91.345845,47.249887],[-91.34582,47.249881],[-91.345682,47.249804],[-91.345616,47.249812],[-91.345593,47.249821],[-91.345529,47.249875],[-91.345478,47.249964],[-91.345461,47.250005],[-91.345475,47.250075],[-91.345464,47.250145],[-91.34542,47.250279],[-91.345335,47.250355],[-91.34532,47.250523],[-91.345342,47.250705],[-91.345339,47.250774],[-91.345411,47.250943],[-91.345349,47.251193],[-91.345348,47.251244],[-91.345384,47.251624],[-91.345399,47.25165],[-91.345397,47.251742],[-91.345461,47.25188],[-91.345472,47.251936],[-91.345456,47.251971],[-91.345466,47.2521],[-91.345345,47.252178],[-91.345261,47.252312],[-91.345196,47.252378],[-91.345163,47.252431],[-91.345002,47.252552],[-91.34491,47.252586],[-91.344889,47.252579],[-91.34464,47.252611],[-91.344598,47.252641],[-91.344592,47.252679],[-91.344555,47.252712],[-91.344555,47.252736],[-91.344591,47.25286],[-91.344618,47.252873],[-91.344679,47.252879],[-91.344777,47.252916],[-91.344816,47.252911],[-91.344846,47.252881],[-91.344886,47.252865],[-91.344942,47.252819],[-91.345007,47.252787],[-91.345221,47.252751],[-91.345304,47.252728],[-91.345352,47.252701],[-91.345396,47.25264],[-91.345482,47.252584],[-91.345505,47.25255],[-91.345603,47.252525],[-91.345747,47.252541],[-91.345836,47.252578],[-91.345867,47.252611],[-91.345909,47.252618],[-91.34604,47.252567],[-91.346206,47.2526],[-91.346329,47.252704],[-91.346323,47.25272],[-91.346367,47.25282],[-91.34639,47.252921],[-91.346415,47.252945],[-91.346382,47.253129],[-91.346391,47.2532],[-91.346421,47.253262],[-91.346428,47.253351],[-91.346422,47.253547],[-91.346432,47.253577],[-91.346362,47.253649],[-91.346354,47.253813],[-91.346603,47.254152],[-91.346623,47.254251],[-91.346616,47.254295],[-91.346594,47.254317],[-91.346511,47.254364],[-91.346457,47.254483],[-91.346463,47.254541],[-91.34639,47.254569],[-91.346368,47.254589],[-91.346358,47.254606],[-91.346359,47.254657],[-91.346405,47.25473],[-91.346428,47.254746],[-91.34647,47.254935],[-91.346593,47.255103],[-91.346593,47.255261],[-91.34657,47.255279],[-91.346538,47.25535],[-91.346537,47.255414],[-91.346441,47.255801],[-91.346404,47.255865],[-91.346223,47.255998],[-91.34617,47.25607],[-91.346146,47.25611],[-91.346096,47.256327],[-91.34611,47.256421],[-91.346207,47.256688],[-91.346202,47.256738],[-91.346242,47.256798],[-91.346248,47.256906],[-91.346284,47.256952],[-91.346336,47.256977],[-91.34638,47.257012],[-91.346445,47.257156],[-91.346418,47.257207],[-91.346402,47.257276],[-91.346456,47.257454],[-91.346473,47.257642],[-91.346467,47.257743],[-91.346526,47.257803],[-91.346556,47.25782],[-91.346704,47.257987],[-91.346761,47.258097],[-91.347112,47.258608],[-91.346978,47.258618],[-91.346693,47.25869],[-91.346058,47.25874],[-91.345899,47.258776],[-91.345859,47.258772],[-91.345745,47.258814],[-91.345696,47.258824],[-91.34556,47.258888],[-91.34544,47.258928],[-91.345415,47.258961],[-91.345414,47.259152],[-91.345452,47.259218],[-91.345363,47.259303],[-91.345361,47.25943],[-91.345348,47.259457],[-91.345362,47.25962],[-91.345322,47.259672],[-91.345149,47.259816],[-91.345012,47.259821],[-91.344922,47.259835],[-91.344844,47.259861],[-91.344829,47.259881],[-91.344692,47.259889],[-91.344469,47.25983],[-91.344355,47.259781],[-91.344182,47.259682],[-91.344182,47.259652],[-91.344224,47.259594],[-91.34422,47.259564],[-91.344085,47.25944],[-91.343891,47.259298],[-91.343742,47.259259],[-91.343669,47.259204],[-91.343392,47.259169],[-91.343307,47.259142],[-91.343102,47.259139],[-91.342893,47.259081],[-91.342779,47.259012],[-91.342627,47.258955],[-91.342566,47.258891],[-91.342488,47.258835],[-91.342439,47.258764],[-91.342196,47.258571],[-91.342074,47.258557],[-91.342009,47.258541],[-91.341826,47.258453],[-91.341689,47.258448],[-91.341536,47.258477],[-91.341342,47.258666],[-91.341123,47.258751],[-91.341066,47.258762],[-91.341021,47.258787],[-91.340989,47.258838],[-91.340942,47.258871],[-91.340827,47.258938],[-91.340742,47.25896],[-91.340725,47.258979],[-91.340674,47.258987],[-91.340656,47.258999],[-91.340582,47.259],[-91.340447,47.259062],[-91.340343,47.259054],[-91.340314,47.259037],[-91.340265,47.259037],[-91.340242,47.259132],[-91.340164,47.259156],[-91.340133,47.259174],[-91.340034,47.259314],[-91.339875,47.259416],[-91.33968,47.259505],[-91.339312,47.259585],[-91.339264,47.259545],[-91.339278,47.259528],[-91.339278,47.259506],[-91.33911,47.259325],[-91.339077,47.259207],[-91.339033,47.259146],[-91.339005,47.259063],[-91.338963,47.259014],[-91.338956,47.258969],[-91.339002,47.258872],[-91.339033,47.258833],[-91.339005,47.258727],[-91.339002,47.258649],[-91.338959,47.258582],[-91.338836,47.258443],[-91.338766,47.258395],[-91.338636,47.258348],[-91.338603,47.258325],[-91.338472,47.258287],[-91.338313,47.258221],[-91.338249,47.258178],[-91.338096,47.258152],[-91.337933,47.258153],[-91.337862,47.25817],[-91.337667,47.258137],[-91.337572,47.258137],[-91.337289,47.25819],[-91.337172,47.258227],[-91.337144,47.258281],[-91.336997,47.258378],[-91.336905,47.258415],[-91.336866,47.25847],[-91.336798,47.258516],[-91.336662,47.258575],[-91.336399,47.258576],[-91.336325,47.258589],[-91.336216,47.258535],[-91.336184,47.258534],[-91.335602,47.25866],[-91.3354,47.258717],[-91.33533,47.258763],[-91.335253,47.258774],[-91.335106,47.258759],[-91.335026,47.258801],[-91.334845,47.258863],[-91.334821,47.258882],[-91.334644,47.258963],[-91.334514,47.25898],[-91.334382,47.259023],[-91.334331,47.259025],[-91.334243,47.25907],[-91.33405,47.259075],[-91.334003,47.259039],[-91.333916,47.259005],[-91.333816,47.258989],[-91.33371,47.258941],[-91.333616,47.258912],[-91.333515,47.258929],[-91.33347,47.258952],[-91.333378,47.259032],[-91.333124,47.259123],[-91.333007,47.259137],[-91.332884,47.259193],[-91.332839,47.259191],[-91.332644,47.259298],[-91.332552,47.259334],[-91.332392,47.259331],[-91.33215,47.259431],[-91.332098,47.259438],[-91.332048,47.259477],[-91.331964,47.259524],[-91.331719,47.2596],[-91.331596,47.259612],[-91.331542,47.25963],[-91.331456,47.25961],[-91.331419,47.259588],[-91.331301,47.25958],[-91.331192,47.259557],[-91.331036,47.259504],[-91.330875,47.25952],[-91.330818,47.259514],[-91.330621,47.259582],[-91.330541,47.25963],[-91.330415,47.259747],[-91.330219,47.259836],[-91.329961,47.259877],[-91.329897,47.259871],[-91.32982,47.259842],[-91.329697,47.259937],[-91.329495,47.260058],[-91.329247,47.260222],[-91.329129,47.260238],[-91.328981,47.260223],[-91.328709,47.26023],[-91.328579,47.260171],[-91.328453,47.260173],[-91.328183,47.260236],[-91.327918,47.260244],[-91.327686,47.260264],[-91.327473,47.260294],[-91.327356,47.260331],[-91.327187,47.260345],[-91.326954,47.260298],[-91.326816,47.260293],[-91.326622,47.260274],[-91.326562,47.260288],[-91.32646,47.260282],[-91.326185,47.260307],[-91.326021,47.260338],[-91.32581,47.260264],[-91.325529,47.26022],[-91.325055,47.260362],[-91.325027,47.260362],[-91.324821,47.260471],[-91.324575,47.260568],[-91.324491,47.260582],[-91.324443,47.260557],[-91.324323,47.260587],[-91.324266,47.260624],[-91.324175,47.26074],[-91.324133,47.260756],[-91.32388,47.26095],[-91.323744,47.261029],[-91.323684,47.261103],[-91.323618,47.261282],[-91.323555,47.261301],[-91.323435,47.261426],[-91.323402,47.261415],[-91.323293,47.261419],[-91.323113,47.261373],[-91.322693,47.261476],[-91.322591,47.261481],[-91.322542,47.261459],[-91.322409,47.26144],[-91.322266,47.261371],[-91.322175,47.261337],[-91.322019,47.26131],[-91.321913,47.261241],[-91.321711,47.261174],[-91.32145,47.261188],[-91.321327,47.261253],[-91.321275,47.261312],[-91.321313,47.261459],[-91.321291,47.261711],[-91.321187,47.261842],[-91.321079,47.26189],[-91.320999,47.261911],[-91.320661,47.261952],[-91.320465,47.262077],[-91.320374,47.262156],[-91.320279,47.262201],[-91.320194,47.262211],[-91.319883,47.262206],[-91.319798,47.262193],[-91.319604,47.262137],[-91.319548,47.26214],[-91.319413,47.262073],[-91.319315,47.262033],[-91.319267,47.262023],[-91.319233,47.262034],[-91.319197,47.262027],[-91.319046,47.26205],[-91.318717,47.262046],[-91.318641,47.262072],[-91.318496,47.262067],[-91.318271,47.262176],[-91.31809,47.262298],[-91.318001,47.262334],[-91.317862,47.262509],[-91.317681,47.262641],[-91.317525,47.262681],[-91.317354,47.262638],[-91.317222,47.262646],[-91.317157,47.262611],[-91.317113,47.262608],[-91.31685,47.262636],[-91.31679,47.262627],[-91.316666,47.262644],[-91.31641,47.262596],[-91.316069,47.262493],[-91.316028,47.262493],[-91.315924,47.262527],[-91.315661,47.262571],[-91.315574,47.262595],[-91.315425,47.262676],[-91.315392,47.262668],[-91.315314,47.262674],[-91.315229,47.262705],[-91.315191,47.26271],[-91.315007,47.262801],[-91.314679,47.26284],[-91.314636,47.262833],[-91.314538,47.262799],[-91.314486,47.262792],[-91.314434,47.262796],[-91.314384,47.262781],[-91.314284,47.262722],[-91.314273,47.262725],[-91.314238,47.262677],[-91.314159,47.262654],[-91.314116,47.262626],[-91.31404,47.262628],[-91.313906,47.262534],[-91.313686,47.262497],[-91.313536,47.262513],[-91.31346,47.262504],[-91.313261,47.262449],[-91.313012,47.262346],[-91.312952,47.262351],[-91.312907,47.262334],[-91.312709,47.262353],[-91.312662,47.262382],[-91.312502,47.262352],[-91.312338,47.262305],[-91.312237,47.262334],[-91.312125,47.262415],[-91.312097,47.262468],[-91.312071,47.262486],[-91.312051,47.26253],[-91.312043,47.262689],[-91.312075,47.262802],[-91.312065,47.262852],[-91.312077,47.26297],[-91.311943,47.263074],[-91.311885,47.263206],[-91.311862,47.263212],[-91.311795,47.263304],[-91.311707,47.263337],[-91.311661,47.263366],[-91.311589,47.263387],[-91.311465,47.263639],[-91.311427,47.263827],[-91.311441,47.263973],[-91.311501,47.264088],[-91.311573,47.264144],[-91.311798,47.264266],[-91.311855,47.264332],[-91.311949,47.264499],[-91.311994,47.264659],[-91.312037,47.264709],[-91.31205,47.264845],[-91.31209,47.265036],[-91.311906,47.26517],[-91.311859,47.265191],[-91.311817,47.265193],[-91.311748,47.265224],[-91.311689,47.26519],[-91.311601,47.265168],[-91.311375,47.265143],[-91.311325,47.265149],[-91.311161,47.265244],[-91.311076,47.265266],[-91.310973,47.265306],[-91.310841,47.265388],[-91.310644,47.265468],[-91.310543,47.265461],[-91.31048,47.265485],[-91.310352,47.265515],[-91.310042,47.265607],[-91.309884,47.265668],[-91.309516,47.265943],[-91.309368,47.266032],[-91.309357,47.266036],[-91.309354,47.266026],[-91.30934,47.26603],[-91.309318,47.26608],[-91.309315,47.26601],[-91.309325,47.266063],[-91.30929,47.266064],[-91.309117,47.266106],[-91.309087,47.266089],[-91.309086,47.266115],[-91.309115,47.266126],[-91.309126,47.266118],[-91.309081,47.266106],[-91.309079,47.266101],[-91.309066,47.266126],[-91.309068,47.266087],[-91.309111,47.266107],[-91.309134,47.266092],[-91.309219,47.26608],[-91.309208,47.266106],[-91.309196,47.26629],[-91.309195,47.266476],[-91.309247,47.266689],[-91.309314,47.266866],[-91.309311,47.267045],[-91.309277,47.267178],[-91.309284,47.267372],[-91.309351,47.267735],[-91.309479,47.267854],[-91.309584,47.267906],[-91.309847,47.267996],[-91.310234,47.268265],[-91.310339,47.268348],[-91.310694,47.268458],[-91.310928,47.268563],[-91.311085,47.268713],[-91.311241,47.268889],[-91.311351,47.269077],[-91.311532,47.269324],[-91.311591,47.269594],[-91.31157,47.269696],[-91.311507,47.269789],[-91.311436,47.269862],[-91.311198,47.270059],[-91.310815,47.270343],[-91.310553,47.270431],[-91.310433,47.270484],[-91.310402,47.270473],[-91.310377,47.270493],[-91.310361,47.27048],[-91.310303,47.270338],[-91.310249,47.27028],[-91.31015,47.27009],[-91.310057,47.269988],[-91.31,47.269969],[-91.309944,47.269908],[-91.309932,47.269818],[-91.309885,47.269636],[-91.309752,47.269461],[-91.309716,47.269385],[-91.309567,47.269198],[-91.309527,47.269182],[-91.309447,47.269068],[-91.309384,47.269028],[-91.309358,47.269029],[-91.309305,47.269],[-91.309076,47.268947],[-91.30888,47.268868],[-91.308778,47.268849],[-91.308689,47.268843],[-91.308552,47.268809],[-91.308456,47.268747],[-91.308391,47.268751],[-91.308197,47.268723],[-91.30808,47.268608],[-91.307975,47.268606],[-91.307926,47.268564],[-91.307865,47.268476],[-91.307739,47.2684],[-91.307707,47.268367],[-91.307688,47.268295],[-91.307618,47.26825],[-91.307528,47.268238],[-91.307362,47.268141],[-91.307336,47.268114],[-91.307232,47.268071],[-91.30721,47.268046],[-91.307106,47.267973],[-91.306897,47.267869],[-91.306773,47.267779],[-91.306658,47.267744],[-91.306575,47.2677],[-91.306435,47.267682],[-91.30633,47.267641],[-91.306205,47.267609],[-91.306177,47.267583],[-91.305927,47.267569],[-91.305855,47.267605],[-91.305822,47.267613],[-91.305738,47.267565],[-91.305661,47.267583],[-91.305563,47.267585],[-91.305446,47.267556],[-91.305359,47.267564],[-91.305251,47.26759],[-91.304972,47.267634],[-91.304819,47.267636],[-91.304752,47.267655],[-91.304593,47.267664],[-91.304115,47.267592],[-91.304055,47.267596],[-91.303971,47.267575],[-91.303877,47.267584],[-91.30381,47.267566],[-91.303749,47.267531],[-91.303354,47.267495],[-91.303065,47.267503],[-91.302804,47.267578],[-91.302537,47.267547],[-91.302323,47.267609],[-91.302181,47.267607],[-91.302062,47.267594],[-91.301992,47.267609],[-91.301978,47.267624],[-91.301895,47.267616],[-91.301887,47.267621],[-91.301885,47.267614],[-91.301841,47.267601],[-91.301769,47.267595],[-91.30171,47.267567],[-91.301683,47.267491],[-91.30163,47.267493],[-91.30147,47.26752],[-91.301427,47.267484],[-91.301354,47.267463],[-91.301251,47.267417],[-91.301145,47.267442],[-91.301055,47.267425],[-91.301036,47.267445],[-91.301013,47.267433],[-91.300957,47.267436],[-91.300876,47.267465],[-91.30078,47.267524],[-91.300672,47.267515],[-91.300442,47.267549],[-91.300395,47.267515],[-91.300172,47.267558],[-91.299805,47.267483],[-91.299667,47.26754],[-91.299623,47.267542],[-91.299518,47.267452],[-91.299474,47.267472],[-91.29945,47.267455],[-91.299286,47.267478],[-91.299215,47.267452],[-91.299199,47.267455],[-91.299128,47.267512],[-91.299107,47.267517],[-91.299062,47.267494],[-91.299025,47.267495],[-91.29887,47.267418],[-91.298849,47.267415],[-91.298808,47.26737],[-91.298761,47.267365],[-91.298447,47.26744],[-91.298355,47.267442],[-91.298341,47.267435],[-91.298249,47.267516],[-91.298238,47.267552],[-91.298183,47.267557],[-91.29793,47.267794],[-91.297815,47.267868],[-91.297791,47.267904],[-91.297791,47.267941],[-91.297765,47.267971],[-91.297709,47.268082],[-91.297635,47.268187],[-91.297591,47.268276],[-91.297543,47.268298],[-91.297509,47.268375],[-91.297505,47.268416],[-91.297441,47.268487],[-91.297345,47.268538],[-91.297258,47.268604],[-91.297198,47.268672],[-91.297016,47.268817],[-91.296972,47.268836],[-91.296896,47.268838],[-91.296751,47.268883],[-91.296712,47.268929],[-91.296705,47.268941],[-91.296721,47.269144],[-91.296705,47.269175],[-91.296547,47.269261],[-91.296483,47.269542],[-91.296444,47.269579],[-91.296382,47.269602],[-91.296354,47.269648],[-91.296292,47.26969],[-91.296099,47.269674],[-91.296009,47.269691],[-91.29599,47.269732],[-91.295867,47.269891],[-91.295911,47.270062],[-91.295854,47.270013],[-91.295833,47.270012],[-91.295804,47.270033],[-91.295764,47.270085],[-91.295755,47.270143],[-91.295729,47.270176],[-91.295641,47.270093],[-91.295574,47.270088],[-91.295524,47.270129],[-91.295432,47.270158],[-91.295256,47.27014],[-91.29497,47.270134],[-91.294941,47.270139],[-91.294758,47.270268],[-91.294512,47.270366],[-91.294411,47.270416],[-91.294361,47.270414],[-91.294194,47.270482],[-91.294172,47.270574],[-91.2941,47.270621],[-91.294034,47.270744],[-91.293922,47.270795],[-91.293835,47.270812],[-91.293749,47.270904],[-91.293578,47.27105],[-91.293578,47.271068],[-91.293819,47.271209],[-91.293954,47.271257],[-91.293906,47.271352],[-91.294046,47.271516],[-91.29416,47.271698],[-91.294182,47.271783],[-91.29418,47.271933],[-91.294207,47.27196],[-91.294259,47.271961],[-91.294285,47.271977],[-91.294318,47.27202],[-91.294326,47.272054],[-91.294342,47.272051],[-91.294367,47.272062],[-91.294393,47.272111],[-91.294341,47.27221],[-91.294363,47.272275],[-91.294373,47.272356],[-91.29437,47.272445],[-91.294379,47.27248],[-91.294358,47.272554],[-91.294363,47.272583],[-91.294386,47.272597],[-91.294404,47.272591],[-91.294461,47.272525],[-91.294508,47.272507],[-91.29452,47.272584],[-91.294578,47.272588],[-91.294636,47.27258],[-91.294717,47.272599],[-91.294799,47.272589],[-91.294833,47.272607],[-91.294883,47.272673],[-91.294991,47.272727],[-91.295019,47.272728],[-91.295101,47.272705],[-91.295201,47.272762],[-91.295247,47.272829],[-91.295304,47.272844],[-91.295362,47.272924],[-91.295375,47.272958],[-91.295424,47.272986],[-91.295478,47.272994],[-91.295498,47.273006],[-91.295513,47.27305],[-91.295577,47.27306],[-91.295599,47.273076],[-91.295617,47.273076],[-91.295698,47.273128],[-91.295741,47.27322],[-91.29574,47.273237],[-91.295805,47.273286],[-91.295797,47.273436],[-91.295832,47.273477],[-91.295886,47.273502],[-91.295914,47.273505],[-91.296051,47.273422],[-91.296087,47.273412],[-91.296117,47.273414],[-91.296306,47.273359],[-91.296327,47.273366],[-91.296461,47.273278],[-91.296615,47.273238],[-91.296879,47.273196],[-91.297003,47.27319],[-91.29702,47.273214],[-91.297121,47.273201],[-91.297186,47.273177],[-91.297233,47.273188],[-91.29729,47.273259],[-91.297334,47.273349],[-91.2973,47.273522],[-91.297308,47.27355],[-91.297363,47.273595],[-91.297386,47.273629],[-91.297428,47.27365],[-91.297473,47.27373],[-91.297448,47.273796],[-91.297551,47.274038],[-91.297546,47.274073],[-91.297603,47.274097],[-91.297654,47.274144],[-91.297775,47.274218],[-91.297791,47.274267],[-91.297849,47.274292],[-91.297873,47.274326],[-91.297928,47.274346],[-91.298015,47.274397],[-91.298072,47.274403],[-91.298113,47.274425],[-91.298153,47.274462],[-91.298236,47.274479],[-91.298312,47.274526],[-91.298466,47.274581],[-91.298492,47.274661],[-91.298616,47.274739],[-91.298637,47.274795],[-91.298665,47.274979],[-91.298662,47.275042],[-91.298694,47.275076],[-91.298688,47.275109],[-91.298662,47.275177],[-91.298468,47.275366],[-91.298387,47.275484],[-91.298249,47.27565],[-91.298137,47.275828],[-91.298071,47.275906],[-91.297879,47.27601],[-91.297597,47.276037],[-91.29733,47.276109],[-91.297196,47.276212],[-91.297182,47.276208],[-91.297037,47.276239],[-91.296995,47.276233],[-91.29691,47.27625],[-91.296789,47.276299],[-91.296738,47.276283],[-91.296533,47.276271],[-91.296484,47.27626],[-91.296364,47.276281],[-91.296221,47.276344],[-91.296133,47.276335],[-91.296063,47.276344],[-91.296015,47.276368],[-91.295893,47.276482],[-91.295757,47.276798],[-91.295746,47.276878],[-91.29567,47.277101],[-91.295591,47.277226],[-91.295564,47.277303],[-91.295427,47.277406],[-91.295386,47.277449],[-91.295334,47.277589],[-91.295341,47.277595],[-91.295237,47.277828],[-91.295249,47.277902],[-91.29522,47.277949],[-91.295052,47.278097],[-91.294861,47.27824],[-91.294598,47.278311],[-91.294382,47.278423],[-91.294344,47.278431],[-91.294284,47.278411],[-91.294245,47.278407],[-91.294172,47.278475],[-91.294154,47.278523],[-91.294164,47.278558],[-91.294197,47.27855],[-91.294213,47.278557],[-91.294242,47.278591],[-91.294305,47.278631],[-91.294349,47.278646],[-91.294347,47.278716],[-91.294327,47.278803],[-91.294231,47.278975],[-91.294155,47.279067],[-91.294151,47.279117],[-91.293988,47.279365],[-91.293937,47.27943],[-91.293834,47.27948],[-91.293718,47.279689],[-91.293718,47.279722],[-91.293674,47.279817],[-91.293589,47.279885],[-91.293601,47.279979],[-91.29368,47.280064],[-91.293703,47.280107],[-91.293621,47.280268],[-91.293542,47.280347],[-91.293286,47.280566],[-91.293258,47.280579],[-91.293077,47.280607],[-91.292693,47.280743],[-91.292444,47.280814],[-91.292313,47.280883],[-91.292237,47.280906],[-91.292123,47.280909],[-91.292053,47.280946],[-91.291906,47.28099],[-91.291773,47.281084],[-91.291666,47.281198],[-91.291614,47.28123],[-91.291511,47.281252],[-91.291484,47.281297],[-91.291476,47.281348],[-91.291492,47.281394],[-91.291483,47.281486],[-91.2915,47.281574],[-91.291288,47.281941],[-91.291278,47.282063],[-91.291242,47.282145],[-91.291188,47.282208],[-91.291193,47.282241],[-91.291209,47.282255],[-91.291198,47.282307],[-91.29122,47.282328],[-91.291219,47.282347],[-91.29114,47.28259],[-91.291138,47.282649],[-91.291172,47.282689],[-91.291171,47.282741],[-91.291094,47.282859],[-91.291055,47.28297],[-91.290985,47.283063],[-91.290942,47.283096],[-91.29091,47.283158],[-91.290861,47.283216],[-91.290844,47.283275],[-91.290759,47.283457],[-91.290778,47.283504],[-91.2909,47.283676],[-91.291017,47.283746],[-91.291079,47.28377],[-91.291178,47.283791],[-91.291342,47.283878],[-91.29164,47.283842],[-91.29173,47.283871],[-91.291811,47.283871],[-91.291899,47.283857],[-91.291958,47.283827],[-91.292019,47.28382],[-91.292174,47.28382],[-91.292338,47.283841],[-91.29247,47.283904],[-91.29263,47.284009],[-91.292716,47.284016],[-91.293076,47.283932],[-91.293334,47.283889],[-91.293396,47.283909],[-91.293435,47.283933],[-91.29349,47.283991],[-91.293585,47.284063],[-91.293637,47.284138],[-91.293715,47.284211],[-91.29381,47.284326],[-91.293844,47.284339],[-91.293979,47.28431],[-91.294008,47.28429],[-91.294082,47.284317],[-91.294151,47.284355],[-91.294202,47.284402],[-91.294239,47.284469],[-91.294315,47.28454],[-91.294398,47.284581],[-91.294501,47.284607],[-91.294514,47.284656],[-91.294557,47.284716],[-91.294708,47.284812],[-91.294731,47.284815],[-91.294801,47.284856],[-91.294826,47.28488],[-91.294929,47.284925],[-91.29501,47.284975],[-91.295046,47.285009],[-91.295085,47.285144],[-91.295195,47.285234],[-91.29523,47.285345],[-91.295249,47.285364],[-91.295365,47.285401],[-91.295513,47.285362],[-91.295679,47.285212],[-91.29575,47.285167],[-91.295769,47.285141],[-91.295817,47.285126],[-91.295847,47.285101],[-91.295977,47.284894],[-91.295962,47.284858],[-91.295957,47.284767],[-91.295916,47.284703],[-91.295833,47.284649],[-91.295801,47.284615],[-91.295926,47.28442],[-91.296016,47.284338],[-91.296056,47.284348],[-91.296105,47.284383],[-91.296145,47.284395],[-91.296167,47.284421],[-91.296191,47.284419],[-91.296242,47.284432],[-91.296312,47.284372],[-91.296382,47.28441],[-91.296451,47.284394],[-91.296505,47.284408],[-91.296577,47.284405],[-91.296618,47.28443],[-91.296682,47.284439],[-91.296691,47.284448],[-91.296759,47.284463],[-91.296809,47.284494],[-91.296837,47.284523],[-91.296837,47.284544],[-91.29693,47.284661],[-91.297014,47.284698],[-91.297157,47.28474],[-91.297404,47.284777],[-91.297432,47.284775],[-91.297588,47.284804],[-91.297759,47.284787],[-91.297836,47.284749],[-91.297894,47.284757],[-91.298149,47.284861],[-91.29817,47.284861],[-91.298237,47.284824],[-91.298263,47.284823],[-91.2983,47.284775],[-91.298359,47.28474],[-91.298405,47.284738],[-91.298453,47.284772],[-91.298532,47.284799],[-91.298543,47.284865],[-91.298585,47.284898],[-91.298674,47.284942],[-91.298727,47.28495],[-91.298786,47.284929],[-91.298902,47.284938],[-91.299069,47.285014],[-91.299148,47.285037],[-91.299236,47.28504],[-91.299359,47.28501],[-91.299409,47.285031],[-91.299506,47.28502],[-91.299602,47.285038],[-91.2997,47.28503],[-91.299866,47.284994],[-91.300206,47.285055],[-91.300308,47.285085],[-91.300393,47.285126],[-91.300638,47.285124],[-91.300833,47.285162],[-91.301064,47.285121],[-91.301324,47.285137],[-91.301396,47.285154],[-91.301508,47.285211],[-91.301683,47.28523],[-91.30177,47.285184],[-91.301827,47.285168],[-91.301872,47.285168],[-91.30195,47.285184],[-91.30211,47.285239],[-91.302198,47.28531],[-91.302314,47.285453],[-91.302444,47.285447],[-91.302552,47.285415],[-91.30264,47.285444],[-91.302908,47.28549],[-91.303084,47.285432],[-91.303148,47.2854],[-91.303199,47.285323],[-91.303295,47.285287],[-91.303433,47.285283],[-91.303682,47.285336],[-91.303921,47.285413],[-91.303986,47.285458],[-91.304083,47.285593],[-91.304121,47.285627],[-91.304332,47.285762],[-91.304348,47.285781],[-91.30441,47.285878],[-91.304405,47.285975],[-91.30451,47.286136],[-91.304501,47.286179],[-91.304448,47.286237],[-91.30445,47.286252],[-91.304533,47.286316],[-91.30457,47.286317],[-91.304573,47.286341],[-91.304544,47.28639],[-91.304471,47.28643],[-91.304484,47.286491],[-91.304516,47.286516],[-91.304562,47.286525],[-91.304657,47.286569],[-91.304709,47.286617],[-91.304739,47.28663],[-91.304876,47.286682],[-91.304976,47.286688],[-91.305098,47.286728],[-91.305139,47.286792],[-91.305081,47.286856],[-91.3051,47.286928],[-91.305174,47.287024],[-91.305198,47.287086],[-91.305228,47.287109],[-91.305372,47.287177],[-91.305391,47.287177],[-91.305424,47.287205],[-91.305495,47.287321],[-91.305609,47.287387],[-91.305703,47.287411],[-91.305723,47.287438],[-91.305725,47.287459],[-91.30578,47.287481],[-91.30578,47.287496],[-91.305742,47.287542],[-91.30568,47.287574],[-91.305667,47.287595],[-91.3056,47.287635],[-91.305532,47.287714],[-91.305459,47.287747],[-91.305437,47.287834],[-91.305397,47.287901],[-91.305405,47.287925],[-91.305388,47.288029],[-91.305391,47.288141],[-91.305476,47.288241],[-91.305466,47.288297],[-91.305489,47.288367],[-91.305416,47.288542],[-91.305338,47.288595],[-91.305297,47.28864],[-91.305248,47.288761],[-91.305283,47.288939],[-91.305285,47.289084],[-91.305094,47.289223],[-91.304744,47.289333],[-91.304611,47.289396],[-91.30449,47.289518],[-91.304416,47.289557],[-91.304403,47.289576],[-91.304314,47.28963],[-91.304299,47.289649],[-91.304248,47.289759],[-91.304253,47.289793],[-91.304313,47.289885],[-91.30432,47.289995],[-91.304166,47.29012],[-91.304127,47.290218],[-91.304139,47.290262],[-91.304226,47.290419],[-91.304262,47.290449],[-91.304297,47.290508],[-91.304293,47.290562],[-91.304316,47.290591],[-91.304307,47.290674],[-91.304296,47.290706],[-91.304243,47.290768],[-91.304106,47.29085],[-91.304016,47.29085],[-91.303757,47.290898],[-91.303709,47.290925],[-91.303471,47.291023],[-91.303021,47.291149],[-91.302796,47.291169],[-91.302427,47.291264],[-91.302278,47.29132],[-91.302088,47.291375],[-91.301735,47.291453],[-91.301555,47.291428],[-91.301392,47.291442],[-91.300808,47.2914],[-91.300698,47.291367],[-91.300482,47.291352],[-91.300344,47.291334],[-91.30014,47.29128],[-91.299911,47.291252],[-91.299817,47.291256],[-91.299666,47.291215],[-91.299626,47.291216],[-91.299554,47.291243],[-91.299511,47.291246],[-91.29938,47.291223],[-91.299282,47.291216],[-91.298992,47.291124],[-91.298834,47.291091],[-91.298656,47.291092],[-91.298589,47.291084],[-91.298491,47.291097],[-91.298231,47.291085],[-91.29815,47.291057],[-91.298023,47.291052],[-91.297905,47.29109],[-91.297844,47.291131],[-91.297841,47.29117],[-91.297785,47.291228],[-91.297678,47.291416],[-91.297613,47.291429],[-91.297582,47.291506],[-91.297599,47.291542],[-91.297593,47.291566],[-91.29749,47.291813],[-91.297302,47.291965],[-91.29724,47.292094],[-91.297186,47.292274],[-91.297111,47.292447],[-91.297117,47.292531],[-91.296901,47.292825],[-91.296859,47.292935],[-91.296853,47.292994],[-91.296822,47.293051],[-91.296748,47.293115],[-91.296735,47.293147],[-91.296631,47.29326],[-91.296447,47.293407],[-91.296412,47.293422],[-91.296107,47.293498],[-91.295963,47.293548],[-91.295559,47.293717],[-91.295473,47.29374],[-91.295226,47.293829],[-91.294819,47.293997],[-91.294701,47.294009],[-91.294489,47.293957],[-91.294354,47.293955],[-91.294231,47.293921],[-91.294121,47.293902],[-91.29398,47.293881],[-91.293804,47.293875],[-91.293573,47.293956],[-91.293528,47.294034],[-91.293598,47.294121],[-91.293545,47.294252],[-91.293555,47.294324],[-91.293482,47.294456],[-91.293509,47.294577],[-91.29349,47.294655],[-91.293466,47.294688],[-91.293379,47.294722],[-91.293292,47.294787],[-91.293255,47.294828],[-91.293157,47.294895],[-91.292949,47.295099],[-91.292883,47.2952],[-91.292655,47.295413],[-91.292432,47.295453],[-91.29232,47.295506],[-91.292255,47.295596],[-91.292163,47.295659],[-91.291929,47.295706],[-91.291756,47.295716],[-91.291627,47.295698],[-91.291551,47.295726],[-91.291442,47.29574],[-91.291387,47.295765],[-91.291299,47.295765],[-91.291277,47.295805],[-91.291268,47.295936],[-91.291207,47.29622],[-91.290986,47.296337],[-91.290655,47.296402],[-91.290548,47.296391],[-91.290459,47.296402],[-91.290399,47.296419],[-91.290376,47.296474],[-91.290291,47.296501],[-91.290239,47.29651],[-91.290193,47.296506],[-91.289858,47.296566],[-91.289707,47.296538],[-91.28964,47.296555],[-91.289294,47.296568],[-91.28893,47.296656],[-91.288889,47.296673],[-91.288725,47.296665],[-91.288594,47.296647],[-91.288473,47.296655],[-91.288312,47.296707],[-91.288119,47.296754],[-91.288011,47.296792],[-91.287923,47.296829],[-91.287841,47.296926],[-91.287716,47.297002],[-91.28769,47.297062],[-91.287474,47.297291],[-91.287437,47.297372],[-91.287427,47.297477],[-91.287461,47.297636],[-91.287526,47.297733],[-91.287585,47.297853],[-91.287605,47.297927],[-91.287633,47.297933],[-91.28763,47.298108],[-91.287646,47.298131],[-91.287669,47.298422],[-91.287652,47.298554],[-91.287669,47.298636],[-91.287743,47.298722],[-91.287903,47.298996],[-91.287912,47.299047],[-91.287961,47.299112],[-91.287952,47.299253],[-91.287962,47.299281],[-91.287952,47.299383],[-91.287961,47.299446],[-91.288103,47.299634],[-91.288157,47.299668],[-91.288228,47.299755],[-91.288279,47.299971],[-91.288405,47.300168],[-91.288397,47.300199],[-91.288443,47.300313],[-91.288485,47.300373],[-91.288545,47.300389],[-91.28858,47.300389],[-91.288768,47.300445],[-91.288976,47.300465],[-91.289025,47.300488],[-91.289052,47.300489],[-91.289098,47.300515],[-91.289129,47.300573],[-91.289174,47.30061],[-91.289238,47.300612],[-91.289357,47.30057],[-91.289383,47.300592],[-91.289423,47.300588],[-91.289464,47.300607],[-91.289504,47.30064],[-91.28955,47.30064],[-91.289654,47.300624],[-91.289774,47.30059],[-91.28983,47.300634],[-91.289953,47.30076],[-91.290055,47.300783],[-91.290196,47.300828],[-91.290374,47.300844],[-91.290545,47.300811],[-91.29075,47.300756],[-91.290759,47.300714],[-91.290732,47.300651],[-91.290872,47.300471],[-91.290878,47.300426],[-91.290889,47.300414],[-91.291063,47.300376],[-91.29115,47.30043],[-91.291176,47.300432],[-91.291249,47.300485],[-91.291395,47.300525],[-91.291479,47.300506],[-91.291621,47.300437],[-91.291766,47.300382],[-91.292011,47.300336],[-91.292128,47.300393],[-91.292249,47.300411],[-91.292386,47.300321],[-91.292486,47.300279],[-91.292616,47.300245],[-91.292728,47.300132],[-91.292822,47.300061],[-91.293118,47.300059],[-91.293181,47.300046],[-91.293443,47.300046],[-91.293647,47.300096],[-91.293774,47.300073],[-91.293831,47.300085],[-91.293998,47.300239],[-91.294155,47.300324],[-91.294209,47.300374],[-91.29429,47.300418],[-91.294333,47.300452],[-91.29445,47.300471],[-91.294641,47.30053],[-91.294685,47.300525],[-91.294816,47.300546],[-91.294977,47.300597],[-91.295039,47.300594],[-91.295132,47.300608],[-91.295165,47.300603],[-91.295205,47.300568],[-91.295272,47.300534],[-91.295287,47.300537],[-91.295404,47.300646],[-91.295545,47.300812],[-91.295528,47.300911],[-91.29544,47.300934],[-91.295204,47.301039],[-91.295148,47.30102],[-91.294954,47.301021],[-91.294775,47.301001],[-91.294725,47.301017],[-91.294607,47.30097],[-91.294471,47.300959],[-91.294323,47.300998],[-91.29424,47.301],[-91.29418,47.301016],[-91.294159,47.301044],[-91.294061,47.301078],[-91.293989,47.301118],[-91.293906,47.301147],[-91.293839,47.3012],[-91.293661,47.30125],[-91.293514,47.301354],[-91.293471,47.301404],[-91.293486,47.30145],[-91.293461,47.301506],[-91.293492,47.301601],[-91.293407,47.301658],[-91.293288,47.301686],[-91.293213,47.301694],[-91.292935,47.30167],[-91.292859,47.301679],[-91.292807,47.301658],[-91.292731,47.301644],[-91.292695,47.301658],[-91.292525,47.30167],[-91.292412,47.301689],[-91.292375,47.301718],[-91.292331,47.301727],[-91.292295,47.301732],[-91.292247,47.301715],[-91.292227,47.30172],[-91.292223,47.30175],[-91.292241,47.30181],[-91.292205,47.301835],[-91.292081,47.301832],[-91.291955,47.301843],[-91.291798,47.301834],[-91.291563,47.301861],[-91.291429,47.301885],[-91.291369,47.301878],[-91.291211,47.301883],[-91.290928,47.301979],[-91.290795,47.302076],[-91.290482,47.302164],[-91.290271,47.302171],[-91.290114,47.302214],[-91.28998,47.302218],[-91.289859,47.302282],[-91.2896,47.302346],[-91.289494,47.302423],[-91.289478,47.302565],[-91.28946,47.302601],[-91.289473,47.302741],[-91.289566,47.302846],[-91.289686,47.302949],[-91.289868,47.303053],[-91.290014,47.303154],[-91.290113,47.30318],[-91.290181,47.303232],[-91.290407,47.303293],[-91.290506,47.303299],[-91.290539,47.303299],[-91.290582,47.303286],[-91.290661,47.303247],[-91.290748,47.303241],[-91.291048,47.303113],[-91.291336,47.303072],[-91.29162,47.303068],[-91.291741,47.303101],[-91.291781,47.303132],[-91.292155,47.303203],[-91.292181,47.303215],[-91.292395,47.303214],[-91.292484,47.303206],[-91.292891,47.3031],[-91.293275,47.303091],[-91.293332,47.303081],[-91.293388,47.303049],[-91.293462,47.303029],[-91.293529,47.302995],[-91.293582,47.302992],[-91.293883,47.303031],[-91.294179,47.303134],[-91.294205,47.303131],[-91.294413,47.303051],[-91.294547,47.303025],[-91.294595,47.303042],[-91.294744,47.303212],[-91.294845,47.303376],[-91.295085,47.303524],[-91.295146,47.303542],[-91.295322,47.303692],[-91.295404,47.303707],[-91.295634,47.30377],[-91.295678,47.303792],[-91.295785,47.3039],[-91.29583,47.30391],[-91.295923,47.303867],[-91.296018,47.303838],[-91.296055,47.303835],[-91.296187,47.303854],[-91.29632,47.303819],[-91.296465,47.303739],[-91.296518,47.303725],[-91.296626,47.303675],[-91.296699,47.303627],[-91.296776,47.303598],[-91.296847,47.303591],[-91.296912,47.303609],[-91.297147,47.303562],[-91.297396,47.3037],[-91.297432,47.303709],[-91.297605,47.30379],[-91.297767,47.30404],[-91.297716,47.304217],[-91.297678,47.30426],[-91.297597,47.304323],[-91.297497,47.304328],[-91.297346,47.304379],[-91.297286,47.304385],[-91.297202,47.30444],[-91.296848,47.304596],[-91.29681,47.304633],[-91.296706,47.304676],[-91.29665,47.304724],[-91.296613,47.304742],[-91.296604,47.304766],[-91.296605,47.304795],[-91.296628,47.304834],[-91.296635,47.304886],[-91.296655,47.304929],[-91.296694,47.304951],[-91.296754,47.304965],[-91.296903,47.305055],[-91.29704,47.305099],[-91.297297,47.305137],[-91.297406,47.305214],[-91.297446,47.305273],[-91.297576,47.305381],[-91.297648,47.305476],[-91.297709,47.305518],[-91.297825,47.305523],[-91.297866,47.30555],[-91.297942,47.305571],[-91.298066,47.305559],[-91.298179,47.305531],[-91.298444,47.30554],[-91.298588,47.305558],[-91.298614,47.305574],[-91.298711,47.305604],[-91.29879,47.305644],[-91.299083,47.305639],[-91.299307,47.305757],[-91.299437,47.305882],[-91.299564,47.305904],[-91.299591,47.305925],[-91.29969,47.305966],[-91.29979,47.305987],[-91.299836,47.306013],[-91.299912,47.306149],[-91.299954,47.306276],[-91.300002,47.306334],[-91.300223,47.306436],[-91.300354,47.306542],[-91.300379,47.306625],[-91.300161,47.306733],[-91.300093,47.306795],[-91.299986,47.306918],[-91.299729,47.306967],[-91.299615,47.307007],[-91.29945,47.307096],[-91.299184,47.307263],[-91.298931,47.307384],[-91.298601,47.307602],[-91.298438,47.307672],[-91.298224,47.307782],[-91.298121,47.307797],[-91.298029,47.30783],[-91.29798,47.307829],[-91.297947,47.307844],[-91.29788,47.307945],[-91.297752,47.308038],[-91.297701,47.308065],[-91.297639,47.308085],[-91.297394,47.308061],[-91.297345,47.308064],[-91.297285,47.308093],[-91.297019,47.308258],[-91.296769,47.308373],[-91.296655,47.308384],[-91.2966,47.308377],[-91.29618,47.308487],[-91.295951,47.308533],[-91.295856,47.308538],[-91.295704,47.308573],[-91.295686,47.30859],[-91.295688,47.308624],[-91.295649,47.308661],[-91.295706,47.30875],[-91.2958,47.308825],[-91.295859,47.308846],[-91.295898,47.308899],[-91.29594,47.308936],[-91.296035,47.308982],[-91.296129,47.309093],[-91.295928,47.309232],[-91.295819,47.309344],[-91.295719,47.309408],[-91.295481,47.30952],[-91.295388,47.309582],[-91.295325,47.309664],[-91.295119,47.309749],[-91.295038,47.309757],[-91.294921,47.309833],[-91.294657,47.309892],[-91.29442,47.309923],[-91.294158,47.310001],[-91.294056,47.31],[-91.293984,47.310011],[-91.293954,47.310056],[-91.293286,47.310409],[-91.293251,47.310407],[-91.293096,47.310338],[-91.293023,47.310322],[-91.292901,47.310328],[-91.292877,47.310342],[-91.292821,47.310423],[-91.292664,47.31058],[-91.292522,47.310629],[-91.292315,47.310752],[-91.292268,47.31077],[-91.292052,47.310802],[-91.291773,47.310881],[-91.291671,47.310902],[-91.291397,47.310918],[-91.291285,47.310917],[-91.291246,47.310908],[-91.291085,47.310918],[-91.290974,47.31097],[-91.290707,47.311006],[-91.29066,47.310996],[-91.290551,47.311045],[-91.290457,47.31104],[-91.290382,47.311053],[-91.290342,47.311073],[-91.29033,47.311089],[-91.290096,47.311116],[-91.289923,47.31116],[-91.289839,47.311162],[-91.2898,47.311155],[-91.289718,47.311121],[-91.289612,47.311128],[-91.289557,47.311153],[-91.289437,47.311235],[-91.289333,47.311329],[-91.289259,47.311363],[-91.289145,47.311378],[-91.289118,47.311371],[-91.289035,47.311374],[-91.288831,47.311349],[-91.288751,47.31138],[-91.2887,47.311421],[-91.28866,47.311469],[-91.288631,47.311545],[-91.288635,47.311589],[-91.288872,47.311808],[-91.289006,47.31188],[-91.289064,47.311923],[-91.289086,47.311954],[-91.289092,47.312016],[-91.289089,47.31205],[-91.289053,47.312078],[-91.288973,47.312216],[-91.288899,47.312287],[-91.2889,47.312311],[-91.288859,47.312348],[-91.288826,47.312402],[-91.288708,47.312449],[-91.288673,47.312452],[-91.28853,47.312375],[-91.288315,47.312304],[-91.28828,47.312303],[-91.288154,47.312244],[-91.288056,47.312231],[-91.287865,47.312244],[-91.287698,47.312287],[-91.287613,47.312329],[-91.287582,47.312322],[-91.287514,47.312338],[-91.287351,47.31232],[-91.287289,47.312334],[-91.287237,47.312332],[-91.287147,47.312381],[-91.287122,47.31238],[-91.287117,47.312387],[-91.287207,47.31245],[-91.287221,47.312469],[-91.28728,47.312501],[-91.287412,47.312532],[-91.287551,47.312537],[-91.28757,47.312548],[-91.287589,47.312586],[-91.287726,47.312617],[-91.287803,47.312659],[-91.287804,47.312668],[-91.287819,47.312664],[-91.287816,47.312669],[-91.287637,47.312705],[-91.287581,47.312739],[-91.287563,47.312784],[-91.287529,47.312813],[-91.28748,47.312827],[-91.287396,47.312888],[-91.28733,47.31296],[-91.287317,47.313017],[-91.287274,47.313051],[-91.287274,47.313111],[-91.287251,47.313162],[-91.287254,47.3132],[-91.287232,47.313238],[-91.287232,47.313282],[-91.287257,47.313359],[-91.287245,47.31359],[-91.287277,47.313601],[-91.287285,47.313667],[-91.287224,47.313843],[-91.286992,47.314031],[-91.286965,47.314041],[-91.286796,47.314077],[-91.286731,47.314058],[-91.286693,47.314059],[-91.286583,47.314086],[-91.28646,47.314096],[-91.286357,47.314131],[-91.28623,47.314132],[-91.28617,47.314147],[-91.286038,47.314225],[-91.286008,47.314225],[-91.285928,47.314268],[-91.285824,47.314296],[-91.28566,47.314255],[-91.285642,47.314241],[-91.285416,47.31418],[-91.285393,47.31416],[-91.285352,47.314148],[-91.285175,47.314163],[-91.284944,47.31411],[-91.284828,47.314114],[-91.284721,47.31413],[-91.284556,47.314079],[-91.284452,47.314069],[-91.28433,47.314041],[-91.284035,47.31404],[-91.283902,47.314029],[-91.283834,47.314036],[-91.283749,47.314009],[-91.283652,47.314003],[-91.283599,47.313976],[-91.283529,47.313964],[-91.283319,47.31388],[-91.283268,47.313869],[-91.283056,47.313858],[-91.28293,47.313823],[-91.282886,47.3138],[-91.282692,47.313754],[-91.282631,47.313726],[-91.282587,47.313725],[-91.282379,47.313647],[-91.282211,47.313608],[-91.282127,47.313571],[-91.281947,47.31344],[-91.281868,47.313421],[-91.281746,47.313409],[-91.281725,47.313425],[-91.281672,47.313437],[-91.281615,47.313432],[-91.281573,47.313448],[-91.281511,47.313444],[-91.281421,47.313479],[-91.281482,47.313527],[-91.281532,47.313608],[-91.281542,47.313603],[-91.281537,47.313616],[-91.281569,47.313685],[-91.28157,47.313727],[-91.281558,47.313737],[-91.281519,47.313857],[-91.281445,47.313927],[-91.281348,47.313958],[-91.281313,47.313998],[-91.281361,47.31418],[-91.281363,47.314243],[-91.28125,47.31439],[-91.281092,47.314527],[-91.280806,47.314559],[-91.280535,47.314527],[-91.280408,47.314489],[-91.280176,47.314499],[-91.280154,47.314507],[-91.280029,47.314517],[-91.279965,47.314515],[-91.279842,47.314575],[-91.279815,47.314614],[-91.279712,47.314641],[-91.279653,47.314669],[-91.279606,47.314737],[-91.279558,47.31476],[-91.279394,47.314792],[-91.279323,47.314818],[-91.279194,47.314847],[-91.279091,47.314918],[-91.279036,47.314936],[-91.278873,47.315049],[-91.278828,47.315071],[-91.278634,47.315223],[-91.278552,47.31527],[-91.278524,47.315273],[-91.278479,47.315299],[-91.278343,47.315418],[-91.278326,47.315462],[-91.27829,47.315503],[-91.278183,47.315552],[-91.278101,47.315619],[-91.278057,47.315642],[-91.277916,47.315673],[-91.27771,47.315839],[-91.277646,47.315877],[-91.277538,47.315916],[-91.277475,47.315981],[-91.27732,47.316024],[-91.277116,47.316162],[-91.277047,47.316197],[-91.276942,47.316292],[-91.276735,47.316429],[-91.276521,47.316549],[-91.276434,47.316642],[-91.276347,47.316706],[-91.276264,47.31675],[-91.276091,47.316908],[-91.276004,47.317053],[-91.275973,47.317086],[-91.27595,47.317139],[-91.275691,47.317393],[-91.275681,47.317463],[-91.275711,47.317608],[-91.275692,47.317643],[-91.275475,47.317746],[-91.27544,47.317789],[-91.275424,47.317922],[-91.275424,47.318046],[-91.275341,47.318146],[-91.275284,47.318346],[-91.27523,47.318377],[-91.275062,47.31844],[-91.274895,47.318375],[-91.274779,47.318366],[-91.274755,47.318371],[-91.274727,47.318364],[-91.274666,47.318376],[-91.274629,47.318394],[-91.2746,47.318424],[-91.274596,47.318463],[-91.274547,47.318599],[-91.274478,47.318682],[-91.274433,47.318779],[-91.274447,47.318805],[-91.274439,47.318872],[-91.274416,47.318959],[-91.274381,47.319],[-91.274379,47.319042],[-91.274403,47.319078],[-91.274402,47.319104],[-91.274434,47.319129],[-91.27444,47.319148],[-91.274388,47.31919],[-91.274226,47.319199],[-91.274133,47.319232],[-91.274117,47.319247],[-91.273776,47.319314],[-91.273716,47.319335],[-91.273637,47.319346],[-91.27362,47.319357],[-91.273329,47.319394],[-91.27324,47.319422],[-91.273055,47.319531],[-91.27298,47.319552],[-91.272879,47.319599],[-91.272857,47.319593],[-91.272822,47.319602],[-91.27266,47.319722],[-91.272595,47.319734],[-91.272474,47.319776],[-91.272159,47.319805],[-91.271871,47.319817],[-91.271598,47.319819],[-91.271355,47.319759],[-91.271198,47.319683],[-91.271149,47.319674],[-91.271119,47.319657],[-91.271022,47.319628],[-91.270946,47.319615],[-91.270913,47.31962],[-91.270856,47.3196],[-91.270822,47.319543],[-91.270689,47.319461],[-91.270557,47.319467],[-91.270327,47.319385],[-91.270225,47.31933],[-91.270152,47.319311],[-91.270016,47.319301],[-91.269764,47.31934],[-91.269486,47.319352],[-91.269295,47.319356],[-91.269204,47.319344],[-91.269091,47.319345],[-91.269014,47.319358],[-91.268927,47.319354],[-91.268831,47.319361],[-91.26851,47.319337],[-91.268438,47.319357],[-91.268379,47.31943],[-91.268308,47.319476],[-91.268288,47.319569],[-91.26826,47.31962],[-91.268228,47.319659],[-91.268093,47.31977],[-91.267997,47.319929],[-91.267951,47.31994],[-91.267853,47.319991],[-91.2678,47.320062],[-91.267694,47.320108],[-91.267685,47.320119],[-91.26762,47.320252],[-91.267643,47.320437],[-91.267631,47.320497],[-91.267406,47.320718],[-91.267352,47.320797],[-91.267272,47.320841],[-91.267225,47.32104],[-91.267156,47.321223],[-91.267107,47.32127],[-91.267095,47.321298],[-91.266973,47.321378],[-91.266939,47.321417],[-91.266923,47.321621],[-91.266914,47.321635],[-91.266929,47.321683],[-91.266945,47.321692],[-91.266957,47.321751],[-91.266997,47.321805],[-91.267017,47.321947],[-91.267043,47.321996],[-91.267111,47.322095],[-91.267224,47.322175],[-91.267259,47.322219],[-91.267346,47.322297],[-91.267489,47.322332],[-91.267511,47.322351],[-91.267606,47.322538],[-91.267749,47.322693],[-91.26777,47.322753],[-91.267762,47.322821],[-91.267779,47.322904],[-91.267781,47.322967],[-91.267735,47.322986],[-91.267647,47.323043],[-91.267586,47.323105],[-91.267554,47.323194],[-91.26751,47.323263],[-91.267451,47.323288],[-91.267423,47.32331],[-91.267294,47.323508],[-91.267266,47.323528],[-91.267237,47.323528],[-91.26721,47.323676],[-91.26716,47.323723],[-91.267135,47.323809],[-91.267135,47.323855],[-91.267069,47.324004],[-91.267079,47.324167],[-91.267024,47.324197],[-91.266937,47.324195],[-91.266783,47.324176],[-91.266724,47.324217],[-91.266486,47.324287],[-91.266437,47.32432],[-91.266425,47.324459],[-91.266365,47.324533],[-91.26637,47.324701],[-91.266357,47.324737],[-91.266331,47.32475],[-91.266314,47.324777],[-91.266293,47.324834],[-91.26621,47.324882],[-91.266091,47.324929],[-91.266019,47.324947],[-91.265988,47.324967],[-91.265905,47.324978],[-91.26586,47.324998],[-91.265705,47.325027],[-91.26563,47.325053],[-91.265609,47.325124],[-91.265612,47.325171],[-91.265649,47.325257],[-91.26561,47.325376],[-91.265635,47.325419],[-91.265616,47.325438],[-91.265603,47.325423],[-91.265567,47.325411],[-91.265471,47.325467],[-91.265397,47.32558],[-91.265336,47.325638],[-91.265295,47.325748],[-91.265092,47.32581],[-91.26494,47.325836],[-91.26483,47.325905],[-91.264802,47.325962],[-91.264789,47.325953],[-91.264733,47.325981],[-91.264679,47.32599],[-91.264665,47.326035],[-91.264612,47.326111],[-91.264566,47.326162],[-91.264492,47.32622],[-91.26436,47.326255],[-91.264241,47.326255],[-91.263989,47.326227],[-91.263708,47.32615],[-91.263388,47.326207],[-91.263104,47.32622],[-91.262859,47.326163],[-91.262849,47.326238],[-91.262822,47.326291],[-91.262743,47.326349],[-91.262651,47.326312],[-91.262536,47.326323],[-91.262496,47.326358],[-91.262235,47.326379],[-91.262127,47.326436],[-91.262108,47.326434],[-91.262044,47.326468],[-91.262011,47.326458],[-91.261906,47.326462],[-91.261766,47.326495],[-91.261737,47.326511],[-91.26164,47.326488],[-91.261506,47.326518],[-91.261435,47.326597],[-91.261377,47.326594],[-91.26136,47.326611],[-91.261339,47.326599],[-91.261304,47.326616],[-91.261294,47.326642],[-91.261257,47.326666],[-91.261225,47.326671],[-91.261068,47.326762],[-91.260959,47.326778],[-91.260901,47.326876],[-91.260836,47.326927],[-91.260791,47.326988],[-91.260754,47.326997],[-91.260709,47.327023],[-91.260605,47.327117],[-91.260565,47.327129],[-91.260443,47.327321],[-91.260426,47.327328],[-91.260426,47.327358],[-91.260401,47.327429],[-91.260409,47.327466],[-91.260383,47.327688],[-91.260348,47.327773],[-91.260337,47.328007],[-91.260282,47.328163],[-91.260255,47.328192],[-91.26024,47.328247],[-91.260152,47.328291],[-91.260108,47.328303],[-91.259979,47.328445],[-91.259887,47.328523],[-91.259717,47.328564],[-91.259593,47.328554],[-91.259524,47.328563],[-91.259479,47.328605],[-91.259445,47.328614],[-91.259324,47.328613],[-91.259213,47.328645],[-91.259193,47.328626],[-91.259124,47.328636],[-91.259083,47.328684],[-91.259036,47.328776],[-91.259008,47.328786],[-91.258932,47.328743],[-91.258791,47.328794],[-91.258762,47.328837],[-91.258728,47.328848],[-91.258693,47.328844],[-91.258665,47.328854],[-91.258614,47.328918],[-91.258431,47.328948],[-91.258406,47.328937],[-91.258336,47.328992],[-91.258247,47.32904],[-91.258197,47.329037],[-91.258005,47.329103],[-91.257943,47.329149],[-91.257885,47.329137],[-91.257842,47.329161],[-91.257811,47.329162],[-91.257798,47.32917],[-91.257743,47.32917],[-91.257667,47.329143],[-91.257617,47.329154],[-91.25759,47.329148],[-91.257455,47.329218],[-91.257439,47.329236],[-91.257379,47.329248],[-91.257282,47.32931],[-91.257235,47.329354],[-91.257005,47.329439],[-91.256905,47.329464],[-91.256867,47.329656],[-91.25688,47.329703],[-91.256892,47.329699],[-91.256846,47.329792],[-91.256846,47.329886],[-91.256795,47.330132],[-91.256733,47.33021],[-91.256725,47.330368],[-91.256703,47.330433],[-91.256752,47.330582],[-91.256801,47.330675],[-91.256792,47.330752],[-91.256913,47.331005],[-91.256921,47.331079],[-91.256861,47.331112],[-91.256794,47.3311],[-91.256757,47.331107],[-91.256743,47.331071],[-91.256717,47.331127],[-91.25669,47.331114],[-91.256664,47.331133],[-91.25665,47.331129],[-91.256616,47.331145],[-91.256599,47.331164],[-91.256475,47.331208],[-91.256396,47.331341],[-91.256378,47.331479],[-91.256399,47.331553],[-91.256399,47.331622],[-91.256358,47.331626],[-91.256342,47.33164],[-91.256298,47.331652],[-91.256274,47.33165],[-91.256205,47.33168],[-91.256167,47.331648],[-91.256136,47.331659],[-91.256107,47.331649],[-91.255997,47.331636],[-91.255912,47.331741],[-91.255861,47.331766],[-91.255706,47.331708],[-91.255599,47.331698],[-91.255548,47.331707],[-91.255542,47.331719],[-91.255513,47.331724],[-91.255473,47.331704],[-91.255266,47.331729],[-91.255045,47.331638],[-91.25503,47.331638],[-91.255013,47.331625],[-91.25494,47.331623],[-91.254891,47.331598],[-91.254875,47.331602],[-91.254805,47.331453],[-91.254773,47.331463],[-91.254735,47.331489],[-91.254646,47.331447],[-91.254556,47.331421],[-91.2545,47.331395],[-91.254426,47.33134],[-91.254397,47.33133],[-91.254361,47.331363],[-91.2543,47.331375],[-91.254287,47.331407],[-91.254221,47.331432],[-91.254093,47.331512],[-91.254008,47.331585],[-91.25398,47.331638],[-91.253942,47.331659],[-91.253919,47.331724],[-91.253943,47.331773],[-91.253936,47.331818],[-91.25395,47.331864],[-91.253987,47.331911],[-91.254,47.331903],[-91.254063,47.331972],[-91.254125,47.332018],[-91.254176,47.332102],[-91.254195,47.332158],[-91.254309,47.332312],[-91.254335,47.332382],[-91.254423,47.332442],[-91.254434,47.332391],[-91.254471,47.332439],[-91.254454,47.3325],[-91.254491,47.332647],[-91.254515,47.332666],[-91.254544,47.332724],[-91.25458,47.332868],[-91.254687,47.333136],[-91.254846,47.333243],[-91.254908,47.333336],[-91.254932,47.333412],[-91.254912,47.333446],[-91.254938,47.333519],[-91.254909,47.333672],[-91.254923,47.333774],[-91.254934,47.333784],[-91.254935,47.333872],[-91.254983,47.333931],[-91.254985,47.333959],[-91.255029,47.334],[-91.255035,47.334024],[-91.255084,47.33407],[-91.255151,47.3341],[-91.255163,47.334143],[-91.255114,47.334243],[-91.25507,47.334277],[-91.255068,47.334289],[-91.255008,47.334292],[-91.254976,47.334435],[-91.254964,47.334447],[-91.254983,47.334594],[-91.254999,47.334629],[-91.254991,47.334692],[-91.25496,47.334752],[-91.254983,47.334773],[-91.254908,47.334891],[-91.254843,47.335036],[-91.254836,47.335028],[-91.254826,47.335039],[-91.25482,47.335219],[-91.254767,47.335298],[-91.254589,47.335456],[-91.254535,47.33549],[-91.254497,47.335548],[-91.254423,47.335583],[-91.254362,47.335643],[-91.254163,47.335742],[-91.25401,47.335773],[-91.253958,47.335801],[-91.253934,47.335787],[-91.253814,47.335854],[-91.253745,47.336057],[-91.253723,47.336299],[-91.253685,47.336328],[-91.253616,47.336324],[-91.253553,47.336499],[-91.253467,47.336684],[-91.253315,47.336681],[-91.253245,47.336734],[-91.25321,47.336694],[-91.25318,47.336703],[-91.253154,47.336692],[-91.253106,47.336688],[-91.253072,47.336661],[-91.253049,47.336673],[-91.25302,47.336676],[-91.25296,47.336668],[-91.2529,47.336694],[-91.252838,47.336699],[-91.252821,47.336687],[-91.25272,47.33668],[-91.252669,47.336693],[-91.252598,47.336668],[-91.252548,47.336697],[-91.25248,47.336769],[-91.252443,47.336788],[-91.252293,47.336945],[-91.252158,47.33703],[-91.252042,47.337086],[-91.251787,47.337016],[-91.251645,47.33709],[-91.251592,47.33708],[-91.25154,47.337053],[-91.251498,47.337079],[-91.251487,47.337114],[-91.25146,47.337124],[-91.251434,47.337213],[-91.251435,47.337302],[-91.251455,47.337407],[-91.251348,47.337464],[-91.25134,47.337602],[-91.251301,47.337637],[-91.251321,47.337724],[-91.251378,47.337779],[-91.251376,47.337793],[-91.251243,47.337902],[-91.251101,47.337881],[-91.250946,47.337952],[-91.250818,47.337953],[-91.250715,47.337997],[-91.25057,47.338028],[-91.250532,47.338047],[-91.250434,47.338071],[-91.2504,47.338044],[-91.25035,47.338052],[-91.250302,47.337988],[-91.250275,47.337979],[-91.250235,47.337982],[-91.250185,47.337973],[-91.250177,47.337983],[-91.250147,47.337986],[-91.250099,47.337945],[-91.250072,47.337939],[-91.250064,47.337923],[-91.250021,47.337892],[-91.249928,47.337933],[-91.249848,47.337914],[-91.249762,47.337805],[-91.249729,47.337807],[-91.24965,47.33776],[-91.249605,47.337743],[-91.249564,47.337765],[-91.249504,47.337828],[-91.24948,47.337838],[-91.249475,47.337859],[-91.249455,47.337871],[-91.249368,47.337875],[-91.24933,47.337889],[-91.249299,47.337881],[-91.249256,47.337867],[-91.249229,47.337846],[-91.249221,47.337852],[-91.249164,47.337795],[-91.249114,47.337871],[-91.249057,47.337885],[-91.249026,47.33791],[-91.248906,47.33796],[-91.248861,47.338002],[-91.248814,47.33801],[-91.248757,47.338039],[-91.248724,47.337999],[-91.248678,47.338004],[-91.248634,47.338077],[-91.248622,47.338109],[-91.248604,47.338109],[-91.248594,47.338115],[-91.248602,47.338128],[-91.248622,47.338096],[-91.248649,47.338066],[-91.248659,47.338055],[-91.248658,47.338063],[-91.248726,47.338069],[-91.248877,47.338185],[-91.248933,47.338202],[-91.248979,47.338252],[-91.249043,47.338424],[-91.248896,47.3386],[-91.248656,47.338931],[-91.248563,47.33898],[-91.248468,47.338972],[-91.248363,47.339036],[-91.248315,47.339032],[-91.248214,47.339051],[-91.248186,47.339031],[-91.248124,47.339012],[-91.248075,47.339028],[-91.248018,47.33907],[-91.247998,47.339061],[-91.247818,47.339283],[-91.247766,47.339369],[-91.247684,47.339437],[-91.247653,47.339476],[-91.24762,47.339563],[-91.24746,47.339818],[-91.247447,47.339814],[-91.247388,47.339835],[-91.247365,47.339855],[-91.24719,47.33995],[-91.247092,47.339961],[-91.24707,47.339956],[-91.247028,47.339989],[-91.246866,47.339962],[-91.246748,47.339984],[-91.246711,47.340038],[-91.246704,47.340296],[-91.246748,47.34044],[-91.246909,47.340655],[-91.246908,47.340758],[-91.246966,47.341019],[-91.24695,47.341123],[-91.24692,47.34118],[-91.246842,47.341397],[-91.246709,47.341651],[-91.246569,47.341738],[-91.246565,47.341829],[-91.246485,47.341893],[-91.246382,47.342034],[-91.246357,47.342083],[-91.246322,47.342105],[-91.246205,47.342267],[-91.246118,47.342311],[-91.24602,47.342468],[-91.246055,47.342656],[-91.246062,47.342798],[-91.246054,47.342833],[-91.246081,47.342978],[-91.246089,47.34311],[-91.246065,47.343185],[-91.24609,47.343327],[-91.246076,47.343415],[-91.246084,47.34344],[-91.246134,47.34347],[-91.246147,47.343497],[-91.246216,47.343568],[-91.246243,47.343579],[-91.246274,47.343623],[-91.246357,47.343679],[-91.246437,47.343772],[-91.24652,47.343804],[-91.246542,47.343844],[-91.246558,47.343841],[-91.246579,47.343873],[-91.246676,47.343882],[-91.246699,47.343902],[-91.246787,47.343923],[-91.246875,47.343973],[-91.246928,47.344019],[-91.247434,47.343972],[-91.24755,47.343984],[-91.247638,47.34401],[-91.247797,47.344003],[-91.247976,47.343915],[-91.248199,47.343859],[-91.248439,47.343884],[-91.248517,47.343864],[-91.248618,47.343864],[-91.248783,47.343933],[-91.248847,47.343975],[-91.248856,47.343994],[-91.248925,47.344057],[-91.248948,47.344143],[-91.248975,47.344182],[-91.248966,47.344235],[-91.248977,47.344255],[-91.248969,47.344269],[-91.248982,47.344346],[-91.248953,47.344454],[-91.2489,47.344492],[-91.248904,47.34465],[-91.248941,47.344733],[-91.249017,47.344856],[-91.249024,47.344894],[-91.249075,47.345],[-91.249099,47.345107],[-91.249191,47.345282],[-91.24926,47.345388],[-91.249242,47.34544],[-91.249188,47.34545],[-91.249126,47.345448],[-91.248672,47.345828],[-91.248563,47.345893],[-91.248393,47.346064],[-91.248296,47.346083],[-91.248144,47.346086],[-91.248072,47.346131],[-91.248006,47.346189],[-91.247975,47.346241],[-91.247901,47.346292],[-91.247777,47.346437],[-91.24763,47.34654],[-91.247571,47.346569],[-91.247492,47.346595],[-91.247369,47.346607],[-91.247267,47.346598],[-91.247163,47.346568],[-91.246945,47.346588],[-91.246759,47.346515],[-91.24657,47.346547],[-91.246415,47.34656],[-91.246337,47.346535],[-91.246158,47.34651],[-91.246038,47.346528],[-91.245989,47.346527],[-91.245928,47.346505],[-91.245797,47.346475],[-91.245667,47.346464],[-91.245329,47.346311],[-91.245154,47.346369],[-91.244965,47.346243],[-91.24488,47.346206],[-91.244757,47.34622],[-91.244662,47.346264],[-91.244542,47.346295],[-91.244492,47.346299],[-91.244369,47.346359],[-91.244226,47.346415],[-91.244003,47.346647],[-91.243848,47.346721],[-91.243607,47.346721],[-91.243362,47.346788],[-91.243299,47.346771],[-91.243213,47.34671],[-91.243062,47.34674],[-91.243033,47.34673],[-91.242778,47.346818],[-91.242585,47.346849],[-91.242397,47.346984],[-91.24227,47.347061],[-91.242195,47.347135],[-91.242081,47.34726],[-91.241871,47.347605],[-91.241802,47.347682],[-91.24176,47.347694],[-91.241678,47.347748],[-91.241563,47.34777],[-91.241471,47.347821],[-91.241362,47.347919],[-91.241327,47.34793],[-91.241233,47.347878],[-91.241117,47.347796],[-91.241071,47.347789],[-91.240969,47.347858],[-91.240784,47.347777],[-91.240716,47.347773],[-91.240633,47.347734],[-91.240603,47.347748],[-91.240533,47.347707],[-91.24052,47.347711],[-91.240457,47.347691],[-91.24042,47.347715],[-91.240229,47.347656],[-91.240024,47.347651],[-91.24,47.347665],[-91.239957,47.347672],[-91.23979,47.347686],[-91.239622,47.34763],[-91.239488,47.347625],[-91.23927,47.347591],[-91.239024,47.347541],[-91.238968,47.347483],[-91.238889,47.34743],[-91.238755,47.347313],[-91.238707,47.347306],[-91.238659,47.347221],[-91.238481,47.347088],[-91.238414,47.347064],[-91.238193,47.346894],[-91.238093,47.346842],[-91.237917,47.346811],[-91.237791,47.346725],[-91.237618,47.346648],[-91.237361,47.346458],[-91.23724,47.346249],[-91.237205,47.346208],[-91.237186,47.346069],[-91.237141,47.346052],[-91.237023,47.346033],[-91.236862,47.345964],[-91.236793,47.345916],[-91.236667,47.34588],[-91.236235,47.345843],[-91.23596,47.345782],[-91.235802,47.34576],[-91.235688,47.345684],[-91.235514,47.345614],[-91.235408,47.345534],[-91.235301,47.345513],[-91.235123,47.345503],[-91.235044,47.345536],[-91.234986,47.345598],[-91.234945,47.345624],[-91.23488,47.345658],[-91.234739,47.345707],[-91.234686,47.34572],[-91.234635,47.345716],[-91.234346,47.34577],[-91.234097,47.345859],[-91.233982,47.345886],[-91.233834,47.345876],[-91.233696,47.345923],[-91.233581,47.345896],[-91.233488,47.345921],[-91.233287,47.345914],[-91.233036,47.345844],[-91.232839,47.345841],[-91.232725,47.345848],[-91.232609,47.345881],[-91.232533,47.345929],[-91.232492,47.345934],[-91.232409,47.34596],[-91.232166,47.34605],[-91.232101,47.346046],[-91.232039,47.346055],[-91.231676,47.346193],[-91.231558,47.34625],[-91.231482,47.346265],[-91.231446,47.346285],[-91.231348,47.346302],[-91.230955,47.346399],[-91.230635,47.346396],[-91.230616,47.346407],[-91.230573,47.346406],[-91.230319,47.346365],[-91.230262,47.346379],[-91.230161,47.346339],[-91.230104,47.346332],[-91.230058,47.346305],[-91.230028,47.346306],[-91.229991,47.346288],[-91.229915,47.346227],[-91.229896,47.346143],[-91.229846,47.346084],[-91.22968,47.346027],[-91.229422,47.345975],[-91.229267,47.34598],[-91.22916,47.346011],[-91.22899,47.346009],[-91.22885,47.345992],[-91.228773,47.345959],[-91.228615,47.345943],[-91.228422,47.345954],[-91.228178,47.34592],[-91.228114,47.345948],[-91.228084,47.34595],[-91.227984,47.345924],[-91.227872,47.345939],[-91.227795,47.345974],[-91.227631,47.346018],[-91.227439,47.346231],[-91.227371,47.346393],[-91.22734,47.346436],[-91.227281,47.346478],[-91.227278,47.346605],[-91.227236,47.346674],[-91.227275,47.346794],[-91.227315,47.346844],[-91.227321,47.346893],[-91.227303,47.346948],[-91.227299,47.347062],[-91.227285,47.347067],[-91.227255,47.347047],[-91.227246,47.346995],[-91.227192,47.346956],[-91.227158,47.347004],[-91.227172,47.347038],[-91.227144,47.34703],[-91.227162,47.347056],[-91.227144,47.347071],[-91.227112,47.347079],[-91.227102,47.347103],[-91.227011,47.347103],[-91.226962,47.347217],[-91.226923,47.347245],[-91.226874,47.347261],[-91.22677,47.347269],[-91.226676,47.347249],[-91.226521,47.347172],[-91.226479,47.347134],[-91.226469,47.347097],[-91.226438,47.347069],[-91.226368,47.347069],[-91.226331,47.347059],[-91.226259,47.347055],[-91.22611,47.347056],[-91.226049,47.347046],[-91.225943,47.346972],[-91.225894,47.346952],[-91.225739,47.346818],[-91.225718,47.346763],[-91.225552,47.34668],[-91.225458,47.346647],[-91.225193,47.346479],[-91.224968,47.346381],[-91.224913,47.346336],[-91.224712,47.34624],[-91.224643,47.346239],[-91.224381,47.346288],[-91.224097,47.346305],[-91.223944,47.34634],[-91.223864,47.346369],[-91.223783,47.346416],[-91.223692,47.34645],[-91.223398,47.346535],[-91.223274,47.346551],[-91.223159,47.346602],[-91.22286,47.346667],[-91.222751,47.346659],[-91.222565,47.346668],[-91.222483,47.346705],[-91.222272,47.346765],[-91.222219,47.346769],[-91.222151,47.346702],[-91.221947,47.346613],[-91.221847,47.34659],[-91.221628,47.346495],[-91.221487,47.346444],[-91.221444,47.346436],[-91.221249,47.346356],[-91.220971,47.346286],[-91.220892,47.346225],[-91.220805,47.346198],[-91.220688,47.34621],[-91.22061,47.346234],[-91.22049,47.34623],[-91.220375,47.346252],[-91.220225,47.346328],[-91.220175,47.346376],[-91.220156,47.34642],[-91.220004,47.346568],[-91.219888,47.346634],[-91.219864,47.346637],[-91.219702,47.34675],[-91.21957,47.346806],[-91.219491,47.346879],[-91.219303,47.346999],[-91.219287,47.347034],[-91.219197,47.347139],[-91.219081,47.347244],[-91.21883,47.347326],[-91.218766,47.347339],[-91.218474,47.347339],[-91.218355,47.347351],[-91.218243,47.347336],[-91.218199,47.347347],[-91.218162,47.347343],[-91.217918,47.347377],[-91.217878,47.347369],[-91.21768,47.347402],[-91.217612,47.347421],[-91.217535,47.347462],[-91.21751,47.347502],[-91.217431,47.347556],[-91.21733,47.347601],[-91.217108,47.347774],[-91.217031,47.347789],[-91.216783,47.347874],[-91.216594,47.348013],[-91.216331,47.348246],[-91.216323,47.348264],[-91.216329,47.348268],[-91.216317,47.348261],[-91.21634,47.348271],[-91.216297,47.348255],[-91.216295,47.348286],[-91.216334,47.348266],[-91.216248,47.348315],[-91.216206,47.34834],[-91.216153,47.348392],[-91.216126,47.348445],[-91.216116,47.34852],[-91.216148,47.34865],[-91.216145,47.348717],[-91.216167,47.348808],[-91.216151,47.348862],[-91.216164,47.348921],[-91.21607,47.349019],[-91.216069,47.349046],[-91.21601,47.349135],[-91.215937,47.349174],[-91.21589,47.349185],[-91.215856,47.349211],[-91.215713,47.34927],[-91.215594,47.349308],[-91.215338,47.349314],[-91.215197,47.349291],[-91.215085,47.349299],[-91.21479,47.349293],[-91.214519,47.349302],[-91.214462,47.349353],[-91.214408,47.349426],[-91.214043,47.349504],[-91.213851,47.34963],[-91.213687,47.349723],[-91.213586,47.349852],[-91.213564,47.349909],[-91.213402,47.350095],[-91.213278,47.350138],[-91.213185,47.350213],[-91.213146,47.350268],[-91.213049,47.350349],[-91.213016,47.350353],[-91.212771,47.350439],[-91.212619,47.35047],[-91.21248,47.350528],[-91.212273,47.350572],[-91.212,47.350618],[-91.211846,47.350684],[-91.211719,47.350727],[-91.211332,47.350651],[-91.211055,47.350572],[-91.211036,47.350582],[-91.210977,47.350635],[-91.210945,47.350642],[-91.210884,47.350691],[-91.210693,47.350795],[-91.21066,47.350915],[-91.210613,47.350955],[-91.21058,47.351029],[-91.210529,47.351074],[-91.210445,47.351174],[-91.210455,47.351324],[-91.210572,47.351434],[-91.210499,47.351619],[-91.210448,47.351696],[-91.210416,47.35172],[-91.21029,47.351716],[-91.210128,47.351684],[-91.21007,47.351643],[-91.210017,47.351537],[-91.209955,47.351496],[-91.209903,47.351481],[-91.209758,47.351387],[-91.209718,47.351381],[-91.209681,47.351386],[-91.209552,47.351324],[-91.209463,47.351313],[-91.209181,47.351334],[-91.208832,47.351296],[-91.208696,47.351219],[-91.208587,47.350983],[-91.208596,47.350916],[-91.208583,47.350876],[-91.208595,47.350862],[-91.208521,47.350793],[-91.208496,47.350719],[-91.20842,47.350604],[-91.208349,47.350572],[-91.208267,47.350518],[-91.208211,47.350496],[-91.208043,47.350307],[-91.20798,47.350282],[-91.207922,47.350281],[-91.20787,47.350256],[-91.207834,47.350259],[-91.207743,47.350237],[-91.207694,47.350215],[-91.207592,47.350199],[-91.20746,47.350192],[-91.207428,47.35018],[-91.207206,47.350147],[-91.207073,47.350132],[-91.206918,47.350133],[-91.20679,47.350154],[-91.206754,47.350144],[-91.206668,47.350035],[-91.206621,47.350017],[-91.206507,47.34995],[-91.206422,47.349955],[-91.206217,47.349777],[-91.206191,47.34974],[-91.206127,47.349684],[-91.206086,47.349668],[-91.205965,47.34965],[-91.205863,47.3496],[-91.205777,47.349577],[-91.205655,47.349495],[-91.205506,47.349437],[-91.205387,47.349433],[-91.205221,47.349437],[-91.205184,47.349444],[-91.205027,47.349498],[-91.204955,47.349536],[-91.204837,47.349625],[-91.204831,47.349641],[-91.204722,47.349715],[-91.204525,47.349804],[-91.204314,47.349858],[-91.204088,47.349889],[-91.204047,47.349923],[-91.203938,47.349947],[-91.203717,47.349906],[-91.203668,47.349926],[-91.203537,47.349947],[-91.203226,47.349955],[-91.203127,47.349977],[-91.202944,47.349969],[-91.202619,47.349874],[-91.20244,47.349715],[-91.202155,47.349565],[-91.201795,47.349302],[-91.201672,47.349241],[-91.201541,47.349201],[-91.201462,47.349187],[-91.201333,47.349181],[-91.201142,47.349152],[-91.201085,47.349153],[-91.201024,47.349175],[-91.200981,47.34917],[-91.200843,47.349181],[-91.200676,47.349155],[-91.200577,47.349121],[-91.200452,47.349099],[-91.200329,47.34909],[-91.200165,47.349108],[-91.199987,47.349085],[-91.199776,47.349096],[-91.19955,47.349149],[-91.199259,47.349247],[-91.198988,47.349277],[-91.198932,47.349269],[-91.198814,47.349285],[-91.198751,47.349259],[-91.198421,47.349227],[-91.198367,47.349206],[-91.198327,47.349208],[-91.198208,47.349157],[-91.198017,47.349219],[-91.197895,47.349277],[-91.197889,47.349428],[-91.197905,47.349485],[-91.197893,47.34954],[-91.197901,47.349586],[-91.197868,47.349735],[-91.197808,47.349919],[-91.197748,47.349986],[-91.197686,47.350092],[-91.197675,47.350163],[-91.197628,47.350261],[-91.197585,47.350405],[-91.197527,47.350461],[-91.197492,47.350529],[-91.197394,47.350656],[-91.197334,47.350822],[-91.197342,47.351085],[-91.197332,47.351114],[-91.197319,47.351114],[-91.197265,47.351152],[-91.19727,47.35117],[-91.197251,47.351177],[-91.197247,47.351239],[-91.197214,47.351332],[-91.197182,47.351385],[-91.197192,47.351435],[-91.197169,47.351481],[-91.197154,47.35156],[-91.197159,47.351667],[-91.197126,47.351731],[-91.197114,47.351908],[-91.197043,47.351999],[-91.19703,47.352041],[-91.197033,47.352095],[-91.196976,47.352209],[-91.196771,47.352351],[-91.196694,47.352392],[-91.196615,47.352487],[-91.196557,47.352531],[-91.19652,47.352637],[-91.196491,47.352774],[-91.196583,47.352849],[-91.196639,47.35288],[-91.196669,47.35292],[-91.196659,47.352931],[-91.196629,47.352938],[-91.19661,47.352961],[-91.196607,47.352976],[-91.196625,47.353008],[-91.196606,47.353101],[-91.19661,47.353136],[-91.196638,47.35314],[-91.196665,47.353155],[-91.196696,47.353149],[-91.196785,47.353151],[-91.196849,47.353173],[-91.196919,47.353225],[-91.196987,47.353357],[-91.197001,47.353403],[-91.196975,47.353525],[-91.196982,47.353576],[-91.196974,47.3536],[-91.196989,47.353662],[-91.197066,47.353804],[-91.197059,47.353841],[-91.197125,47.353939],[-91.197102,47.354027],[-91.196995,47.354046],[-91.19686,47.354015],[-91.196737,47.354],[-91.196696,47.354028],[-91.196581,47.354068],[-91.196487,47.354054],[-91.196394,47.353994],[-91.196352,47.353979],[-91.196324,47.354001],[-91.19629,47.353998],[-91.196245,47.353981],[-91.196224,47.353984],[-91.196109,47.354075],[-91.196118,47.354113],[-91.196197,47.35415],[-91.196213,47.354175],[-91.196198,47.354256],[-91.196208,47.354306],[-91.196243,47.35438],[-91.196265,47.354399],[-91.196288,47.35445],[-91.196351,47.354493],[-91.196382,47.354498],[-91.196425,47.354555],[-91.196466,47.354665],[-91.196527,47.354738],[-91.196516,47.354799],[-91.196449,47.354893],[-91.196355,47.355122],[-91.196344,47.355237],[-91.196352,47.355307],[-91.196525,47.355585],[-91.196564,47.355666],[-91.196524,47.35571],[-91.196544,47.355762],[-91.19657,47.355932],[-91.196659,47.35609],[-91.196697,47.356255],[-91.196724,47.356288],[-91.196732,47.356354],[-91.196733,47.356472],[-91.1967,47.35666],[-91.196518,47.357248],[-91.196449,47.357414],[-91.196432,47.357595],[-91.196454,47.357714],[-91.196513,47.35779],[-91.196543,47.357858],[-91.196606,47.357954],[-91.196653,47.357994],[-91.196776,47.358193],[-91.196879,47.358295],[-91.196914,47.358347],[-91.196985,47.358419],[-91.197176,47.358716],[-91.197258,47.358931],[-91.197343,47.359032],[-91.197345,47.359048],[-91.19731,47.35912],[-91.197306,47.359345],[-91.197214,47.359454],[-91.19719,47.359516],[-91.197184,47.359586],[-91.197221,47.359669],[-91.197108,47.359766],[-91.197079,47.359808],[-91.197032,47.359846],[-91.19702,47.359854],[-91.196986,47.359855],[-91.196936,47.359837],[-91.196728,47.359811],[-91.196698,47.359819],[-91.19665,47.35985],[-91.196654,47.360043],[-91.196707,47.360249],[-91.196689,47.360278],[-91.196671,47.360648],[-91.196636,47.360762],[-91.196633,47.360844],[-91.196595,47.360913],[-91.196541,47.361079],[-91.19637,47.361291],[-91.196309,47.361317],[-91.19625,47.361413],[-91.196193,47.361472],[-91.196108,47.3615],[-91.19605,47.361585],[-91.195932,47.361712],[-91.1958,47.36188],[-91.195735,47.361979],[-91.195709,47.362042],[-91.195687,47.362063],[-91.195623,47.362087],[-91.195587,47.362111],[-91.195555,47.362204],[-91.19545,47.362308],[-91.195396,47.362378],[-91.195275,47.36257],[-91.19526,47.36265],[-91.195186,47.362753],[-91.195068,47.362835],[-91.195027,47.362919],[-91.194986,47.362962],[-91.194868,47.363064],[-91.194782,47.363117],[-91.194743,47.363169],[-91.194681,47.363216],[-91.194672,47.363295],[-91.194653,47.363321],[-91.19461,47.363334],[-91.194568,47.363364],[-91.194554,47.363404],[-91.194484,47.36346],[-91.194456,47.363586],[-91.194469,47.363651],[-91.194453,47.363669],[-91.194478,47.363716],[-91.194443,47.363791],[-91.194418,47.363891],[-91.194368,47.363938],[-91.194298,47.363959],[-91.194158,47.364026],[-91.194123,47.364065],[-91.194036,47.364121],[-91.193991,47.364123],[-91.193848,47.36417],[-91.193767,47.364208],[-91.193643,47.364343],[-91.193583,47.364375],[-91.193555,47.364377],[-91.193437,47.364434],[-91.193358,47.364436],[-91.193312,47.364458],[-91.193227,47.364456],[-91.193114,47.364433],[-91.193073,47.364459],[-91.193038,47.364506],[-91.193029,47.364541],[-91.19309,47.364645],[-91.193292,47.364789],[-91.193562,47.36495],[-91.193636,47.365032],[-91.193868,47.365169],[-91.194014,47.365333],[-91.194066,47.365525],[-91.194091,47.365575],[-91.194108,47.365654],[-91.194089,47.365815],[-91.194069,47.365857],[-91.194057,47.365929],[-91.193946,47.366069],[-91.193939,47.366153],[-91.19391,47.366201],[-91.193897,47.366359],[-91.193846,47.366399],[-91.193669,47.366504],[-91.193618,47.366599],[-91.193618,47.366635],[-91.193646,47.366696],[-91.19362,47.366785],[-91.193621,47.366855],[-91.19361,47.366869],[-91.193441,47.366988],[-91.193345,47.367024],[-91.19332,47.367045],[-91.19315,47.367081],[-91.193081,47.367118],[-91.192934,47.367125],[-91.192834,47.36714],[-91.192698,47.367062],[-91.192519,47.36703],[-91.192323,47.367036],[-91.192264,47.367022],[-91.192107,47.367037],[-91.192023,47.367072],[-91.191872,47.367095],[-91.191713,47.367157],[-91.191642,47.367178],[-91.191593,47.36718],[-91.191548,47.367193],[-91.191504,47.367208],[-91.191466,47.367238],[-91.191354,47.367298],[-91.191261,47.367313],[-91.191242,47.367308],[-91.191169,47.367353],[-91.191132,47.367358],[-91.191071,47.367388],[-91.190904,47.367426],[-91.19078,47.367447],[-91.190709,47.36743],[-91.190653,47.367427],[-91.190565,47.367401],[-91.190483,47.367418],[-91.19043,47.367418],[-91.190414,47.367428],[-91.19032,47.367408],[-91.190249,47.367415],[-91.190213,47.367396],[-91.190141,47.367377],[-91.189937,47.367414],[-91.189785,47.36746],[-91.189677,47.367481],[-91.189625,47.367478],[-91.189494,47.367502],[-91.189397,47.367538],[-91.189169,47.367586],[-91.189055,47.367629],[-91.189032,47.367629],[-91.188928,47.367675],[-91.188788,47.367696],[-91.188702,47.367728],[-91.188577,47.367796],[-91.188435,47.367812],[-91.188156,47.367822],[-91.187909,47.367897],[-91.187641,47.368042],[-91.187589,47.368104],[-91.187446,47.36817],[-91.187268,47.368268],[-91.187209,47.368396],[-91.187149,47.368423],[-91.187124,47.36846],[-91.187015,47.368532],[-91.186997,47.368577],[-91.186973,47.368911],[-91.186957,47.368999],[-91.186674,47.369305],[-91.186662,47.36934],[-91.186601,47.369406],[-91.18657,47.369478],[-91.186553,47.369537],[-91.186577,47.369637],[-91.186569,47.369681],[-91.186577,47.369706],[-91.18656,47.369752],[-91.186528,47.369783],[-91.186527,47.369797],[-91.186561,47.369933],[-91.186604,47.370023],[-91.186611,47.370084],[-91.186591,47.370131],[-91.186576,47.370231],[-91.186532,47.370242],[-91.186574,47.370332],[-91.186574,47.370364],[-91.186519,47.370433],[-91.186528,47.370458],[-91.186521,47.370477],[-91.186472,47.370526],[-91.186358,47.37054],[-91.186322,47.370591],[-91.186266,47.370617],[-91.186189,47.370614],[-91.186148,47.370628],[-91.186078,47.370636],[-91.185941,47.370699],[-91.185858,47.370709],[-91.18546,47.370716],[-91.185391,47.370733],[-91.185318,47.370782],[-91.185283,47.370848],[-91.185316,47.370961],[-91.185367,47.371043],[-91.185429,47.37109],[-91.185623,47.371281],[-91.185732,47.371498],[-91.185824,47.371569],[-91.185931,47.371627],[-91.186026,47.371716],[-91.186308,47.371794],[-91.186353,47.37179],[-91.186442,47.371803],[-91.18667,47.371876],[-91.186743,47.371883],[-91.186871,47.371869],[-91.187035,47.371889],[-91.187301,47.371865],[-91.18737,47.371892],[-91.187414,47.371923],[-91.187505,47.372039],[-91.187546,47.372065],[-91.187573,47.372125],[-91.187579,47.372192],[-91.187479,47.372506],[-91.187446,47.372536],[-91.187418,47.372601],[-91.187415,47.37265],[-91.187321,47.372677],[-91.1873,47.372702],[-91.187285,47.372755],[-91.187271,47.37295],[-91.187192,47.373049],[-91.186966,47.373155],[-91.18682,47.373313],[-91.186723,47.373365],[-91.186436,47.373481],[-91.186318,47.373515],[-91.186218,47.373524],[-91.186161,47.373518],[-91.186075,47.373523],[-91.185911,47.373506],[-91.185749,47.37346],[-91.185605,47.373407],[-91.185465,47.373419],[-91.185436,47.373432],[-91.185358,47.37351],[-91.185294,47.373545],[-91.185221,47.373546],[-91.185066,47.373575],[-91.184999,47.373577],[-91.184928,47.37361],[-91.184851,47.373603],[-91.184713,47.373534],[-91.18463,47.373482],[-91.184571,47.373429],[-91.18447,47.373405],[-91.184359,47.373416],[-91.184181,47.37342],[-91.183927,47.373392],[-91.183845,47.373337],[-91.183676,47.373299],[-91.183636,47.373341],[-91.183556,47.373357],[-91.18349,47.373335],[-91.183461,47.373273],[-91.183416,47.373251],[-91.183344,47.373257],[-91.183327,47.373271],[-91.183302,47.373259],[-91.183162,47.373332],[-91.183045,47.373365],[-91.183005,47.373388],[-91.182975,47.373395],[-91.182887,47.37347],[-91.182828,47.373536],[-91.182516,47.37367],[-91.182333,47.373695],[-91.182236,47.373657],[-91.182138,47.373637],[-91.182111,47.373638],[-91.182078,47.373656],[-91.182098,47.373771],[-91.182092,47.373846],[-91.182184,47.373927],[-91.182264,47.373926],[-91.182317,47.373949],[-91.182721,47.37402],[-91.182817,47.374069],[-91.182901,47.374147],[-91.182933,47.374207],[-91.182944,47.374301],[-91.182926,47.37436],[-91.182936,47.374408],[-91.182911,47.374493],[-91.182875,47.374563],[-91.182766,47.374664],[-91.182711,47.374685],[-91.182695,47.37472],[-91.182723,47.374874],[-91.182705,47.374919],[-91.182706,47.374999],[-91.182774,47.375175],[-91.182831,47.375243],[-91.182829,47.37527],[-91.182871,47.375367],[-91.183137,47.375525],[-91.183278,47.375702],[-91.183437,47.375859],[-91.183519,47.375972],[-91.183707,47.376013],[-91.183898,47.376068],[-91.184008,47.376131],[-91.184091,47.376294],[-91.184053,47.376323],[-91.184,47.376401],[-91.183931,47.376461],[-91.183746,47.376544],[-91.183641,47.376607],[-91.183614,47.376664],[-91.183549,47.376678],[-91.183388,47.376643],[-91.183277,47.376629],[-91.183158,47.376632],[-91.183062,47.376618],[-91.18293,47.37658],[-91.18278,47.376568],[-91.182738,47.376536],[-91.182692,47.376546],[-91.182512,47.376488],[-91.182444,47.376497],[-91.182379,47.376468],[-91.182285,47.376479],[-91.182201,47.376467],[-91.18212,47.376442],[-91.182095,47.376446],[-91.181812,47.376336],[-91.181635,47.376353],[-91.181601,47.376346],[-91.181463,47.376348],[-91.181365,47.37632],[-91.181279,47.376318],[-91.181257,47.37633],[-91.181219,47.376438],[-91.181161,47.376539],[-91.18116,47.376627],[-91.18121,47.376703],[-91.181208,47.376759],[-91.181398,47.376869],[-91.181436,47.376931],[-91.181476,47.376951],[-91.18151,47.376933],[-91.181538,47.376877],[-91.181563,47.376866],[-91.181661,47.376876],[-91.181725,47.37687],[-91.181774,47.37688],[-91.181916,47.376957],[-91.181935,47.377008],[-91.181949,47.377121],[-91.181899,47.377241],[-91.181743,47.377386],[-91.181662,47.377448],[-91.1816,47.377571],[-91.181513,47.377627],[-91.181468,47.377727],[-91.181357,47.377862],[-91.181334,47.377912],[-91.181141,47.378036],[-91.181013,47.378135],[-91.180943,47.378245],[-91.18044,47.378539],[-91.180302,47.378755],[-91.180203,47.378808],[-91.180073,47.378916],[-91.180046,47.379035],[-91.180043,47.379113],[-91.180065,47.379244],[-91.179991,47.379526],[-91.179957,47.379571],[-91.179902,47.379699],[-91.179912,47.379989],[-91.179895,47.380059],[-91.179926,47.380131],[-91.179994,47.3802],[-91.180235,47.380398],[-91.180479,47.380508],[-91.180641,47.380596],[-91.180833,47.380731],[-91.181007,47.380955],[-91.181011,47.381046],[-91.181115,47.381266],[-91.181067,47.381423],[-91.181064,47.381464],[-91.181037,47.381512],[-91.180951,47.381752],[-91.180896,47.381857],[-91.18071,47.382098],[-91.180594,47.382217],[-91.18047,47.382325],[-91.180335,47.382387],[-91.180147,47.382553],[-91.179948,47.382688],[-91.17983,47.382781],[-91.179546,47.382824],[-91.179272,47.382819],[-91.178944,47.38287],[-91.178637,47.382883],[-91.178368,47.382913],[-91.178219,47.382963],[-91.178151,47.383008],[-91.177961,47.382993],[-91.177874,47.382996],[-91.177628,47.383037],[-91.177424,47.383087],[-91.177301,47.383127],[-91.177089,47.38307],[-91.177017,47.383087],[-91.176813,47.38307],[-91.176733,47.383089],[-91.176508,47.383105],[-91.176471,47.383138],[-91.176506,47.383219],[-91.17645,47.383244],[-91.176327,47.383281],[-91.176186,47.383268],[-91.176099,47.383212],[-91.175991,47.383202],[-91.17584,47.383082],[-91.175669,47.382921],[-91.175584,47.382857],[-91.175346,47.382755],[-91.175095,47.382672],[-91.174747,47.382585],[-91.17447,47.382549],[-91.174386,47.382572],[-91.174154,47.382603],[-91.174089,47.382591],[-91.173986,47.38259],[-91.173952,47.382597],[-91.173923,47.382586],[-91.173875,47.382584],[-91.173847,47.382567],[-91.17367,47.382538],[-91.173614,47.382544],[-91.173582,47.38256],[-91.173447,47.382572],[-91.173425,47.382577],[-91.173431,47.382581],[-91.173412,47.382574],[-91.17333,47.382594],[-91.173327,47.382612],[-91.173412,47.382767],[-91.173457,47.382944],[-91.1735,47.383002],[-91.173597,47.383082],[-91.173683,47.38318],[-91.174099,47.383286],[-91.174181,47.383298],[-91.174267,47.383258],[-91.174308,47.383251],[-91.17437,47.383205],[-91.174433,47.383132],[-91.17447,47.383114],[-91.174541,47.383101],[-91.174731,47.383121],[-91.17481,47.383149],[-91.175105,47.383344],[-91.175128,47.383368],[-91.175154,47.383371],[-91.175227,47.383478],[-91.175435,47.383645],[-91.175475,47.383689],[-91.175494,47.383767],[-91.175464,47.38393],[-91.175468,47.384031],[-91.175267,47.384203],[-91.175266,47.384257],[-91.17528,47.38428],[-91.175285,47.384357],[-91.175339,47.384502],[-91.175477,47.384675],[-91.175476,47.384759],[-91.175432,47.384815],[-91.175399,47.384882],[-91.175366,47.384917],[-91.175132,47.385049],[-91.175064,47.385057],[-91.175008,47.385049],[-91.174757,47.384957],[-91.174712,47.384952],[-91.174452,47.385004],[-91.174312,47.384995],[-91.174169,47.385037],[-91.174143,47.385056],[-91.174085,47.385066],[-91.17408,47.385076],[-91.174041,47.385094],[-91.173967,47.38512],[-91.173929,47.385145],[-91.173908,47.385175],[-91.173952,47.385255],[-91.173967,47.385305],[-91.173973,47.385378],[-91.173947,47.385481],[-91.173905,47.385518],[-91.173865,47.385595],[-91.173837,47.38561],[-91.173801,47.385654],[-91.173712,47.385704],[-91.173656,47.385717],[-91.173633,47.385737],[-91.173496,47.385774],[-91.173443,47.385797],[-91.173055,47.385897],[-91.172866,47.386047],[-91.172775,47.386106],[-91.172729,47.386113],[-91.172688,47.386185],[-91.172675,47.386184],[-91.172624,47.386227],[-91.172568,47.386296],[-91.172515,47.386399],[-91.172371,47.386496],[-91.172316,47.386523],[-91.172296,47.386545],[-91.172292,47.386574],[-91.17227,47.386607],[-91.172215,47.386643],[-91.172202,47.386672],[-91.172163,47.386709],[-91.172092,47.386741],[-91.171952,47.386743],[-91.171838,47.386722],[-91.171767,47.386738],[-91.171704,47.386739],[-91.171677,47.386752],[-91.171542,47.386774],[-91.171407,47.38677],[-91.171236,47.386753],[-91.171119,47.386686],[-91.17093,47.386657],[-91.170795,47.386589],[-91.170725,47.386572],[-91.170691,47.386551],[-91.170656,47.386548],[-91.170627,47.386572],[-91.170446,47.386635],[-91.170435,47.386623],[-91.170378,47.386601],[-91.170348,47.386604],[-91.170284,47.386649],[-91.170206,47.38665],[-91.170077,47.386739],[-91.170024,47.386749],[-91.170021,47.386793],[-91.169999,47.386812],[-91.169946,47.386932],[-91.169908,47.386974],[-91.169804,47.387022],[-91.169809,47.387064],[-91.169793,47.387121],[-91.169736,47.387186],[-91.169728,47.38727],[-91.169656,47.387378],[-91.169599,47.38741],[-91.169526,47.387436],[-91.169492,47.387486],[-91.169335,47.387535],[-91.16927,47.387649],[-91.169262,47.387712],[-91.16927,47.387831],[-91.169184,47.387986],[-91.169139,47.388009],[-91.169107,47.388015],[-91.169081,47.388044],[-91.168975,47.388084],[-91.16892,47.388093],[-91.168886,47.388085],[-91.168797,47.388112],[-91.168645,47.388201],[-91.168637,47.388217],[-91.168575,47.388227],[-91.168525,47.388256],[-91.168454,47.388278],[-91.168423,47.388371],[-91.168388,47.38843],[-91.168221,47.38855],[-91.168065,47.388574],[-91.167889,47.388638],[-91.167753,47.388646],[-91.167648,47.388709],[-91.167627,47.388742],[-91.167528,47.388832],[-91.167472,47.38884],[-91.167358,47.388891],[-91.167266,47.388901],[-91.167206,47.388921],[-91.167173,47.388985],[-91.167095,47.389058],[-91.166961,47.389084],[-91.166887,47.389207],[-91.166864,47.389229],[-91.166671,47.389316],[-91.166635,47.389347],[-91.166636,47.389392],[-91.166616,47.389482],[-91.166515,47.389678],[-91.16647,47.389842],[-91.166439,47.390063],[-91.166409,47.390127],[-91.166332,47.390229],[-91.166223,47.390472],[-91.166105,47.390657],[-91.165905,47.390815],[-91.165794,47.390921],[-91.165705,47.390972],[-91.165681,47.391002],[-91.165669,47.391094],[-91.165557,47.391393],[-91.165517,47.391446],[-91.165422,47.391539],[-91.165415,47.391596],[-91.165376,47.391681],[-91.165306,47.391751],[-91.165207,47.391789],[-91.165189,47.391809],[-91.165184,47.391825],[-91.16521,47.391879],[-91.165193,47.392026],[-91.16509,47.392097],[-91.165001,47.392245],[-91.164861,47.392339],[-91.164852,47.392362],[-91.164772,47.392409],[-91.164606,47.392531],[-91.164548,47.392607],[-91.164521,47.392674],[-91.164384,47.392778],[-91.164342,47.392794],[-91.164294,47.392836],[-91.164229,47.392852],[-91.164016,47.392956],[-91.163974,47.393002],[-91.163913,47.393027],[-91.163878,47.393076],[-91.163748,47.393188],[-91.163636,47.393239],[-91.163311,47.39347],[-91.163281,47.393477],[-91.163068,47.393679],[-91.163015,47.393701],[-91.162933,47.393876],[-91.162791,47.393982],[-91.162775,47.39401],[-91.162695,47.394074],[-91.162594,47.39415],[-91.162534,47.394183],[-91.162444,47.39426],[-91.162405,47.39441],[-91.162337,47.394529],[-91.162218,47.394679],[-91.16214,47.394745],[-91.162103,47.394794],[-91.162007,47.395041],[-91.16196,47.395105],[-91.161897,47.395151],[-91.161806,47.395261],[-91.161516,47.395438],[-91.161488,47.395486],[-91.161427,47.395555],[-91.161344,47.395624],[-91.161298,47.395643],[-91.16122,47.39591],[-91.161151,47.396058],[-91.161118,47.396087],[-91.16075,47.396285],[-91.160643,47.396353],[-91.160561,47.396417],[-91.160516,47.396487],[-91.160477,47.396523],[-91.160402,47.396555],[-91.160305,47.396626],[-91.160219,47.396842],[-91.160251,47.396881],[-91.160266,47.397043],[-91.160335,47.397159],[-91.160442,47.397186],[-91.160527,47.397219],[-91.160655,47.397295],[-91.160671,47.397288],[-91.160726,47.397287],[-91.160795,47.397264],[-91.16085,47.3972],[-91.160955,47.397165],[-91.160975,47.39715],[-91.160991,47.397117],[-91.161286,47.397079],[-91.161422,47.397041],[-91.161515,47.396985],[-91.16178,47.396919],[-91.161793,47.396909],[-91.161917,47.396884],[-91.162032,47.396934],[-91.162135,47.397005],[-91.162181,47.397079],[-91.16228,47.397264],[-91.162357,47.397475],[-91.162599,47.397809],[-91.162663,47.397861],[-91.162697,47.397914],[-91.162746,47.397951],[-91.162789,47.398005],[-91.162857,47.398054],[-91.162885,47.398062],[-91.163228,47.398319],[-91.16335,47.398373],[-91.163484,47.3985],[-91.163868,47.398719],[-91.164133,47.398842],[-91.164332,47.398956],[-91.164498,47.399025],[-91.164588,47.399081],[-91.164683,47.399108],[-91.164744,47.399145],[-91.164786,47.399152],[-91.164867,47.399185],[-91.164999,47.399221],[-91.165093,47.399223],[-91.165292,47.399285],[-91.165409,47.399333],[-91.165523,47.399334],[-91.165562,47.399355],[-91.165874,47.399561],[-91.166025,47.399731],[-91.166054,47.39981],[-91.165979,47.400002],[-91.165974,47.40004],[-91.165909,47.400089],[-91.16583,47.400288],[-91.165823,47.400338],[-91.165805,47.400362],[-91.165741,47.40041],[-91.165614,47.400584],[-91.165423,47.400693],[-91.165373,47.400744],[-91.165357,47.40079],[-91.165249,47.400892],[-91.165208,47.4009],[-91.165181,47.400895],[-91.165108,47.400927],[-91.165053,47.40093],[-91.164963,47.400955],[-91.164943,47.400954],[-91.164852,47.400991],[-91.164778,47.401003],[-91.164669,47.401089],[-91.16465,47.401091],[-91.164394,47.401209],[-91.164177,47.401284],[-91.164118,47.401321],[-91.164047,47.401351],[-91.16397,47.401426],[-91.163926,47.401454],[-91.163885,47.401461],[-91.163788,47.401511],[-91.163726,47.401567],[-91.163589,47.401606],[-91.163499,47.401778],[-91.163384,47.401887],[-91.163296,47.402051],[-91.163298,47.402102],[-91.163315,47.402148],[-91.16331,47.402228],[-91.163284,47.402264],[-91.163266,47.402259],[-91.163256,47.40227],[-91.163212,47.402416],[-91.163199,47.402435],[-91.163178,47.402434],[-91.163101,47.402591],[-91.16304,47.402589],[-91.162994,47.402646],[-91.162966,47.402703],[-91.162989,47.402875],[-91.163109,47.403031],[-91.163134,47.403029],[-91.163169,47.403059],[-91.163186,47.403042],[-91.163199,47.403055],[-91.163234,47.40314],[-91.163226,47.403225],[-91.163269,47.403362],[-91.163257,47.403391],[-91.163219,47.403423],[-91.163116,47.403442],[-91.163014,47.403445],[-91.162936,47.403423],[-91.162843,47.403421],[-91.162797,47.403441],[-91.162737,47.403453],[-91.162666,47.403489],[-91.162636,47.403488],[-91.162515,47.403524],[-91.162466,47.403563],[-91.162404,47.403584],[-91.162295,47.403575],[-91.162142,47.403491],[-91.161967,47.403488],[-91.161825,47.403378],[-91.161784,47.403268],[-91.16178,47.403142],[-91.161766,47.403083],[-91.161715,47.403029],[-91.161631,47.40298],[-91.161601,47.402933],[-91.161545,47.402929],[-91.161547,47.402922],[-91.161495,47.402877],[-91.161395,47.402865],[-91.161295,47.402757],[-91.161238,47.402721],[-91.161187,47.40273],[-91.161073,47.402633],[-91.161031,47.402624],[-91.16098,47.402655],[-91.160959,47.402712],[-91.160815,47.40295],[-91.160756,47.402988],[-91.160593,47.403127],[-91.160461,47.403156],[-91.160345,47.403169],[-91.160138,47.403243],[-91.160027,47.403229],[-91.159868,47.403237],[-91.159614,47.403298],[-91.159526,47.403364],[-91.159511,47.403387],[-91.159426,47.403438],[-91.159344,47.403613],[-91.15911,47.403817],[-91.158905,47.403863],[-91.15864,47.40382],[-91.158586,47.403824],[-91.15838,47.403881],[-91.158238,47.403888],[-91.158026,47.403951],[-91.157985,47.403958],[-91.157949,47.403949],[-91.157879,47.403956],[-91.157801,47.403984],[-91.157724,47.403983],[-91.157589,47.404005],[-91.157399,47.404005],[-91.157272,47.403956],[-91.157214,47.40396],[-91.157113,47.403944],[-91.156905,47.403868],[-91.1568,47.403876],[-91.156402,47.404113],[-91.156334,47.404178],[-91.156288,47.404205],[-91.156208,47.404275],[-91.156072,47.404341],[-91.155855,47.404491],[-91.155779,47.40452],[-91.155635,47.404526],[-91.155496,47.40455],[-91.155301,47.404642],[-91.155178,47.404668],[-91.155006,47.404677],[-91.154635,47.404796],[-91.154455,47.40498],[-91.154329,47.405051],[-91.154161,47.405193],[-91.154013,47.405337],[-91.1539,47.405412],[-91.153637,47.405553],[-91.153607,47.405586],[-91.153602,47.405641],[-91.153759,47.405994],[-91.153741,47.406113],[-91.153699,47.406192],[-91.153618,47.406403],[-91.153597,47.406433],[-91.153497,47.406517],[-91.153426,47.406622],[-91.153426,47.406701],[-91.153475,47.406883],[-91.153467,47.406924],[-91.153517,47.406996],[-91.153661,47.407167],[-91.153681,47.407171],[-91.15384,47.407289],[-91.153893,47.407296],[-91.153978,47.407248],[-91.154016,47.407246],[-91.154128,47.40733],[-91.154259,47.407365],[-91.15434,47.407377],[-91.154403,47.407371],[-91.15444,47.407378],[-91.154578,47.407437],[-91.154671,47.407444],[-91.154728,47.407465],[-91.154774,47.407498],[-91.154866,47.407512],[-91.155272,47.40762],[-91.155364,47.407621],[-91.155443,47.407641],[-91.155634,47.407625],[-91.155698,47.407638],[-91.155749,47.407638],[-91.155904,47.407676],[-91.155924,47.407667],[-91.156225,47.407699],[-91.156473,47.407783],[-91.156703,47.407833],[-91.156829,47.40783],[-91.156851,47.407821],[-91.156964,47.407826],[-91.157195,47.407858],[-91.157272,47.407848],[-91.157378,47.407856],[-91.157426,47.407852],[-91.157546,47.407812],[-91.15778,47.407825],[-91.157882,47.407809],[-91.15794,47.407814],[-91.158044,47.407792],[-91.15812,47.407792],[-91.15832,47.407759],[-91.158402,47.407764],[-91.15842,47.407759],[-91.158455,47.407722],[-91.158505,47.407713],[-91.158632,47.407648],[-91.158748,47.40761],[-91.158882,47.407546],[-91.159027,47.407321],[-91.159038,47.407272],[-91.159055,47.407254],[-91.159145,47.407284],[-91.159195,47.407316],[-91.159285,47.407415],[-91.159543,47.407545],[-91.159685,47.407679],[-91.159722,47.407727],[-91.159723,47.407861],[-91.15976,47.407935],[-91.159763,47.408053],[-91.159787,47.408148],[-91.159899,47.408381],[-91.159917,47.408636],[-91.159841,47.408796],[-91.159812,47.408816],[-91.159793,47.408819],[-91.159818,47.408811],[-91.159867,47.408813],[-91.159939,47.408796],[-91.16006,47.408874],[-91.160069,47.408898],[-91.160047,47.408914],[-91.160019,47.408909],[-91.159924,47.408936],[-91.159747,47.409199],[-91.159783,47.409284],[-91.15985,47.409344],[-91.159883,47.409457],[-91.159858,47.409552],[-91.159841,47.409569],[-91.159844,47.409674],[-91.159861,47.409793],[-91.159881,47.409819],[-91.159906,47.40983],[-91.159911,47.409866],[-91.159876,47.409881],[-91.15986,47.409957],[-91.159824,47.410011],[-91.159743,47.410054],[-91.159723,47.410047],[-91.159591,47.41007],[-91.159471,47.410055],[-91.159347,47.410065],[-91.159256,47.410059],[-91.159194,47.410068],[-91.159123,47.410108],[-91.159063,47.410124],[-91.159008,47.410183],[-91.158926,47.410218],[-91.15892,47.410244],[-91.158935,47.410319],[-91.158912,47.410392],[-91.158907,47.4105],[-91.158814,47.410688],[-91.158748,47.410778],[-91.158693,47.410822],[-91.15858,47.410975],[-91.1585,47.411046],[-91.158439,47.411238],[-91.1584,47.41128],[-91.15836,47.411387],[-91.158143,47.411482],[-91.157459,47.411478],[-91.156596,47.411494],[-91.15634,47.411519],[-91.156098,47.411603],[-91.155835,47.411613],[-91.154771,47.411736],[-91.154661,47.411743],[-91.154597,47.411727],[-91.154624,47.411725],[-91.154598,47.411677],[-91.154603,47.411681],[-91.154605,47.411653],[-91.154608,47.411698],[-91.154628,47.41169],[-91.154602,47.411694],[-91.15451,47.411678],[-91.154378,47.411692],[-91.154406,47.411758],[-91.154457,47.411811],[-91.15447,47.41184],[-91.154483,47.412057],[-91.154473,47.412251],[-91.154504,47.412382],[-91.154586,47.412563],[-91.15459,47.412659],[-91.154639,47.412749],[-91.154661,47.412768],[-91.154676,47.41283],[-91.154777,47.412995],[-91.154986,47.413149],[-91.155042,47.413165],[-91.155104,47.413198],[-91.155202,47.413445],[-91.155207,47.413493],[-91.155045,47.413641],[-91.154786,47.413721],[-91.154741,47.413867],[-91.154714,47.413912],[-91.154642,47.413989],[-91.154606,47.414115],[-91.154625,47.414298],[-91.154658,47.414393],[-91.154683,47.414415],[-91.154722,47.414575],[-91.154678,47.414705],[-91.154505,47.414973],[-91.154384,47.415063],[-91.154367,47.415072],[-91.15429,47.415083],[-91.154167,47.41516],[-91.154121,47.415199],[-91.153991,47.415272],[-91.153885,47.415316],[-91.153804,47.415338],[-91.153693,47.415398],[-91.153582,47.415525],[-91.153577,47.415602],[-91.153516,47.415775],[-91.153502,47.415955],[-91.153505,47.416134],[-91.153491,47.416173],[-91.153515,47.416356],[-91.153489,47.416426],[-91.153525,47.416604],[-91.153497,47.416686],[-91.153489,47.416899],[-91.153516,47.416979],[-91.153517,47.417034],[-91.153498,47.41712],[-91.153426,47.417165],[-91.15332,47.417307],[-91.153134,47.417454],[-91.15292,47.417569],[-91.152624,47.41762],[-91.152484,47.41767],[-91.152445,47.417703],[-91.152394,47.417714],[-91.152365,47.417734],[-91.152348,47.417764],[-91.152278,47.417809],[-91.152211,47.417894],[-91.152096,47.417988],[-91.152106,47.41808],[-91.152209,47.418175],[-91.152331,47.418265],[-91.152467,47.418409],[-91.152497,47.418608],[-91.152447,47.418674],[-91.152375,47.41874],[-91.152344,47.418782],[-91.152327,47.418838],[-91.152337,47.41887],[-91.152516,47.419093],[-91.152499,47.419152],[-91.152504,47.419205],[-91.152512,47.419271],[-91.152544,47.419347],[-91.152662,47.419504],[-91.152772,47.419585],[-91.152828,47.419641],[-91.152864,47.419656],[-91.152947,47.419738],[-91.153003,47.419772],[-91.15309,47.419809],[-91.153249,47.419843],[-91.153354,47.419886],[-91.153431,47.419886],[-91.153633,47.419969],[-91.153959,47.420011],[-91.154181,47.420058],[-91.154293,47.420045],[-91.154537,47.419974],[-91.154581,47.419953],[-91.154811,47.41988],[-91.154987,47.419879],[-91.155157,47.41985],[-91.155357,47.419892],[-91.155545,47.419901],[-91.155653,47.41994],[-91.155727,47.419944],[-91.155825,47.419973],[-91.156124,47.420026],[-91.156254,47.419975],[-91.156532,47.419928],[-91.156618,47.419921],[-91.156727,47.419891],[-91.156829,47.41991],[-91.156983,47.419917],[-91.157009,47.419924],[-91.157118,47.419968],[-91.157208,47.420024],[-91.157294,47.420022],[-91.157338,47.420002],[-91.157371,47.419998],[-91.157409,47.419976],[-91.157497,47.419974],[-91.157685,47.420025],[-91.15776,47.420069],[-91.157815,47.420168],[-91.15797,47.420377],[-91.157977,47.420492],[-91.157954,47.420494],[-91.157825,47.420543],[-91.15766,47.420643],[-91.157379,47.420715],[-91.157034,47.420879],[-91.156921,47.420916],[-91.156859,47.420995],[-91.156816,47.421018],[-91.156684,47.421272],[-91.156649,47.421321],[-91.156575,47.421374],[-91.156431,47.421452],[-91.156269,47.421595],[-91.156225,47.421653],[-91.156207,47.421704],[-91.156194,47.421861],[-91.156076,47.422032],[-91.156057,47.422118],[-91.15596,47.422177],[-91.155895,47.422199],[-91.155863,47.422261],[-91.155815,47.422308],[-91.155773,47.422381],[-91.155684,47.422442],[-91.155629,47.422499],[-91.155517,47.422589],[-91.155484,47.422661],[-91.15541,47.422716],[-91.155355,47.422793],[-91.155342,47.422826],[-91.155337,47.422903],[-91.155353,47.422939],[-91.155359,47.422998],[-91.155493,47.423242],[-91.155443,47.423344],[-91.155406,47.423576],[-91.155373,47.423671],[-91.15537,47.423721],[-91.155277,47.423952],[-91.155188,47.424007],[-91.155111,47.424096],[-91.15508,47.42416],[-91.15481,47.424365],[-91.154665,47.424399],[-91.154557,47.424388],[-91.154419,47.424413],[-91.154377,47.424431],[-91.154304,47.424491],[-91.15429,47.424537],[-91.154249,47.424567],[-91.15427,47.424652],[-91.154173,47.424759],[-91.15404,47.424765],[-91.153882,47.424786],[-91.153711,47.424737],[-91.153656,47.424759],[-91.153648,47.424785],[-91.153624,47.424797],[-91.153549,47.42474],[-91.153518,47.424737],[-91.153472,47.424719],[-91.153157,47.424681],[-91.153108,47.424686],[-91.153071,47.424665],[-91.153025,47.424657],[-91.152953,47.424661],[-91.152874,47.424649],[-91.152482,47.424554],[-91.152268,47.424511],[-91.152256,47.4245],[-91.152203,47.424486],[-91.152156,47.424488],[-91.152014,47.424444],[-91.151861,47.424381],[-91.151723,47.42427],[-91.151689,47.424252],[-91.151658,47.42425],[-91.151479,47.424143],[-91.151433,47.424093],[-91.151359,47.424047],[-91.151313,47.423999],[-91.151268,47.423987],[-91.151245,47.423991],[-91.151158,47.424042],[-91.151117,47.424054],[-91.151083,47.424114],[-91.15108,47.424163],[-91.151051,47.424185],[-91.150878,47.424267],[-91.150852,47.424305],[-91.150737,47.424375],[-91.150656,47.424358],[-91.15058,47.424284],[-91.150431,47.424253],[-91.150316,47.42421],[-91.15013,47.424253],[-91.149996,47.424263],[-91.14994,47.424278],[-91.149794,47.424295],[-91.149742,47.42431],[-91.14968,47.424348],[-91.149606,47.424352],[-91.149467,47.424374],[-91.149377,47.424415],[-91.149342,47.424446],[-91.149325,47.424472],[-91.149331,47.424491],[-91.149276,47.424543],[-91.14926,47.424572],[-91.149241,47.42472],[-91.149258,47.424776],[-91.149278,47.424796],[-91.149305,47.424898],[-91.149331,47.424928],[-91.149332,47.424958],[-91.149394,47.425033],[-91.149396,47.425066],[-91.14947,47.425139],[-91.149681,47.425203],[-91.149742,47.425236],[-91.149812,47.425251],[-91.149907,47.425245],[-91.149981,47.425281],[-91.150011,47.425307],[-91.150075,47.425397],[-91.150105,47.425563],[-91.150156,47.425611],[-91.150193,47.425616],[-91.150269,47.425604],[-91.150332,47.425582],[-91.150461,47.42559],[-91.150605,47.425565],[-91.15073,47.425556],[-91.150799,47.425564],[-91.151,47.425544],[-91.151072,47.425549],[-91.151132,47.425578],[-91.151312,47.425602],[-91.151702,47.425561],[-91.151757,47.425563],[-91.151806,47.425546],[-91.15196,47.425577],[-91.152042,47.425578],[-91.152156,47.425567],[-91.152232,47.425585],[-91.15231,47.425578],[-91.152349,47.425563],[-91.152471,47.425561],[-91.152555,47.42557],[-91.152719,47.425669],[-91.152792,47.425695],[-91.152932,47.425712],[-91.153016,47.425738],[-91.153073,47.425723],[-91.153116,47.42576],[-91.153241,47.425786],[-91.153302,47.425778],[-91.153379,47.425792],[-91.153495,47.425792],[-91.153575,47.425804],[-91.153747,47.425812],[-91.153765,47.425821],[-91.153814,47.425818],[-91.153868,47.42583],[-91.153925,47.425812],[-91.153976,47.425806],[-91.154059,47.425858],[-91.154216,47.425907],[-91.15435,47.425866],[-91.154399,47.425873],[-91.154447,47.425869],[-91.154577,47.425806],[-91.154664,47.425808],[-91.15473,47.425792],[-91.154801,47.425757],[-91.154838,47.425723],[-91.154874,47.425712],[-91.155128,47.425673],[-91.155299,47.425623],[-91.155469,47.425585],[-91.155697,47.425615],[-91.155887,47.425603],[-91.156001,47.425608],[-91.156145,47.425593],[-91.156272,47.425544],[-91.15638,47.425483],[-91.156437,47.425423],[-91.156513,47.425377],[-91.15663,47.425326],[-91.1567,47.425308],[-91.156791,47.42524],[-91.156972,47.42516],[-91.157084,47.425098],[-91.157208,47.425053],[-91.157442,47.42499],[-91.157454,47.424977],[-91.157528,47.424684],[-91.157595,47.424578],[-91.157758,47.424414],[-91.158044,47.424279],[-91.158182,47.424308],[-91.158329,47.424308],[-91.158404,47.424293],[-91.158605,47.42431],[-91.158875,47.424315],[-91.159009,47.424373],[-91.159148,47.424412],[-91.15939,47.424374],[-91.159612,47.424458],[-91.159728,47.424484],[-91.159833,47.424436],[-91.159927,47.424411],[-91.160175,47.424309],[-91.160344,47.424175],[-91.160366,47.424174],[-91.160484,47.424193],[-91.160677,47.424173],[-91.160774,47.424172],[-91.160817,47.424202],[-91.161094,47.424669],[-91.161128,47.424693],[-91.16123,47.424733],[-91.161463,47.424857],[-91.16166,47.424993],[-91.161724,47.425056],[-91.161794,47.425099],[-91.161885,47.425119],[-91.162047,47.425135],[-91.162117,47.425112],[-91.162217,47.425098],[-91.162389,47.425058],[-91.162444,47.425035],[-91.162668,47.425002],[-91.162785,47.425009],[-91.162952,47.424984],[-91.163198,47.424878],[-91.163253,47.424846],[-91.163319,47.424845],[-91.163624,47.424766],[-91.163863,47.424671],[-91.164012,47.424595],[-91.164116,47.42457],[-91.164284,47.424437],[-91.164593,47.424334],[-91.16465,47.424329],[-91.164701,47.424341],[-91.1651,47.424351],[-91.165258,47.424347],[-91.165285,47.424333],[-91.165354,47.424327],[-91.165423,47.424332],[-91.165585,47.424325],[-91.165632,47.424296],[-91.16567,47.424288],[-91.165818,47.424281],[-91.16625,47.424345],[-91.166411,47.424339],[-91.166501,47.42435],[-91.166593,47.424303],[-91.166645,47.424265],[-91.166662,47.424226],[-91.166809,47.424038],[-91.166931,47.423915],[-91.166942,47.423765],[-91.16689,47.423684],[-91.166885,47.42356],[-91.166899,47.423491],[-91.166955,47.423362],[-91.167055,47.423286],[-91.167205,47.423223],[-91.167355,47.423208],[-91.16747,47.423236],[-91.167655,47.423239],[-91.167842,47.423184],[-91.167932,47.423176],[-91.168129,47.423175],[-91.168233,47.423191],[-91.168288,47.423209],[-91.168391,47.423215],[-91.168455,47.423209],[-91.168644,47.423228],[-91.168922,47.42324],[-91.169055,47.423292],[-91.16908,47.423329],[-91.169169,47.423387],[-91.169244,47.42342],[-91.16941,47.423539],[-91.169509,47.423713],[-91.169729,47.423816],[-91.169883,47.423906],[-91.170159,47.423889],[-91.170437,47.423834],[-91.170659,47.423767],[-91.170902,47.423741],[-91.170993,47.423752],[-91.17152,47.423691],[-91.171752,47.4236],[-91.171829,47.423549],[-91.171845,47.423527],[-91.171868,47.423519],[-91.172021,47.423396],[-91.172178,47.423251],[-91.172413,47.423143],[-91.172514,47.423109],[-91.172569,47.423103],[-91.172672,47.423099],[-91.172729,47.423115],[-91.172995,47.423121],[-91.173057,47.423116],[-91.173252,47.42304],[-91.173311,47.42299],[-91.173417,47.42293],[-91.173731,47.422576],[-91.173765,47.422502],[-91.173767,47.422301],[-91.173844,47.422222],[-91.173849,47.422165],[-91.173925,47.422132],[-91.174026,47.422053],[-91.174124,47.421996],[-91.174395,47.421777],[-91.174784,47.421583],[-91.174832,47.421552],[-91.175002,47.421404],[-91.175007,47.421212],[-91.174942,47.421035],[-91.174919,47.420844],[-91.174979,47.420663],[-91.175001,47.420483],[-91.175044,47.420334],[-91.175087,47.420261],[-91.175102,47.420192],[-91.175129,47.420154],[-91.175153,47.420083],[-91.175154,47.420039],[-91.175182,47.420008],[-91.175239,47.419863],[-91.175335,47.419675],[-91.175509,47.419539],[-91.175675,47.419439],[-91.175714,47.419436],[-91.17574,47.419422],[-91.175822,47.419335],[-91.175959,47.419231],[-91.176088,47.419059],[-91.17623,47.418812],[-91.176342,47.418666],[-91.176335,47.418424],[-91.176344,47.418368],[-91.176322,47.418222],[-91.176233,47.418101],[-91.176132,47.418028],[-91.176009,47.417908],[-91.175906,47.417845],[-91.175852,47.417832],[-91.175783,47.417797],[-91.175615,47.417687],[-91.175538,47.417618],[-91.175474,47.417587],[-91.175369,47.417557],[-91.175313,47.417531],[-91.17518,47.417392],[-91.175015,47.417192],[-91.174996,47.417103],[-91.17496,47.41705],[-91.174833,47.416936],[-91.17469,47.416829],[-91.174661,47.416786],[-91.174624,47.416699],[-91.174675,47.416548],[-91.174734,47.416495],[-91.174896,47.416401],[-91.175192,47.416128],[-91.175429,47.415948],[-91.17563,47.41585],[-91.175759,47.415831],[-91.175846,47.415792],[-91.176106,47.415722],[-91.176216,47.415702],[-91.176279,47.415673],[-91.17662,47.41559],[-91.176768,47.415509],[-91.176862,47.415343],[-91.176939,47.41531],[-91.176974,47.415281],[-91.177024,47.415264],[-91.17707,47.415262],[-91.177119,47.415243],[-91.177284,47.415101],[-91.177484,47.414902],[-91.177596,47.414867],[-91.177744,47.414861],[-91.177879,47.414839],[-91.177973,47.414727],[-91.178021,47.414616],[-91.178028,47.414549],[-91.178186,47.414347],[-91.178273,47.414256],[-91.178515,47.414035],[-91.178593,47.413995],[-91.178634,47.414003],[-91.178749,47.413871],[-91.178906,47.413813],[-91.179182,47.413797],[-91.179266,47.413801],[-91.179517,47.413717],[-91.179624,47.41365],[-91.179743,47.4136],[-91.179827,47.413575],[-91.180009,47.413441],[-91.180461,47.413284],[-91.180613,47.413264],[-91.180809,47.413121],[-91.180913,47.413083],[-91.181172,47.41301],[-91.181367,47.412844],[-91.181535,47.412749],[-91.181844,47.412549],[-91.182039,47.412604],[-91.182217,47.412593],[-91.182851,47.412423],[-91.183058,47.412393],[-91.183155,47.412421],[-91.1833,47.412413],[-91.183431,47.412422],[-91.183681,47.412514],[-91.183837,47.412502],[-91.184101,47.412589],[-91.18428,47.412636],[-91.184326,47.412653],[-91.184377,47.412698],[-91.184417,47.412715],[-91.184544,47.412877],[-91.184683,47.413234],[-91.184798,47.413457],[-91.184804,47.413543],[-91.184792,47.41359],[-91.184839,47.413885],[-91.18486,47.414122],[-91.184892,47.414166],[-91.184908,47.414171],[-91.184922,47.414213],[-91.184901,47.414497],[-91.184857,47.414568],[-91.18484,47.414578],[-91.184833,47.414614],[-91.184864,47.414769],[-91.18484,47.415033],[-91.18482,47.415149],[-91.184797,47.415173],[-91.184792,47.415232],[-91.184722,47.415527],[-91.184743,47.415579],[-91.184719,47.41558],[-91.184727,47.415586],[-91.184709,47.415571],[-91.184775,47.415746],[-91.184778,47.415793],[-91.184807,47.415875],[-91.184997,47.416083],[-91.185129,47.416185],[-91.185152,47.416221],[-91.185281,47.416335],[-91.185312,47.416336],[-91.185339,47.416348],[-91.185417,47.416336],[-91.185675,47.416449],[-91.185749,47.416515],[-91.186023,47.416644],[-91.186046,47.416671],[-91.18606,47.416737],[-91.186044,47.416906],[-91.186059,47.417003],[-91.18592,47.417217],[-91.185933,47.417329],[-91.185916,47.417375],[-91.185919,47.417401],[-91.185884,47.417434],[-91.18586,47.41762],[-91.18594,47.417691],[-91.185948,47.417723],[-91.185922,47.417764],[-91.185922,47.417793],[-91.185994,47.417998],[-91.185992,47.418227],[-91.186001,47.418246],[-91.186023,47.418252],[-91.186148,47.418374],[-91.186186,47.418469],[-91.18625,47.418513],[-91.186293,47.418556],[-91.186388,47.418593],[-91.186402,47.418577],[-91.186417,47.418606],[-91.186428,47.418605],[-91.186444,47.418659],[-91.186549,47.41885],[-91.186661,47.418996],[-91.186746,47.419032],[-91.186827,47.4191],[-91.186941,47.419228],[-91.187024,47.419284],[-91.18719,47.419382],[-91.187244,47.419399],[-91.187349,47.419468],[-91.187408,47.419491],[-91.187545,47.419506],[-91.187722,47.419549],[-91.187837,47.419601],[-91.188127,47.419759],[-91.188218,47.419839],[-91.188286,47.41984],[-91.188336,47.419819],[-91.188649,47.419982],[-91.188722,47.419999],[-91.188791,47.419998],[-91.188878,47.420071],[-91.188938,47.420083],[-91.188984,47.420082],[-91.189067,47.420103],[-91.189198,47.420201],[-91.189257,47.420252],[-91.189265,47.420269],[-91.18935,47.420313],[-91.189404,47.420378],[-91.189415,47.420411],[-91.189635,47.420589],[-91.189684,47.420653],[-91.189752,47.420691],[-91.189894,47.420743],[-91.189993,47.420834],[-91.190264,47.42103],[-91.190328,47.421108],[-91.190412,47.421179],[-91.190486,47.421214],[-91.190534,47.421301],[-91.190558,47.421432],[-91.190578,47.421434],[-91.190568,47.421484],[-91.190586,47.421505],[-91.190602,47.421575],[-91.19068,47.421739],[-91.190681,47.421797],[-91.190726,47.421894],[-91.190864,47.422007],[-91.191057,47.422284],[-91.191208,47.422368],[-91.191245,47.422449],[-91.191305,47.422504],[-91.191295,47.422622],[-91.19132,47.422728],[-91.191306,47.422805],[-91.19135,47.422877],[-91.191398,47.422991],[-91.19148,47.423109],[-91.191514,47.423254],[-91.191545,47.423298],[-91.191547,47.42337],[-91.191529,47.423414],[-91.191543,47.423526],[-91.191751,47.423768],[-91.191858,47.423863],[-91.191978,47.423951],[-91.19208,47.424135],[-91.192097,47.424202],[-91.192167,47.424279],[-91.192217,47.424301],[-91.19226,47.424389],[-91.192327,47.424448],[-91.19238,47.424566],[-91.192412,47.424607],[-91.192522,47.42468],[-91.19253,47.424739],[-91.192546,47.424744],[-91.192583,47.424836],[-91.192576,47.424857],[-91.192596,47.424908],[-91.192591,47.424959],[-91.192663,47.425093],[-91.192678,47.425201],[-91.192704,47.425263],[-91.192706,47.425319],[-91.192612,47.425365],[-91.192543,47.425413],[-91.192527,47.425475],[-91.192488,47.425486],[-91.192413,47.425488],[-91.192406,47.425508],[-91.192411,47.425575],[-91.192429,47.425628],[-91.192402,47.425629],[-91.19242,47.425664],[-91.192422,47.425716],[-91.192374,47.42592],[-91.19236,47.426039],[-91.192351,47.426228],[-91.192376,47.426341],[-91.192343,47.426363],[-91.192366,47.426451],[-91.192411,47.426533],[-91.192376,47.426642],[-91.192351,47.426662],[-91.192245,47.426673],[-91.192209,47.426748],[-91.192207,47.426822],[-91.192223,47.426839],[-91.192217,47.426868],[-91.192238,47.426973],[-91.192253,47.427011],[-91.192263,47.427015],[-91.192261,47.427007],[-91.192263,47.427028],[-91.192265,47.427043],[-91.192275,47.427069],[-91.192429,47.427304],[-91.192486,47.427414],[-91.192537,47.427454],[-91.192577,47.427466],[-91.192593,47.427453],[-91.192635,47.427511],[-91.192681,47.427547],[-91.192756,47.427571],[-91.192775,47.427587],[-91.192841,47.427649],[-91.192884,47.427715],[-91.192978,47.427796],[-91.193073,47.427899],[-91.193136,47.42794],[-91.193187,47.42801],[-91.193276,47.428087],[-91.193373,47.42812],[-91.193525,47.428213],[-91.193541,47.428198],[-91.193704,47.428195],[-91.193875,47.42831],[-91.194023,47.428374],[-91.194331,47.42855],[-91.194341,47.428546],[-91.194375,47.428559],[-91.194455,47.428616],[-91.194595,47.428636],[-91.194618,47.428633],[-91.194656,47.428656],[-91.194702,47.428656],[-91.194798,47.428709],[-91.194857,47.428723],[-91.194873,47.428725],[-91.194888,47.42871],[-91.194926,47.42875],[-91.195026,47.428781],[-91.195119,47.42884],[-91.19522,47.428874],[-91.195396,47.428893],[-91.195471,47.428959],[-91.195481,47.428979],[-91.195494,47.428982],[-91.195524,47.428968],[-91.195554,47.428982],[-91.195581,47.428976],[-91.19577,47.429017],[-91.19584,47.429054],[-91.195897,47.429066],[-91.196015,47.429149],[-91.196054,47.429139],[-91.196064,47.429128],[-91.196087,47.429167],[-91.196114,47.429189],[-91.196129,47.429186],[-91.196193,47.429223],[-91.196237,47.429174],[-91.196264,47.429193],[-91.196326,47.429271],[-91.196426,47.429338],[-91.196485,47.429325],[-91.196532,47.429332],[-91.196561,47.429284],[-91.196609,47.429285],[-91.19673,47.42939],[-91.196778,47.429273],[-91.19698,47.429266],[-91.197021,47.429252],[-91.197084,47.429245],[-91.197139,47.429174],[-91.19719,47.429159],[-91.19724,47.429166],[-91.197373,47.429159],[-91.197429,47.429204],[-91.197496,47.429209],[-91.197571,47.429236],[-91.197769,47.429245],[-91.197877,47.429211],[-91.19795,47.429144],[-91.19804,47.429132],[-91.198063,47.429103],[-91.198149,47.429068],[-91.198271,47.429056],[-91.198315,47.429044],[-91.198335,47.429054],[-91.198439,47.429048],[-91.198545,47.428994],[-91.198605,47.429018],[-91.198674,47.429001],[-91.198757,47.429006],[-91.198838,47.429031],[-91.19887,47.429008],[-91.199134,47.429153],[-91.199219,47.429138],[-91.199312,47.429178],[-91.199408,47.429188],[-91.199485,47.429209],[-91.199563,47.42911],[-91.199902,47.429245],[-91.199937,47.429192],[-91.199999,47.429221],[-91.200073,47.429215],[-91.200249,47.429323],[-91.200463,47.429418],[-91.200487,47.429401],[-91.200723,47.429437],[-91.200812,47.429416],[-91.200962,47.429409],[-91.200999,47.42938],[-91.201188,47.429317],[-91.201393,47.42949],[-91.201519,47.429504],[-91.201688,47.429499],[-91.201781,47.429542],[-91.201875,47.429533],[-91.202081,47.429599],[-91.202172,47.429663],[-91.202211,47.429658],[-91.202288,47.42968],[-91.202337,47.429675],[-91.202408,47.429739],[-91.202457,47.429754],[-91.202508,47.429749],[-91.202595,47.429799],[-91.202663,47.429859],[-91.202773,47.429883],[-91.202908,47.429855],[-91.202987,47.429821],[-91.203056,47.42977],[-91.203102,47.429748],[-91.203275,47.429726],[-91.203427,47.429752],[-91.203458,47.429769],[-91.203732,47.429728],[-91.203777,47.429708],[-91.203822,47.429715],[-91.203877,47.42967],[-91.203915,47.42966],[-91.203938,47.429634],[-91.204015,47.429641],[-91.204098,47.429604],[-91.204171,47.429496],[-91.204281,47.429412],[-91.204412,47.429342],[-91.204537,47.429219],[-91.20471,47.429078],[-91.204945,47.429159],[-91.204953,47.429145],[-91.205047,47.429104],[-91.205093,47.429069],[-91.205133,47.429022],[-91.20516,47.428932],[-91.205203,47.428893],[-91.205259,47.428887],[-91.205325,47.428858],[-91.205369,47.428861],[-91.205418,47.428824],[-91.205678,47.428744],[-91.205731,47.428701],[-91.205779,47.428619],[-91.205825,47.428591],[-91.205871,47.428583],[-91.20594,47.428595],[-91.20597,47.428567],[-91.206075,47.428509],[-91.206149,47.42856],[-91.2062,47.42857],[-91.20626,47.428573],[-91.206336,47.428549],[-91.206447,47.428624],[-91.206509,47.428627],[-91.206626,47.428572],[-91.206672,47.42854],[-91.206714,47.428552],[-91.206766,47.428526],[-91.206832,47.428527],[-91.206862,47.428514],[-91.206944,47.428439],[-91.20704,47.428398],[-91.207086,47.428399],[-91.207113,47.428362],[-91.207228,47.428406],[-91.207274,47.428393],[-91.207307,47.428281],[-91.20738,47.428109],[-91.207462,47.428048],[-91.207527,47.428017],[-91.207655,47.427976],[-91.207744,47.428006],[-91.207828,47.42802],[-91.207897,47.428007],[-91.208008,47.427958],[-91.208037,47.427959],[-91.208103,47.427935],[-91.208155,47.427936],[-91.208295,47.427892],[-91.208313,47.427894],[-91.208333,47.427885],[-91.208416,47.42776],[-91.208514,47.427745],[-91.208589,47.427638],[-91.208678,47.427597],[-91.208716,47.427592],[-91.208748,47.427606],[-91.208816,47.427567],[-91.208867,47.427574],[-91.208906,47.427559],[-91.208922,47.427533],[-91.20903,47.427433],[-91.209085,47.427402],[-91.209164,47.427455],[-91.209223,47.42744],[-91.209244,47.427414],[-91.209294,47.427416],[-91.209349,47.427437],[-91.209377,47.427425],[-91.209418,47.427386],[-91.209462,47.427368],[-91.209538,47.427365],[-91.209585,47.427382],[-91.209653,47.427388],[-91.209762,47.42736],[-91.209826,47.427333],[-91.209848,47.42731],[-91.209963,47.427089],[-91.209997,47.427059],[-91.210031,47.427047],[-91.210121,47.426964],[-91.210183,47.42697],[-91.210241,47.426988],[-91.210417,47.426987],[-91.21047,47.426966],[-91.21057,47.426955],[-91.210609,47.426919],[-91.21067,47.426909],[-91.210725,47.42691],[-91.210869,47.426877],[-91.21092,47.426876],[-91.210953,47.426863],[-91.211005,47.426792],[-91.211045,47.426795],[-91.211084,47.426811],[-91.211107,47.426809],[-91.211156,47.426763],[-91.211292,47.426577],[-91.211467,47.426498],[-91.211535,47.426363],[-91.211562,47.426362],[-91.211625,47.426392],[-91.211725,47.426395],[-91.211775,47.426385],[-91.211839,47.426395],[-91.211898,47.426387],[-91.211947,47.426355],[-91.21206,47.426373],[-91.212309,47.426365],[-91.2124,47.426399],[-91.21256,47.426435],[-91.212664,47.42642],[-91.212687,47.426402],[-91.212724,47.426402],[-91.212747,47.426375],[-91.212788,47.426393],[-91.212854,47.426376],[-91.212908,47.426381],[-91.212938,47.426356],[-91.212954,47.426295],[-91.213105,47.426244],[-91.213348,47.426282],[-91.213448,47.426346],[-91.213495,47.426358],[-91.213555,47.426404],[-91.213717,47.426432],[-91.213763,47.426451],[-91.213824,47.426443],[-91.21394,47.426446],[-91.213992,47.42647],[-91.214048,47.426456],[-91.214114,47.426426],[-91.214272,47.426392],[-91.214377,47.426416],[-91.214515,47.426415],[-91.214586,47.426403],[-91.214664,47.426417],[-91.21477,47.426455],[-91.214856,47.426453],[-91.214956,47.42649],[-91.21497,47.426483],[-91.214985,47.426514],[-91.215017,47.426521],[-91.215056,47.426571],[-91.215239,47.426595],[-91.215488,47.426658],[-91.2155,47.426751],[-91.21562,47.426946],[-91.215727,47.42703],[-91.215834,47.427081],[-91.215903,47.427138],[-91.215913,47.427279],[-91.21587,47.427487],[-91.215801,47.427718],[-91.21584,47.427838],[-91.215866,47.428018],[-91.215907,47.428097],[-91.21593,47.428203],[-91.215976,47.428296],[-91.216067,47.428424],[-91.216118,47.428468],[-91.21616,47.428473],[-91.216251,47.428543],[-91.216286,47.428666],[-91.216365,47.428838],[-91.216409,47.428909],[-91.216567,47.429],[-91.21669,47.429116],[-91.216885,47.429249],[-91.217044,47.429246],[-91.217346,47.42914],[-91.217527,47.42912],[-91.217596,47.429155],[-91.217691,47.429223],[-91.217885,47.429198],[-91.217926,47.429235],[-91.218043,47.429403],[-91.218228,47.429495],[-91.218247,47.429493],[-91.218273,47.429529],[-91.218356,47.429585],[-91.218366,47.429622],[-91.218393,47.429646],[-91.218443,47.429669],[-91.218504,47.429721],[-91.218767,47.429809],[-91.219012,47.42965],[-91.219192,47.429607],[-91.219363,47.429627],[-91.219457,47.429658],[-91.219497,47.42965],[-91.219508,47.429687],[-91.219537,47.429722],[-91.219615,47.429735],[-91.219883,47.42984],[-91.220009,47.429825],[-91.220095,47.429825],[-91.220138,47.429849],[-91.220151,47.429882],[-91.220202,47.429925],[-91.220217,47.429921],[-91.220301,47.429983],[-91.220499,47.430036],[-91.220667,47.430109],[-91.220716,47.430148],[-91.220776,47.430161],[-91.220868,47.430149],[-91.221161,47.430319],[-91.221196,47.4303],[-91.221263,47.430346],[-91.221349,47.430357],[-91.221375,47.430379],[-91.221397,47.430467],[-91.221564,47.430587],[-91.221617,47.430608],[-91.221683,47.430671],[-91.221705,47.43073],[-91.221738,47.430762],[-91.22184,47.430802],[-91.222256,47.430802],[-91.222279,47.430822],[-91.222329,47.430817],[-91.222362,47.430804],[-91.222441,47.430798],[-91.222498,47.430834],[-91.222541,47.430843],[-91.222604,47.430826],[-91.2227,47.430838],[-91.222765,47.430835],[-91.222887,47.430865],[-91.222961,47.430898],[-91.223066,47.431118],[-91.22317,47.431138],[-91.223232,47.43113],[-91.223282,47.431137],[-91.223312,47.431114],[-91.223361,47.431052],[-91.223355,47.431],[-91.22338,47.430973],[-91.223442,47.430945],[-91.22346,47.430933],[-91.223486,47.430933],[-91.223509,47.430921],[-91.223671,47.430764],[-91.223726,47.430709],[-91.223756,47.430682],[-91.22378,47.430685],[-91.223852,47.430677],[-91.22392,47.43066],[-91.223971,47.430622],[-91.223988,47.430604],[-91.224067,47.430595],[-91.224136,47.430609],[-91.224247,47.430532],[-91.224324,47.430501],[-91.224366,47.430496],[-91.224541,47.430354],[-91.224571,47.430312],[-91.224638,47.430282],[-91.224754,47.430201],[-91.224822,47.430184],[-91.224918,47.430131],[-91.224998,47.430172],[-91.225124,47.430156],[-91.225264,47.430174],[-91.225391,47.430172],[-91.225423,47.430185],[-91.22556,47.430159],[-91.225709,47.43011],[-91.225784,47.430038],[-91.226085,47.429946],[-91.226174,47.429889],[-91.226302,47.429852],[-91.22636,47.429822],[-91.226501,47.429798],[-91.226676,47.429719],[-91.22671,47.429739],[-91.22683,47.429731],[-91.226906,47.429694],[-91.227015,47.429675],[-91.227038,47.429729],[-91.22709,47.42975],[-91.227113,47.429816],[-91.227165,47.429817],[-91.227214,47.429861],[-91.227323,47.429838],[-91.227376,47.429837],[-91.227469,47.429803],[-91.227536,47.42976],[-91.227561,47.429726],[-91.227643,47.429666],[-91.227681,47.429641],[-91.22771,47.429589],[-91.227816,47.42945],[-91.227892,47.429283],[-91.227968,47.429178],[-91.227987,47.429131],[-91.227947,47.429091],[-91.227754,47.429065],[-91.227771,47.42898],[-91.228019,47.428991],[-91.228161,47.428954],[-91.228393,47.428823],[-91.228643,47.428759],[-91.228876,47.428657],[-91.228941,47.42861],[-91.228939,47.428599],[-91.229001,47.428545],[-91.229182,47.428399],[-91.229319,47.428336],[-91.229406,47.428169],[-91.229396,47.428069],[-91.229388,47.428095],[-91.229351,47.428053],[-91.229491,47.428045],[-91.229388,47.428154],[-91.22939,47.428103],[-91.229433,47.42808],[-91.229413,47.428088],[-91.22939,47.428134],[-91.229398,47.428142],[-91.229375,47.428187],[-91.22937,47.428229],[-91.229278,47.428401],[-91.229098,47.428492],[-91.229053,47.428509],[-91.229038,47.428509],[-91.229039,47.428504],[-91.229018,47.428536],[-91.228957,47.428566],[-91.228946,47.428581],[-91.228954,47.428598],[-91.228934,47.428617],[-91.228701,47.428723],[-91.228488,47.428826],[-91.228439,47.428848],[-91.2282,47.428942],[-91.228039,47.429034],[-91.22798,47.42921],[-91.227938,47.42939],[-91.227883,47.429462],[-91.227803,47.429515],[-91.227736,47.429578],[-91.22771,47.429598],[-91.227694,47.42961],[-91.227623,47.429676],[-91.227635,47.429706],[-91.227631,47.429723],[-91.227509,47.429807],[-91.227379,47.429931],[-91.227307,47.429944],[-91.227269,47.429941],[-91.227231,47.429907],[-91.22714,47.429865],[-91.226831,47.429856],[-91.226745,47.429866],[-91.226622,47.429845],[-91.226315,47.429901],[-91.226231,47.429939],[-91.226187,47.42997],[-91.226056,47.430006],[-91.225973,47.430048],[-91.225918,47.430091],[-91.225825,47.430132],[-91.225578,47.430217],[-91.225334,47.430231],[-91.225152,47.430221],[-91.22504,47.43024],[-91.224932,47.430238],[-91.22484,47.430283],[-91.224734,47.430303],[-91.224616,47.43036],[-91.224482,47.430443],[-91.22443,47.430451],[-91.224414,47.430451],[-91.224144,47.430544],[-91.224103,47.430567],[-91.223998,47.430613],[-91.223968,47.430616],[-91.223827,47.430668],[-91.223764,47.430689],[-91.2237,47.430733],[-91.223696,47.430741],[-91.223656,47.430766],[-91.223582,47.430824],[-91.223477,47.430872],[-91.223464,47.430885],[-91.223454,47.430913],[-91.223447,47.43097],[-91.223448,47.430982],[-91.223443,47.431012],[-91.223412,47.431073],[-91.223417,47.431127],[-91.22345,47.431175],[-91.223606,47.431316],[-91.223637,47.43132],[-91.223679,47.431307],[-91.223726,47.431319],[-91.223795,47.431319],[-91.22404,47.431363],[-91.224079,47.431361],[-91.224185,47.431379],[-91.224327,47.431412],[-91.224539,47.4315],[-91.224654,47.431564],[-91.224707,47.431674],[-91.224791,47.431763],[-91.224849,47.432075],[-91.224753,47.432227],[-91.224672,47.432316],[-91.224626,47.43239],[-91.224534,47.432487],[-91.224451,47.432523],[-91.224414,47.432548],[-91.224361,47.432609],[-91.224345,47.432655],[-91.224334,47.432846],[-91.224162,47.432996],[-91.223961,47.433129],[-91.223348,47.433492],[-91.223151,47.433619],[-91.22271,47.433846],[-91.221885,47.434207],[-91.221623,47.434292],[-91.221364,47.434364],[-91.221126,47.43445],[-91.220975,47.434517],[-91.220973,47.434597],[-91.221,47.434736],[-91.221075,47.434883],[-91.221113,47.435006],[-91.221161,47.435054],[-91.221294,47.435145],[-91.22145,47.435202],[-91.221489,47.435234],[-91.221499,47.435274],[-91.221502,47.435504],[-91.221541,47.435623],[-91.221577,47.435676],[-91.221589,47.435791],[-91.221617,47.435877],[-91.22167,47.436139],[-91.221677,47.436202],[-91.221644,47.436246],[-91.221496,47.436359],[-91.221403,47.436454],[-91.221328,47.436571],[-91.221335,47.436699],[-91.221367,47.436771],[-91.22137,47.436945],[-91.221326,47.436985],[-91.221311,47.437038],[-91.221191,47.437144],[-91.221123,47.437188],[-91.22092,47.437284],[-91.220814,47.437297],[-91.220708,47.437334],[-91.220675,47.437371],[-91.220587,47.437416],[-91.22056,47.437421],[-91.220457,47.437501],[-91.220173,47.437675],[-91.220124,47.437725],[-91.21988,47.437925],[-91.219838,47.437927],[-91.219767,47.437955],[-91.21969,47.438015],[-91.219613,47.438053],[-91.219506,47.438124],[-91.219446,47.438186],[-91.219398,47.438213],[-91.219316,47.438332],[-91.219154,47.438445],[-91.219085,47.438543],[-91.218993,47.438639],[-91.218943,47.438678],[-91.218932,47.438735],[-91.218859,47.4388],[-91.218837,47.438836],[-91.218836,47.438971],[-91.218866,47.439053],[-91.218941,47.439154],[-91.219023,47.439198],[-91.219065,47.439258],[-91.219035,47.439395],[-91.219077,47.439478],[-91.219089,47.439538],[-91.219124,47.4396],[-91.219198,47.439702],[-91.219377,47.439809],[-91.219499,47.439898],[-91.219626,47.44012],[-91.219709,47.440216],[-91.219765,47.440355],[-91.219792,47.440394],[-91.219814,47.440465],[-91.219855,47.440519],[-91.219881,47.440602],[-91.219858,47.440713],[-91.219894,47.440955],[-91.219873,47.441011],[-91.219898,47.441102],[-91.219942,47.441183],[-91.219967,47.441267],[-91.220084,47.44138],[-91.220128,47.441399],[-91.22014,47.441443],[-91.220181,47.441493],[-91.220151,47.441566],[-91.220065,47.441623],[-91.219946,47.44178],[-91.219914,47.441892],[-91.219838,47.442008],[-91.219804,47.442033],[-91.219703,47.442171],[-91.219616,47.442373],[-91.21958,47.442557],[-91.219595,47.442621],[-91.21959,47.442775],[-91.219605,47.442928],[-91.219655,47.443082],[-91.219708,47.443148],[-91.219747,47.443164],[-91.219802,47.443255],[-91.219838,47.443287],[-91.219858,47.443342],[-91.219918,47.443398],[-91.219951,47.44345],[-91.219992,47.443557],[-91.220067,47.443644],[-91.220107,47.443742],[-91.2202,47.443875],[-91.220228,47.443968],[-91.220255,47.444145],[-91.220287,47.444221],[-91.2204,47.44434],[-91.220621,47.444449],[-91.220781,47.444572],[-91.220876,47.444749],[-91.220967,47.444875],[-91.221061,47.444958],[-91.221165,47.445032],[-91.221261,47.445063],[-91.221557,47.445],[-91.221774,47.445015],[-91.221851,47.445003],[-91.222123,47.44496],[-91.222304,47.444899],[-91.222323,47.444906],[-91.222494,47.444891],[-91.222747,47.444921],[-91.22293,47.444924],[-91.223054,47.444967],[-91.223156,47.444975],[-91.223199,47.444965],[-91.223325,47.444967],[-91.223374,47.445007],[-91.223599,47.445294],[-91.223626,47.44531],[-91.223703,47.445393],[-91.223769,47.445553],[-91.223769,47.445955],[-91.223834,47.446149],[-91.223822,47.446244],[-91.223828,47.446299],[-91.223821,47.44635],[-91.223733,47.446462],[-91.223749,47.44651],[-91.223745,47.446568],[-91.223726,47.446622],[-91.223692,47.446652],[-91.223653,47.446752],[-91.223558,47.446861],[-91.223513,47.446877],[-91.22336,47.446882],[-91.22331,47.446916],[-91.223295,47.446949],[-91.22328,47.446951],[-91.223177,47.446894],[-91.223151,47.446862],[-91.223147,47.446818],[-91.223124,47.446771],[-91.223004,47.446748],[-91.222888,47.446818],[-91.222837,47.446816],[-91.222756,47.446835],[-91.222712,47.446865],[-91.222637,47.446889],[-91.222568,47.446898],[-91.222507,47.446925],[-91.222483,47.446954],[-91.222427,47.446976],[-91.222271,47.446973],[-91.222151,47.447016],[-91.22207,47.447099],[-91.222008,47.447209],[-91.221911,47.447285],[-91.221841,47.447394],[-91.221824,47.447458],[-91.221821,47.447602],[-91.221832,47.447627],[-91.22182,47.447803],[-91.221738,47.447877],[-91.221635,47.447941],[-91.221619,47.447966],[-91.22153,47.448019],[-91.2215,47.448045],[-91.221482,47.448082],[-91.221416,47.448112],[-91.221357,47.448184],[-91.221048,47.448355],[-91.220897,47.448395],[-91.220858,47.448425],[-91.220707,47.448449],[-91.220657,47.448465],[-91.220304,47.448648],[-91.220271,47.448647],[-91.220214,47.44866],[-91.220161,47.448656],[-91.22009,47.448607],[-91.220001,47.448574],[-91.219933,47.448535],[-91.219888,47.448518],[-91.219844,47.448519],[-91.219772,47.448486],[-91.219501,47.448492],[-91.21943,47.448616],[-91.219431,47.448644],[-91.219462,47.448676],[-91.219677,47.448741],[-91.219714,47.448745],[-91.21978,47.448776],[-91.219841,47.448822],[-91.219868,47.448865],[-91.219934,47.448931],[-91.220114,47.449084],[-91.220222,47.449213],[-91.220307,47.449285],[-91.22031,47.44934],[-91.22025,47.449528],[-91.22018,47.449624],[-91.220083,47.449707],[-91.219949,47.449773],[-91.219784,47.449819],[-91.219489,47.44975],[-91.219231,47.449724],[-91.219198,47.449748],[-91.219103,47.449774],[-91.219024,47.449779],[-91.218807,47.44977],[-91.218644,47.449788],[-91.218461,47.449783],[-91.218328,47.449825],[-91.218128,47.449849],[-91.217915,47.449935],[-91.217816,47.449953],[-91.217597,47.450078],[-91.217583,47.450246],[-91.217568,47.45029],[-91.217541,47.450327],[-91.217466,47.450374],[-91.217303,47.450453],[-91.217067,47.450549],[-91.216974,47.450567],[-91.216842,47.450634],[-91.216675,47.450857],[-91.216619,47.450968],[-91.216598,47.45098],[-91.216529,47.451094],[-91.216421,47.451235],[-91.216357,47.451297],[-91.216283,47.451316],[-91.216201,47.451358],[-91.216163,47.451421],[-91.216112,47.451439],[-91.216046,47.451479],[-91.215982,47.451543],[-91.215937,47.451572],[-91.215841,47.451597],[-91.215797,47.451622],[-91.215688,47.451716],[-91.215647,47.451795],[-91.215696,47.451939],[-91.215663,47.452036],[-91.215608,47.452114],[-91.215559,47.452163],[-91.21545,47.452242],[-91.215429,47.452271],[-91.215318,47.452288],[-91.215062,47.452372],[-91.214903,47.452452],[-91.214847,47.452491],[-91.21478,47.4525],[-91.214685,47.452481],[-91.214619,47.452499],[-91.214505,47.452499],[-91.21429,47.452751],[-91.214117,47.45283],[-91.213995,47.45283],[-91.213934,47.452865],[-91.213897,47.452858],[-91.213783,47.452794],[-91.213557,47.452757],[-91.213408,47.452693],[-91.213329,47.452691],[-91.213198,47.452722],[-91.213175,47.452737],[-91.213062,47.452739],[-91.213061,47.452745],[-91.213169,47.452762],[-91.213236,47.452799],[-91.213334,47.452983],[-91.213438,47.453121],[-91.213525,47.453175],[-91.213631,47.453297],[-91.213859,47.453528],[-91.213977,47.453572],[-91.214036,47.453578],[-91.214125,47.453606],[-91.214241,47.453664],[-91.214275,47.453711],[-91.214305,47.453726],[-91.214363,47.4538],[-91.214462,47.454019],[-91.214537,47.454117],[-91.214548,47.454241],[-91.214601,47.454372],[-91.214714,47.454422],[-91.214751,47.454424],[-91.214848,47.454502],[-91.214866,47.454566],[-91.214876,47.454684],[-91.21487,47.454822],[-91.214851,47.454873],[-91.214857,47.45497],[-91.214917,47.455153],[-91.214912,47.455211],[-91.214763,47.455392],[-91.214671,47.455531],[-91.214624,47.455629],[-91.214359,47.455892],[-91.214311,47.455981],[-91.214259,47.456162],[-91.214272,47.456216],[-91.214307,47.456284],[-91.214428,47.456444],[-91.214479,47.456545],[-91.214616,47.456664],[-91.214678,47.456735],[-91.214831,47.456835],[-91.214917,47.456985],[-91.214943,47.457002],[-91.214966,47.457122],[-91.215028,47.4573],[-91.215081,47.457568],[-91.215102,47.457624],[-91.215165,47.45765],[-91.21519,47.457729],[-91.215362,47.45789],[-91.215451,47.457949],[-91.215525,47.458013],[-91.215568,47.458106],[-91.215638,47.458157],[-91.215684,47.458245],[-91.215632,47.458416],[-91.215591,47.458453],[-91.215455,47.458524],[-91.215328,47.458694],[-91.215299,47.4588],[-91.215236,47.458924],[-91.215212,47.458995],[-91.215235,47.459069],[-91.215184,47.459198],[-91.215162,47.459308],[-91.215188,47.459405],[-91.215193,47.459524],[-91.215129,47.459592],[-91.215016,47.459676],[-91.214874,47.459811],[-91.214833,47.45992],[-91.214656,47.460041],[-91.214556,47.460127],[-91.21447,47.460172],[-91.214406,47.460237],[-91.214407,47.46027],[-91.214517,47.460389],[-91.21459,47.460399],[-91.214595,47.460414],[-91.214583,47.460428],[-91.214593,47.460632],[-91.214562,47.460702],[-91.21458,47.460726],[-91.214556,47.46088],[-91.214583,47.460991],[-91.214648,47.461053],[-91.214739,47.461171],[-91.214806,47.461214],[-91.214841,47.461271],[-91.214938,47.461332],[-91.214979,47.461347],[-91.215049,47.461429],[-91.215101,47.461458],[-91.215167,47.461544],[-91.215279,47.461613],[-91.215447,47.461756],[-91.215633,47.46203],[-91.215778,47.462193],[-91.215825,47.462297],[-91.215928,47.462427],[-91.21593,47.462452],[-91.215899,47.462494],[-91.215882,47.462584],[-91.215837,47.462669],[-91.21587,47.462756],[-91.21585,47.462796],[-91.215867,47.462898],[-91.215889,47.462947],[-91.215951,47.463003],[-91.215981,47.463088],[-91.216039,47.463133],[-91.21617,47.463209],[-91.216194,47.463328],[-91.216162,47.463467],[-91.216213,47.463638],[-91.21622,47.463731],[-91.216309,47.463922],[-91.216298,47.464037],[-91.216304,47.46412],[-91.216292,47.464162],[-91.216221,47.464271],[-91.216214,47.464299],[-91.216285,47.4644],[-91.216373,47.464619],[-91.216354,47.464639],[-91.216305,47.464769],[-91.216279,47.46481],[-91.216219,47.464846],[-91.216193,47.464875],[-91.215972,47.464941],[-91.21581,47.464933],[-91.215715,47.464935],[-91.215633,47.464948],[-91.215494,47.464977],[-91.215318,47.46506],[-91.215249,47.465078],[-91.215089,47.465197],[-91.215042,47.465277],[-91.214964,47.465355],[-91.214912,47.465427],[-91.214895,47.465488],[-91.214856,47.465525],[-91.214835,47.465564],[-91.214846,47.465595],[-91.214838,47.465613],[-91.214781,47.465639],[-91.21472,47.465646],[-91.214694,47.465667],[-91.214503,47.465643],[-91.214471,47.465655],[-91.214483,47.465701],[-91.214641,47.465837],[-91.214693,47.465896],[-91.214711,47.465947],[-91.214717,47.466015],[-91.214803,47.466092],[-91.214917,47.466294],[-91.214891,47.466518],[-91.214944,47.466657],[-91.214983,47.466872],[-91.21495,47.466976],[-91.214951,47.467075],[-91.214968,47.467138],[-91.215007,47.467205],[-91.215007,47.467246],[-91.215027,47.467274],[-91.215039,47.467463],[-91.21502,47.467511],[-91.215018,47.467606],[-91.215004,47.467635],[-91.214897,47.467748],[-91.214868,47.467796],[-91.214835,47.46789],[-91.214751,47.467984],[-91.214589,47.4681],[-91.214542,47.468173],[-91.214554,47.468228],[-91.214539,47.468337],[-91.214548,47.468456],[-91.214489,47.468481],[-91.21444,47.468525],[-91.214437,47.468642],[-91.214467,47.468899],[-91.214524,47.469012],[-91.214524,47.46906],[-91.2145,47.469103],[-91.214463,47.469126],[-91.214417,47.469186],[-91.214413,47.469239],[-91.214346,47.469307],[-91.214328,47.469352],[-91.21434,47.469454],[-91.214382,47.469521],[-91.214381,47.469552],[-91.214401,47.46959],[-91.214495,47.469659],[-91.214546,47.469725],[-91.214684,47.469827],[-91.214704,47.469865],[-91.214747,47.46991],[-91.21471,47.46992],[-91.214663,47.469985],[-91.214601,47.470047],[-91.214566,47.470112],[-91.214464,47.470174],[-91.214405,47.470179],[-91.214361,47.470204],[-91.214329,47.470212],[-91.214284,47.470215],[-91.214143,47.470203],[-91.214007,47.470221],[-91.213852,47.47023],[-91.213756,47.470263],[-91.213693,47.470312],[-91.213467,47.470416],[-91.213349,47.470562],[-91.213253,47.470652],[-91.213124,47.470724],[-91.213055,47.470777],[-91.213008,47.470797],[-91.212986,47.470821],[-91.212978,47.470902],[-91.212939,47.471017],[-91.212947,47.471035],[-91.212933,47.471065],[-91.212937,47.471082],[-91.212893,47.471197],[-91.212901,47.471312],[-91.212876,47.471369],[-91.212851,47.471394],[-91.212813,47.471414],[-91.212764,47.471461],[-91.212695,47.471499],[-91.21262,47.471508],[-91.212484,47.47154],[-91.212408,47.471576],[-91.212241,47.471605],[-91.212185,47.471606],[-91.212135,47.471592],[-91.212118,47.471575],[-91.212018,47.471544],[-91.211964,47.471485],[-91.211934,47.471476],[-91.211834,47.471463],[-91.211804,47.471469],[-91.211712,47.471462],[-91.211585,47.471435],[-91.211486,47.471434],[-91.211233,47.471396],[-91.211156,47.47135],[-91.210993,47.471282],[-91.210932,47.47126],[-91.210827,47.471242],[-91.210795,47.471224],[-91.210758,47.471179],[-91.210621,47.471112],[-91.210344,47.471105],[-91.210301,47.471092],[-91.210277,47.471063],[-91.210114,47.470998],[-91.209974,47.470879],[-91.209882,47.470863],[-91.209792,47.470802],[-91.209743,47.470745],[-91.209692,47.470719],[-91.209636,47.470674],[-91.209606,47.470667],[-91.209568,47.470641],[-91.20944,47.470617],[-91.209372,47.470592],[-91.209341,47.470562],[-91.209312,47.470548],[-91.209229,47.470534],[-91.209098,47.47058],[-91.208997,47.47054],[-91.208965,47.470539],[-91.208944,47.470547],[-91.208905,47.470523],[-91.208857,47.470513],[-91.208788,47.470511],[-91.208708,47.470537],[-91.20869,47.47055],[-91.208658,47.470555],[-91.2086,47.470584],[-91.208394,47.470592],[-91.208316,47.470636],[-91.208333,47.470742],[-91.208221,47.470907],[-91.208191,47.470936],[-91.208164,47.470985],[-91.208147,47.471058],[-91.208114,47.471093],[-91.208075,47.471117],[-91.208069,47.471137],[-91.20802,47.471181],[-91.207998,47.471193],[-91.20782,47.471236],[-91.207755,47.471221],[-91.207703,47.471197],[-91.207605,47.47119],[-91.207519,47.471197],[-91.207512,47.471205],[-91.207522,47.471253],[-91.207493,47.471282],[-91.207438,47.4713],[-91.207391,47.471354],[-91.207352,47.47144],[-91.207349,47.47149],[-91.207301,47.471513],[-91.20723,47.471564],[-91.207213,47.471606],[-91.207087,47.47174],[-91.206833,47.471713],[-91.206769,47.471718],[-91.206715,47.471681],[-91.206638,47.471658],[-91.206533,47.471645],[-91.206471,47.471648],[-91.206399,47.47159],[-91.206374,47.471555],[-91.206312,47.471513],[-91.206256,47.471505],[-91.206185,47.471469],[-91.206108,47.471472],[-91.205929,47.471396],[-91.205848,47.471332],[-91.205802,47.47124],[-91.205697,47.471211],[-91.205682,47.471216],[-91.205629,47.471257],[-91.205546,47.471295],[-91.205598,47.471374],[-91.205519,47.47147],[-91.205481,47.471596],[-91.205482,47.471627],[-91.205496,47.471646],[-91.205508,47.471647],[-91.205529,47.471712],[-91.205675,47.471769],[-91.205715,47.471803],[-91.205734,47.471804],[-91.205757,47.471824],[-91.206059,47.471955],[-91.206105,47.472003],[-91.206125,47.47206],[-91.206157,47.472087],[-91.206206,47.472114],[-91.206267,47.472167],[-91.206392,47.472235],[-91.206413,47.472308],[-91.206452,47.472361],[-91.206493,47.472394],[-91.206487,47.472431],[-91.206445,47.472464],[-91.206362,47.4725],[-91.206245,47.472497],[-91.206154,47.472504],[-91.206073,47.472498],[-91.205998,47.472504],[-91.205902,47.472485],[-91.205721,47.472481],[-91.205583,47.472505],[-91.205397,47.47256],[-91.205257,47.47265],[-91.205212,47.472666],[-91.205126,47.472715],[-91.205038,47.472742],[-91.205002,47.472744],[-91.204852,47.472833],[-91.204685,47.472819],[-91.204606,47.472856],[-91.204562,47.47289],[-91.204418,47.472951],[-91.204191,47.473027],[-91.204132,47.473061],[-91.204083,47.473068],[-91.203995,47.473125],[-91.203855,47.473169],[-91.203673,47.473287],[-91.203472,47.473384],[-91.203246,47.473603],[-91.203095,47.473634],[-91.202977,47.473699],[-91.202913,47.473759],[-91.202869,47.473847],[-91.202843,47.473993],[-91.202854,47.474066],[-91.202835,47.474145],[-91.20272,47.474236],[-91.202625,47.474265],[-91.202531,47.474308],[-91.202487,47.474354],[-91.202453,47.474437],[-91.202301,47.474555],[-91.202255,47.474636],[-91.202211,47.474666],[-91.202172,47.474715],[-91.202146,47.474805],[-91.202162,47.474863],[-91.202094,47.474959],[-91.202057,47.474992],[-91.201976,47.47511],[-91.201979,47.475123],[-91.20195,47.475154],[-91.201901,47.475177],[-91.20187,47.475188],[-91.201826,47.475187],[-91.201773,47.4752],[-91.201724,47.475227],[-91.201655,47.475353],[-91.201581,47.475411],[-91.201557,47.475419],[-91.201529,47.47545],[-91.201492,47.475518],[-91.201472,47.475672],[-91.201428,47.475703],[-91.201392,47.475753],[-91.201317,47.475786],[-91.201294,47.475812],[-91.201282,47.475875],[-91.201289,47.475919],[-91.20125,47.475992],[-91.201245,47.476044],[-91.201283,47.476218],[-91.201231,47.476292],[-91.201083,47.476416],[-91.20084,47.476556],[-91.200788,47.476609],[-91.200761,47.476659],[-91.200602,47.476759],[-91.200504,47.476791],[-91.200405,47.476851],[-91.200403,47.476882],[-91.200471,47.476961],[-91.200455,47.477035],[-91.200481,47.477155],[-91.200444,47.477236],[-91.200446,47.47726],[-91.200416,47.477279],[-91.200207,47.47734],[-91.200112,47.477336],[-91.199974,47.477363],[-91.199909,47.47735],[-91.199884,47.477353],[-91.199847,47.47736],[-91.19978,47.477397],[-91.199681,47.477471],[-91.199624,47.477551],[-91.199558,47.477586],[-91.199524,47.477651],[-91.199486,47.477682],[-91.199451,47.477737],[-91.199361,47.477809],[-91.1993,47.477832],[-91.199282,47.477867],[-91.199244,47.477885],[-91.199183,47.477967],[-91.199165,47.478021],[-91.199089,47.478052],[-91.199032,47.478107],[-91.198968,47.478203],[-91.198896,47.478249],[-91.198861,47.478252],[-91.198817,47.478275],[-91.198797,47.478296],[-91.198794,47.47834],[-91.198818,47.478388],[-91.198822,47.478433],[-91.198795,47.478494],[-91.198712,47.47856],[-91.198652,47.478641],[-91.198652,47.478669],[-91.198671,47.478691],[-91.198723,47.478713],[-91.198811,47.478725],[-91.198895,47.47875],[-91.199029,47.478738],[-91.19911,47.478739],[-91.199193,47.478776],[-91.19924,47.478825],[-91.199276,47.478847],[-91.199618,47.478949],[-91.199667,47.478984],[-91.199822,47.478955],[-91.199993,47.478942],[-91.200063,47.478961],[-91.200268,47.478941],[-91.20034,47.478915],[-91.200395,47.478864],[-91.200474,47.478822],[-91.200639,47.478775],[-91.200671,47.47875],[-91.200696,47.478744],[-91.200769,47.478747],[-91.200795,47.478734],[-91.200968,47.478714],[-91.201062,47.478688],[-91.201155,47.478679],[-91.201211,47.478682],[-91.201305,47.478646],[-91.201356,47.478608],[-91.201416,47.478634],[-91.201652,47.47862],[-91.201714,47.478608],[-91.201788,47.478608],[-91.201958,47.478656],[-91.202004,47.478649],[-91.202103,47.478669],[-91.202205,47.478633],[-91.202344,47.478645],[-91.202448,47.478614],[-91.202732,47.478602],[-91.202959,47.47865],[-91.20303,47.478655],[-91.203186,47.478734],[-91.203614,47.479058],[-91.203913,47.479077],[-91.203995,47.479121],[-91.20403,47.47915],[-91.20414,47.479179],[-91.20419,47.47921],[-91.204327,47.479215],[-91.204495,47.479367],[-91.204543,47.479424],[-91.204596,47.479513],[-91.20462,47.479536],[-91.204685,47.479568],[-91.204746,47.479653],[-91.2048,47.479699],[-91.204823,47.479748],[-91.20493,47.479829],[-91.205004,47.479917],[-91.20516,47.480012],[-91.205191,47.480019],[-91.205209,47.480007],[-91.205284,47.48013],[-91.205309,47.480152],[-91.205352,47.480245],[-91.205442,47.480315],[-91.205496,47.480416],[-91.205667,47.480533],[-91.205792,47.480605],[-91.205924,47.480735],[-91.205966,47.480828],[-91.206012,47.48086],[-91.206058,47.480938],[-91.206076,47.481024],[-91.206065,47.481132],[-91.206094,47.481149],[-91.206122,47.481141],[-91.206156,47.481151],[-91.206239,47.481077],[-91.20641,47.481085],[-91.206509,47.481075],[-91.20654,47.481103],[-91.20664,47.481155],[-91.20665,47.481217],[-91.206593,47.481318],[-91.206549,47.481465],[-91.20647,47.481481],[-91.2064,47.481456],[-91.206373,47.481413],[-91.206249,47.481361],[-91.206206,47.481361],[-91.206167,47.481351],[-91.206054,47.481367],[-91.206037,47.481377],[-91.205994,47.48134],[-91.205881,47.481287],[-91.205842,47.48128],[-91.205676,47.481365],[-91.205498,47.481517],[-91.205466,47.481499],[-91.20535,47.481492],[-91.205271,47.481524],[-91.205088,47.481505],[-91.205058,47.481574],[-91.205071,47.481725],[-91.204991,47.481933],[-91.204847,47.48196],[-91.204722,47.481931],[-91.204684,47.481911],[-91.204631,47.481909],[-91.204595,47.481875],[-91.204507,47.481839],[-91.204474,47.481843],[-91.204363,47.4819],[-91.20433,47.481894],[-91.204305,47.481882],[-91.204236,47.481811],[-91.203962,47.481784],[-91.203928,47.481761],[-91.203851,47.481741],[-91.203727,47.481737],[-91.203692,47.481726],[-91.203647,47.481737],[-91.203435,47.481651],[-91.203286,47.481675],[-91.203201,47.481673],[-91.203068,47.48169],[-91.203006,47.48168],[-91.202933,47.481647],[-91.202716,47.481621],[-91.202663,47.481621],[-91.202562,47.48157],[-91.202543,47.481503],[-91.202509,47.481494],[-91.202493,47.48146],[-91.202499,47.481418],[-91.202431,47.481433],[-91.202394,47.481451],[-91.202269,47.481411],[-91.202253,47.48141],[-91.202253,47.481422],[-91.202238,47.481424],[-91.202053,47.481435],[-91.202003,47.481433],[-91.201944,47.4814],[-91.201869,47.481388],[-91.201778,47.481401],[-91.20176,47.481379],[-91.201694,47.481352],[-91.20151,47.481224],[-91.201269,47.481221],[-91.201231,47.481198],[-91.201163,47.481198],[-91.201023,47.481132],[-91.200981,47.48112],[-91.200905,47.481126],[-91.200781,47.481159],[-91.200752,47.481192],[-91.200701,47.481209],[-91.200667,47.481201],[-91.200635,47.48121],[-91.20064,47.481292],[-91.200676,47.481416],[-91.200805,47.481559],[-91.200839,47.481572],[-91.200859,47.481596],[-91.20088,47.481675],[-91.200946,47.481739],[-91.201093,47.481851],[-91.201167,47.482086],[-91.201188,47.482284],[-91.201161,47.482346],[-91.201041,47.482445],[-91.200998,47.482499],[-91.20096,47.482564],[-91.200985,47.482604],[-91.200901,47.482687],[-91.200854,47.482698],[-91.200778,47.48274],[-91.200775,47.482758],[-91.200756,47.482766],[-91.200733,47.482795],[-91.200678,47.482822],[-91.200694,47.482889],[-91.200663,47.483069],[-91.200585,47.483117],[-91.200538,47.483132],[-91.200509,47.483151],[-91.20041,47.483161],[-91.200297,47.483147],[-91.200268,47.483131],[-91.200207,47.483124],[-91.20008,47.483159],[-91.199915,47.483147],[-91.199852,47.483161],[-91.199723,47.483139],[-91.199543,47.483139],[-91.199354,47.48321],[-91.199281,47.48322],[-91.199146,47.483271],[-91.198934,47.483265],[-91.198859,47.483299],[-91.198766,47.483278],[-91.198697,47.48324],[-91.19863,47.483222],[-91.198514,47.483174],[-91.198268,47.483158],[-91.198204,47.483167],[-91.198164,47.483232],[-91.198161,47.483368],[-91.198092,47.483428],[-91.198049,47.483449],[-91.197917,47.483477],[-91.197772,47.483523],[-91.197739,47.483554],[-91.197729,47.483577],[-91.197652,47.483592],[-91.197615,47.483661],[-91.197528,47.483749],[-91.197356,47.483833],[-91.197258,47.483837],[-91.197222,47.483828],[-91.197121,47.48376],[-91.197052,47.483725],[-91.196919,47.483722],[-91.19687,47.483706],[-91.196823,47.483706],[-91.196729,47.483746],[-91.196676,47.483801],[-91.196556,47.48385],[-91.19644,47.483926],[-91.196245,47.48397],[-91.196099,47.484028],[-91.196063,47.48405],[-91.196022,47.484054],[-91.195915,47.484094],[-91.195851,47.484143],[-91.195802,47.484141],[-91.195753,47.484152],[-91.195658,47.484131],[-91.195575,47.48407],[-91.19542,47.484],[-91.195352,47.483927],[-91.195347,47.483828],[-91.195309,47.483805],[-91.195259,47.483682],[-91.195242,47.483672],[-91.195219,47.48368],[-91.195135,47.483678],[-91.194954,47.483727],[-91.194863,47.483722],[-91.194748,47.483655],[-91.194649,47.483634],[-91.194623,47.483642],[-91.194555,47.483634],[-91.194498,47.483642],[-91.194422,47.483628],[-91.194354,47.483658],[-91.194258,47.483676],[-91.194115,47.483642],[-91.194078,47.483656],[-91.194024,47.483632],[-91.193946,47.483627],[-91.193868,47.483644],[-91.193834,47.483633],[-91.193738,47.483544],[-91.19368,47.483562],[-91.193653,47.483551],[-91.193547,47.483554],[-91.193442,47.483575],[-91.193313,47.483562],[-91.193182,47.48361],[-91.193096,47.483621],[-91.193027,47.483594],[-91.192912,47.483615],[-91.192833,47.483641],[-91.192815,47.483643],[-91.192783,47.483627],[-91.192721,47.483676],[-91.192652,47.483704],[-91.192642,47.483716],[-91.192619,47.483718],[-91.192592,47.483686],[-91.192545,47.483659],[-91.192515,47.483644],[-91.192471,47.483642],[-91.192458,47.483597],[-91.192383,47.48356],[-91.192382,47.483514],[-91.192345,47.483464],[-91.192113,47.483449],[-91.192008,47.483424],[-91.191923,47.483448],[-91.191886,47.48345],[-91.191834,47.483511],[-91.191809,47.48352],[-91.191759,47.483518],[-91.191677,47.483492],[-91.191615,47.483502],[-91.191459,47.483429],[-91.191416,47.483429],[-91.191312,47.483381],[-91.191271,47.483375],[-91.191145,47.483387],[-91.191107,47.483355],[-91.190953,47.483347],[-91.190871,47.483358],[-91.190509,47.483237],[-91.190475,47.483217],[-91.190396,47.483219],[-91.190303,47.483209],[-91.190241,47.483223],[-91.190172,47.483198],[-91.190133,47.483167],[-91.190071,47.48314],[-91.189951,47.483039],[-91.189855,47.483016],[-91.189789,47.483011],[-91.189655,47.482979],[-91.189524,47.482962],[-91.189444,47.48294],[-91.189233,47.482969],[-91.189183,47.482938],[-91.189038,47.482928],[-91.188948,47.482913],[-91.188899,47.482889],[-91.188747,47.482849],[-91.188559,47.482904],[-91.18853,47.482925],[-91.188442,47.482933],[-91.188285,47.482932],[-91.188181,47.482945],[-91.18815,47.482984],[-91.18813,47.482991],[-91.188061,47.482993],[-91.187936,47.482962],[-91.187862,47.482972],[-91.187825,47.482969],[-91.187713,47.482925],[-91.187632,47.482907],[-91.18729,47.482862],[-91.187122,47.482892],[-91.187012,47.482866],[-91.186897,47.482852],[-91.186697,47.482752],[-91.186574,47.482764],[-91.1865,47.482785],[-91.186392,47.482782],[-91.186274,47.482761],[-91.186152,47.482775],[-91.186041,47.482768],[-91.185958,47.482783],[-91.185835,47.482787],[-91.185801,47.482775],[-91.185643,47.482763],[-91.185423,47.482726],[-91.185365,47.48275],[-91.185261,47.482752],[-91.185211,47.482765],[-91.185162,47.482781],[-91.185076,47.482827],[-91.185043,47.482851],[-91.184976,47.482973],[-91.184859,47.483075],[-91.184783,47.483077],[-91.184657,47.483099],[-91.184579,47.483092],[-91.184521,47.483096],[-91.184402,47.48312],[-91.18435,47.48312],[-91.184188,47.483031],[-91.184117,47.483035],[-91.184034,47.483012],[-91.18393,47.482934],[-91.183865,47.482928],[-91.183843,47.482912],[-91.183723,47.482888],[-91.183572,47.482806],[-91.183539,47.48278],[-91.183461,47.482771],[-91.183426,47.482775],[-91.183366,47.48275],[-91.183246,47.48274],[-91.183202,47.48271],[-91.183091,47.482694],[-91.183036,47.482664],[-91.182869,47.482643],[-91.182803,47.482599],[-91.182771,47.482555],[-91.182601,47.48252],[-91.182558,47.482457],[-91.182517,47.482429],[-91.182473,47.482431],[-91.18235,47.482471],[-91.182327,47.482472],[-91.182266,47.482441],[-91.182247,47.482445],[-91.182068,47.482419],[-91.182072,47.482342],[-91.182043,47.482263],[-91.181985,47.482157],[-91.181945,47.48213],[-91.181883,47.482109],[-91.181823,47.482069],[-91.181799,47.482062],[-91.181771,47.482075],[-91.181683,47.482068],[-91.181602,47.48207],[-91.181564,47.48208],[-91.181505,47.482114],[-91.181459,47.48219],[-91.181289,47.482284],[-91.181031,47.482393],[-91.180928,47.482395],[-91.180867,47.482382],[-91.180793,47.482404],[-91.180685,47.482475],[-91.180556,47.482509],[-91.180489,47.482502],[-91.180406,47.482524],[-91.180356,47.482523],[-91.180318,47.482532],[-91.180294,47.482555],[-91.180275,47.48256],[-91.180202,47.482504],[-91.180054,47.482496],[-91.180013,47.482475],[-91.179991,47.482447],[-91.179878,47.482367],[-91.179754,47.482309],[-91.179605,47.482209],[-91.179528,47.482216],[-91.179438,47.482208],[-91.179355,47.482118],[-91.179182,47.4821],[-91.179112,47.482121],[-91.17894,47.482153],[-91.178748,47.482262],[-91.178731,47.482301],[-91.178746,47.482321],[-91.178757,47.482319],[-91.178755,47.482339],[-91.178734,47.482386],[-91.178715,47.482486],[-91.178683,47.48254],[-91.178565,47.482661],[-91.178488,47.482735],[-91.178472,47.482775],[-91.178471,47.48279],[-91.178476,47.482818],[-91.178478,47.482836],[-91.178442,47.482868],[-91.178486,47.482896],[-91.178452,47.482838],[-91.178547,47.482666],[-91.178551,47.482657],[-91.178654,47.482559],[-91.178691,47.482507],[-91.178734,47.482362],[-91.178704,47.482346],[-91.17865,47.482293],[-91.178582,47.482195],[-91.178515,47.482128],[-91.178404,47.482098],[-91.178253,47.482029],[-91.178239,47.482001],[-91.178143,47.481912],[-91.178073,47.481875],[-91.178027,47.481834],[-91.17786,47.481778],[-91.177677,47.48174],[-91.177518,47.481677],[-91.177484,47.481658],[-91.177409,47.481591],[-91.177362,47.481562],[-91.177319,47.481554],[-91.177232,47.481497],[-91.177184,47.481417],[-91.177203,47.481371],[-91.177198,47.481327],[-91.17714,47.481263],[-91.177102,47.481141],[-91.176981,47.481045],[-91.17692,47.481017],[-91.176885,47.480986],[-91.176803,47.480943],[-91.176736,47.480941],[-91.176535,47.480857],[-91.17644,47.48084],[-91.176253,47.480786],[-91.17619,47.480759],[-91.176118,47.480744],[-91.175862,47.480643],[-91.175661,47.480613],[-91.17545,47.480621],[-91.175214,47.48059],[-91.175026,47.480527],[-91.174963,47.480493],[-91.174927,47.480458],[-91.174772,47.480222],[-91.174702,47.48009],[-91.174411,47.479994],[-91.174379,47.47996],[-91.174296,47.479916],[-91.174131,47.479893],[-91.173968,47.479895],[-91.173785,47.479857],[-91.173743,47.479865],[-91.17364,47.479842],[-91.173552,47.479842],[-91.173517,47.479835],[-91.1734,47.479842],[-91.173342,47.47983],[-91.173227,47.479789],[-91.173061,47.479757],[-91.172911,47.479764],[-91.172895,47.479771],[-91.17252,47.47968],[-91.172455,47.479679],[-91.172284,47.479636],[-91.172209,47.479598],[-91.172039,47.479572],[-91.171919,47.479527],[-91.171777,47.479513],[-91.171622,47.479517],[-91.1716,47.479507],[-91.171577,47.479474],[-91.171524,47.479429],[-91.171468,47.479395],[-91.171445,47.479353],[-91.17139,47.479309],[-91.171159,47.479298],[-91.171075,47.479325],[-91.170803,47.479352],[-91.170711,47.479342],[-91.170434,47.479346],[-91.170317,47.479316],[-91.170272,47.479298],[-91.170176,47.479229],[-91.170098,47.479144],[-91.170056,47.479044],[-91.170019,47.479025],[-91.169825,47.478967],[-91.169783,47.478939],[-91.169625,47.478899],[-91.1696,47.478902],[-91.169449,47.478845],[-91.169417,47.478805],[-91.169372,47.478682],[-91.169283,47.478553],[-91.169258,47.478482],[-91.169235,47.478461],[-91.169194,47.478363],[-91.169172,47.478335],[-91.168963,47.478181],[-91.168767,47.478119],[-91.168493,47.477971],[-91.168465,47.477938],[-91.168408,47.477906],[-91.168386,47.477908],[-91.168281,47.477882],[-91.168261,47.477851],[-91.16819,47.477803],[-91.168197,47.477736],[-91.168183,47.477666],[-91.168159,47.477635],[-91.168165,47.477623],[-91.168131,47.477603],[-91.168122,47.477581],[-91.167995,47.477545],[-91.167887,47.477556],[-91.16776,47.477511],[-91.167671,47.477503],[-91.167571,47.477511],[-91.167509,47.477503],[-91.167446,47.477481],[-91.16729,47.477466],[-91.167051,47.477375],[-91.16691,47.477277],[-91.166872,47.477239],[-91.166829,47.477232],[-91.166774,47.4772],[-91.166635,47.477152],[-91.166249,47.477088],[-91.166214,47.477104],[-91.166118,47.477103],[-91.166085,47.477114],[-91.166011,47.477101],[-91.165873,47.477037],[-91.165788,47.476967],[-91.165682,47.476917],[-91.165625,47.47685],[-91.16545,47.476772],[-91.165314,47.476663],[-91.165156,47.476616],[-91.165116,47.476557],[-91.165067,47.476536],[-91.164974,47.476508],[-91.16491,47.476507],[-91.164845,47.476517],[-91.164723,47.476469],[-91.164651,47.476456],[-91.16458,47.476411],[-91.164483,47.476382],[-91.1644,47.476398],[-91.164372,47.476389],[-91.164206,47.476372],[-91.164164,47.476354],[-91.164118,47.476318],[-91.163988,47.476267],[-91.163952,47.476236],[-91.163883,47.476217],[-91.163773,47.476159],[-91.163713,47.47615],[-91.163644,47.476108],[-91.163413,47.476067],[-91.163317,47.475995],[-91.163203,47.475942],[-91.162951,47.475854],[-91.162903,47.475799],[-91.162813,47.475764],[-91.162731,47.475688],[-91.162732,47.475622],[-91.162694,47.475585],[-91.162623,47.475568],[-91.162551,47.475562],[-91.16242,47.475522],[-91.162291,47.475417],[-91.162239,47.475335],[-91.162226,47.47529],[-91.16221,47.475275],[-91.162157,47.475253],[-91.162146,47.475158],[-91.162108,47.47509],[-91.162038,47.475035],[-91.162021,47.474978],[-91.161965,47.474894],[-91.161933,47.474879],[-91.161899,47.474819],[-91.161801,47.474748],[-91.161717,47.474773],[-91.161604,47.474697],[-91.161591,47.474671],[-91.16151,47.474618],[-91.161429,47.474579],[-91.161407,47.474556],[-91.161362,47.474445],[-91.161329,47.474408],[-91.161271,47.474373],[-91.161238,47.474301],[-91.161173,47.474221],[-91.161158,47.474213],[-91.161082,47.474208],[-91.160977,47.474187],[-91.160907,47.474102],[-91.160875,47.474077],[-91.16085,47.47398],[-91.160756,47.473911],[-91.160718,47.47392],[-91.160679,47.473912],[-91.160588,47.47391],[-91.160452,47.473937],[-91.160429,47.473933],[-91.160347,47.473847],[-91.160337,47.473822],[-91.160339,47.473734],[-91.160307,47.473663],[-91.160217,47.473596],[-91.160188,47.473563],[-91.16009,47.473546],[-91.160056,47.473532],[-91.160047,47.47347],[-91.160056,47.473358],[-91.160116,47.473252],[-91.160258,47.473206],[-91.160289,47.473207],[-91.160322,47.473185],[-91.160318,47.473166],[-91.160235,47.473158],[-91.1602,47.473139],[-91.160232,47.472934],[-91.16026,47.472895],[-91.160294,47.472886],[-91.160327,47.472844],[-91.160326,47.472799],[-91.160351,47.472788],[-91.160361,47.472605],[-91.160419,47.472506],[-91.160416,47.472493],[-91.16032,47.472441],[-91.160278,47.472436],[-91.160225,47.472415],[-91.160159,47.472342],[-91.160104,47.472332],[-91.160022,47.472337],[-91.159921,47.472368],[-91.159886,47.472368],[-91.159836,47.472383],[-91.159745,47.472434],[-91.159686,47.472447],[-91.159403,47.472463],[-91.159228,47.472501],[-91.159097,47.472499],[-91.159009,47.472521],[-91.15889,47.472569],[-91.158669,47.472568],[-91.158631,47.472566],[-91.158261,47.472432],[-91.158111,47.472397],[-91.158062,47.472377],[-91.158034,47.472307],[-91.158013,47.472293],[-91.157825,47.472273],[-91.157804,47.472281],[-91.157754,47.472279],[-91.157688,47.472289],[-91.157606,47.472328],[-91.157448,47.472347],[-91.157323,47.47238],[-91.157285,47.472421],[-91.157218,47.472464],[-91.157077,47.472531],[-91.156965,47.472597],[-91.156929,47.472608],[-91.156854,47.472663],[-91.15679,47.472662],[-91.156694,47.472691],[-91.156641,47.47272],[-91.156492,47.472705],[-91.156417,47.472752],[-91.156334,47.47278],[-91.156258,47.472779],[-91.156106,47.472727],[-91.155968,47.472694],[-91.155903,47.472692],[-91.155864,47.472729],[-91.155866,47.472754],[-91.155828,47.472805],[-91.155769,47.472851],[-91.15563,47.47292],[-91.155463,47.472973],[-91.155348,47.473063],[-91.155211,47.473131],[-91.155111,47.473114],[-91.155023,47.473069],[-91.154983,47.473079],[-91.154809,47.47308],[-91.154641,47.473104],[-91.154577,47.473106],[-91.154531,47.473144],[-91.154438,47.473155],[-91.154333,47.473147],[-91.154182,47.473188],[-91.154037,47.473239],[-91.153774,47.473309],[-91.153612,47.473367],[-91.153454,47.473396],[-91.153287,47.473398],[-91.153166,47.473378],[-91.153091,47.473383],[-91.153066,47.473395],[-91.153019,47.473399],[-91.152747,47.473401],[-91.152661,47.473383],[-91.152591,47.473382],[-91.152497,47.473364],[-91.152335,47.473371],[-91.152269,47.473385],[-91.152159,47.473439],[-91.152035,47.473543],[-91.151953,47.473645],[-91.151862,47.473694],[-91.151525,47.473738],[-91.151442,47.473759],[-91.151308,47.473758],[-91.151225,47.473768],[-91.151162,47.4738],[-91.151098,47.473801],[-91.150977,47.473819],[-91.150882,47.473827],[-91.150846,47.473819],[-91.150738,47.473828],[-91.15061,47.473803],[-91.150488,47.473811],[-91.150416,47.473861],[-91.150386,47.47391],[-91.150031,47.474116],[-91.149975,47.474185],[-91.149925,47.474211],[-91.149526,47.474276],[-91.149474,47.474303],[-91.149406,47.474364],[-91.149381,47.47449],[-91.149344,47.474554],[-91.149287,47.474611],[-91.149278,47.474677],[-91.149247,47.474709],[-91.149109,47.474758],[-91.149036,47.474755],[-91.148979,47.474772],[-91.148939,47.474774],[-91.148906,47.474768],[-91.148838,47.474778],[-91.148807,47.474798],[-91.148778,47.474797],[-91.148724,47.474775],[-91.14867,47.47478],[-91.14863,47.474775],[-91.148472,47.474736],[-91.148348,47.474717],[-91.148289,47.474687],[-91.148262,47.474689],[-91.14815,47.474617],[-91.148085,47.474598],[-91.147946,47.474593],[-91.147782,47.474604],[-91.147619,47.474665],[-91.147456,47.474704],[-91.147416,47.474735],[-91.147322,47.474756],[-91.147287,47.474757],[-91.147237,47.474745],[-91.14715,47.474767],[-91.14698,47.474777],[-91.146863,47.474794],[-91.146817,47.474783],[-91.146799,47.474769],[-91.146718,47.474751],[-91.146659,47.474747],[-91.146602,47.474759],[-91.146398,47.474715],[-91.14631,47.474687],[-91.14622,47.474689],[-91.14605,47.474652],[-91.145861,47.474574],[-91.145784,47.474553],[-91.145621,47.474469],[-91.145504,47.47444],[-91.145414,47.474448],[-91.145355,47.47443],[-91.145327,47.474433],[-91.145162,47.474416],[-91.145097,47.474391],[-91.144921,47.47437],[-91.144839,47.474331],[-91.144679,47.474305],[-91.144565,47.474234],[-91.144454,47.474205],[-91.144286,47.474204],[-91.144231,47.474211],[-91.144215,47.474223],[-91.144073,47.474252],[-91.143975,47.474282],[-91.143866,47.474376],[-91.143815,47.474435],[-91.143807,47.474554],[-91.143843,47.474596],[-91.14385,47.474633],[-91.14383,47.474661],[-91.143807,47.474758],[-91.143772,47.474825],[-91.143733,47.474871],[-91.143693,47.474975],[-91.143576,47.475036],[-91.143611,47.475153],[-91.143586,47.475213],[-91.143516,47.475323],[-91.143499,47.475445],[-91.143457,47.475517],[-91.143441,47.475593],[-91.143302,47.475806],[-91.143151,47.475916],[-91.143094,47.475988],[-91.143053,47.476089],[-91.143012,47.476366],[-91.142962,47.476586],[-91.142824,47.476736],[-91.142708,47.476789],[-91.142671,47.476824],[-91.142565,47.476887],[-91.142432,47.476934],[-91.142374,47.476963],[-91.142246,47.477003],[-91.142201,47.477039],[-91.142111,47.47707],[-91.141946,47.47719],[-91.141736,47.477248],[-91.141708,47.477264],[-91.14163,47.477276],[-91.141546,47.477263],[-91.141412,47.477266],[-91.141255,47.477188],[-91.141207,47.477155],[-91.141079,47.477107],[-91.141025,47.477101],[-91.140578,47.47716],[-91.140481,47.477182],[-91.1404,47.477178],[-91.140255,47.477192],[-91.140087,47.47723],[-91.139954,47.477191],[-91.139914,47.477195],[-91.139879,47.477171],[-91.139702,47.477118],[-91.139571,47.477064],[-91.139314,47.476995],[-91.139238,47.47694],[-91.139158,47.476911],[-91.139049,47.47689],[-91.138984,47.476904],[-91.138818,47.476898],[-91.13867,47.476904],[-91.13854,47.476945],[-91.138499,47.476946],[-91.138397,47.476915],[-91.138289,47.476921],[-91.138211,47.476948],[-91.1381,47.476951],[-91.138026,47.47693],[-91.137911,47.476933],[-91.137836,47.476917],[-91.137761,47.476912],[-91.137597,47.476838],[-91.137373,47.476839],[-91.136943,47.47674],[-91.136545,47.476683],[-91.13616,47.476684],[-91.136151,47.476716],[-91.13595,47.476803],[-91.135685,47.476837],[-91.135557,47.476862],[-91.135525,47.476857],[-91.135461,47.476874],[-91.135194,47.476875],[-91.135118,47.476888],[-91.13502,47.476863],[-91.134815,47.476791],[-91.134709,47.476776],[-91.134681,47.476762],[-91.134609,47.476755],[-91.134562,47.476733],[-91.134364,47.476681],[-91.134245,47.47659],[-91.134195,47.476573],[-91.13411,47.476566],[-91.134068,47.476583],[-91.133993,47.476596],[-91.133893,47.476606],[-91.133838,47.476599],[-91.133765,47.476605],[-91.133535,47.476708],[-91.133487,47.476722],[-91.133438,47.476725],[-91.13308,47.476857],[-91.132983,47.476934],[-91.132853,47.476999],[-91.132767,47.477081],[-91.132532,47.477254],[-91.132486,47.477269],[-91.132354,47.477364],[-91.132337,47.477387],[-91.132284,47.477416],[-91.132152,47.477517],[-91.132004,47.477683],[-91.131944,47.477702],[-91.131888,47.47777],[-91.131689,47.477851],[-91.131653,47.477845],[-91.131591,47.477872],[-91.131537,47.477956],[-91.131511,47.477965],[-91.131463,47.47801],[-91.1314,47.478042],[-91.131283,47.478136],[-91.131246,47.478189],[-91.131184,47.478213],[-91.130996,47.478372],[-91.130936,47.478468],[-91.130911,47.478482],[-91.130866,47.478537],[-91.130838,47.47859],[-91.130812,47.478703],[-91.130845,47.478778],[-91.130746,47.478856],[-91.130663,47.47896],[-91.130579,47.479018],[-91.130479,47.479043],[-91.130339,47.479094],[-91.130289,47.479094],[-91.130258,47.479113],[-91.130213,47.479124],[-91.130068,47.479134],[-91.129911,47.479096],[-91.129779,47.479078],[-91.129668,47.479079],[-91.129623,47.4791],[-91.129577,47.47911],[-91.129436,47.479112],[-91.129406,47.479125],[-91.129335,47.479128],[-91.129228,47.479123],[-91.129093,47.479094],[-91.129045,47.479063],[-91.128929,47.479011],[-91.128882,47.478971],[-91.128855,47.478962],[-91.128817,47.478955],[-91.128739,47.478983],[-91.12865,47.479057],[-91.12854,47.479168],[-91.128518,47.479225],[-91.12849,47.47926],[-91.128454,47.479274],[-91.128443,47.479267],[-91.128439,47.47928],[-91.128357,47.479343],[-91.128214,47.479589],[-91.128169,47.479648],[-91.128104,47.479706],[-91.128112,47.479737],[-91.128076,47.479797],[-91.128081,47.479841],[-91.128109,47.479883],[-91.128113,47.479921],[-91.128138,47.479963],[-91.128126,47.480002],[-91.128121,47.480151],[-91.128059,47.480199],[-91.128032,47.48024],[-91.127963,47.480294],[-91.127898,47.480324],[-91.127827,47.480341],[-91.127781,47.480378],[-91.12774,47.480428],[-91.127685,47.480466],[-91.12761,47.480548],[-91.127569,47.480609],[-91.127439,47.480664],[-91.127353,47.480676],[-91.127311,47.480693],[-91.127237,47.480676],[-91.127174,47.480642],[-91.127088,47.480612],[-91.126989,47.480591],[-91.126743,47.480591],[-91.126669,47.480608],[-91.126618,47.48063],[-91.126622,47.480728],[-91.126601,47.480745],[-91.126516,47.480749],[-91.126283,47.480805],[-91.126124,47.480799],[-91.126074,47.480793],[-91.126015,47.480772],[-91.125956,47.480774],[-91.125887,47.48081],[-91.125853,47.480841],[-91.125758,47.480865],[-91.125722,47.480882],[-91.125668,47.480865],[-91.125431,47.480729],[-91.125326,47.480682],[-91.125192,47.480586],[-91.125039,47.480515],[-91.124991,47.480506],[-91.124902,47.480581],[-91.124659,47.48058],[-91.124515,47.480567],[-91.124492,47.480576],[-91.124451,47.480557],[-91.124439,47.480509],[-91.12443,47.48043],[-91.12445,47.48038],[-91.124531,47.480358],[-91.124551,47.480381],[-91.124597,47.480398],[-91.12466,47.480347],[-91.124692,47.48024],[-91.124615,47.480153],[-91.124543,47.480113],[-91.124481,47.480097],[-91.124444,47.480066],[-91.124416,47.48],[-91.124392,47.479842],[-91.124329,47.479796],[-91.124193,47.479748],[-91.124092,47.479731],[-91.124031,47.479739],[-91.123964,47.479775],[-91.123866,47.479794],[-91.123799,47.479791],[-91.123736,47.479809],[-91.123704,47.479809],[-91.123561,47.479768],[-91.123532,47.479767],[-91.123409,47.479715],[-91.123272,47.479612],[-91.123153,47.479604],[-91.122866,47.479513],[-91.122756,47.479503],[-91.122127,47.479289],[-91.121692,47.479193],[-91.121423,47.479142],[-91.121176,47.479076],[-91.120559,47.47896],[-91.120246,47.478879],[-91.11999,47.478823],[-91.119851,47.478809],[-91.119756,47.478788],[-91.119514,47.478697],[-91.119334,47.478645],[-91.119179,47.478578],[-91.118942,47.478538],[-91.118751,47.478537],[-91.118601,47.478577],[-91.118378,47.478563],[-91.118115,47.478515],[-91.118037,47.478516],[-91.117966,47.478502],[-91.117718,47.478546],[-91.117561,47.478507],[-91.117519,47.478483],[-91.117429,47.478504],[-91.116894,47.478427],[-91.116672,47.478377],[-91.116468,47.478363],[-91.11609,47.478356],[-91.115935,47.478398],[-91.115845,47.478405],[-91.115793,47.478429],[-91.115382,47.478378],[-91.115099,47.478408],[-91.114583,47.478417],[-91.114115,47.478357],[-91.114001,47.47839],[-91.113867,47.478378],[-91.113615,47.478409],[-91.11337,47.478487],[-91.113122,47.478528],[-91.11297,47.478574],[-91.112742,47.478611],[-91.112651,47.478673],[-91.112635,47.47871],[-91.112565,47.478792],[-91.112431,47.478849],[-91.112304,47.478875],[-91.112253,47.478907],[-91.112238,47.478884],[-91.112122,47.47888],[-91.112172,47.478838],[-91.112074,47.478899],[-91.112169,47.478852],[-91.112147,47.478861],[-91.112087,47.478823],[-91.111945,47.478848],[-91.111835,47.478849],[-91.111766,47.478871],[-91.111737,47.478912],[-91.111748,47.478948],[-91.111793,47.478978],[-91.111812,47.479004],[-91.111799,47.479053],[-91.111773,47.47909],[-91.111608,47.479182],[-91.111587,47.479209],[-91.111388,47.479303],[-91.111307,47.479356],[-91.111108,47.47941],[-91.11106,47.47943],[-91.110988,47.479433],[-91.110948,47.479458],[-91.110876,47.479475],[-91.110594,47.479504],[-91.110574,47.479518],[-91.110376,47.479562],[-91.110345,47.479593],[-91.110236,47.479627],[-91.110185,47.479634],[-91.110125,47.479669],[-91.110049,47.479684],[-91.109862,47.479777],[-91.109824,47.479783],[-91.109742,47.479834],[-91.109548,47.479881],[-91.109288,47.479982],[-91.108912,47.480077],[-91.108782,47.480122],[-91.108727,47.480163],[-91.10865,47.480197],[-91.108621,47.480194],[-91.108522,47.480232],[-91.108433,47.480316],[-91.108381,47.480347],[-91.108319,47.480363],[-91.108231,47.480372],[-91.108198,47.480393],[-91.10812,47.480421],[-91.108036,47.480495],[-91.108007,47.480565],[-91.107963,47.480588],[-91.107929,47.480594],[-91.107842,47.480639],[-91.107702,47.480739],[-91.107599,47.480801],[-91.107484,47.480848],[-91.107462,47.480869],[-91.107422,47.481055],[-91.10734,47.481232],[-91.107223,47.48134],[-91.107124,47.481361],[-91.107069,47.481385],[-91.106925,47.481402],[-91.106847,47.481394],[-91.106819,47.481423],[-91.106762,47.481452],[-91.106728,47.481519],[-91.106664,47.481577],[-91.106624,47.481644],[-91.106565,47.48171],[-91.10651,47.481854],[-91.106399,47.481966],[-91.106212,47.482042],[-91.106191,47.482062],[-91.106194,47.482129],[-91.106229,47.482147],[-91.106288,47.482154],[-91.106326,47.482172],[-91.106396,47.482175],[-91.106434,47.482192],[-91.10648,47.482229],[-91.106659,47.48232],[-91.106767,47.482408],[-91.106875,47.482465],[-91.107012,47.482632],[-91.107083,47.482688],[-91.107116,47.482753],[-91.107115,47.482944],[-91.107061,47.483071],[-91.107082,47.48317],[-91.107138,47.483282],[-91.107265,47.483247],[-91.107445,47.483212],[-91.107505,47.483214],[-91.107555,47.483197],[-91.107695,47.4832],[-91.107915,47.483219],[-91.107994,47.483241],[-91.108207,47.483387],[-91.10827,47.483467],[-91.108231,47.483532],[-91.108228,47.483596],[-91.108203,47.48365],[-91.108144,47.483703],[-91.108052,47.483852],[-91.108108,47.483864],[-91.108111,47.4839],[-91.108089,47.483943],[-91.108119,47.483965],[-91.108095,47.484004],[-91.108104,47.484052],[-91.10814,47.484092],[-91.108145,47.484162],[-91.10819,47.484271],[-91.1082,47.484349],[-91.108194,47.48441],[-91.108173,47.484449],[-91.107981,47.484569],[-91.107861,47.48462],[-91.107648,47.484625],[-91.107555,47.484609],[-91.10737,47.484598],[-91.107331,47.484605],[-91.107078,47.484544],[-91.107022,47.484552],[-91.106974,47.484545],[-91.106912,47.484514],[-91.106876,47.484506],[-91.10678,47.484405],[-91.106752,47.484353],[-91.106525,47.484292],[-91.106369,47.484293],[-91.106348,47.484287],[-91.106246,47.484302],[-91.106112,47.484303],[-91.105941,47.484347],[-91.10584,47.484354],[-91.10579,47.484373],[-91.105762,47.484387],[-91.105703,47.484465],[-91.105703,47.484493],[-91.105673,47.484524],[-91.105648,47.484533],[-91.105512,47.484545],[-91.105491,47.484567],[-91.105472,47.484667],[-91.10549,47.484718],[-91.105506,47.484739],[-91.105529,47.48475],[-91.105552,47.484797],[-91.105575,47.484804],[-91.105579,47.484832],[-91.105609,47.484861],[-91.105673,47.484982],[-91.105763,47.48511],[-91.105758,47.485141],[-91.105777,47.485184],[-91.105802,47.48521],[-91.105789,47.485277],[-91.105763,47.485313],[-91.105797,47.485378],[-91.105775,47.485409],[-91.105784,47.485452],[-91.105672,47.485504],[-91.105596,47.485472],[-91.105561,47.48544],[-91.105469,47.485404],[-91.105291,47.485375],[-91.105147,47.485288],[-91.105016,47.485229],[-91.104863,47.485116],[-91.104788,47.485078],[-91.104627,47.485032],[-91.104582,47.484975],[-91.104534,47.484885],[-91.10451,47.484866],[-91.104473,47.484856],[-91.104408,47.484876],[-91.104349,47.48488],[-91.104285,47.484848],[-91.104234,47.484802],[-91.104148,47.484784],[-91.10408,47.484782],[-91.104016,47.484753],[-91.103987,47.484665],[-91.103938,47.484608],[-91.103896,47.484571],[-91.103837,47.484546],[-91.103787,47.484505],[-91.103699,47.484486],[-91.103682,47.48449],[-91.103654,47.484483],[-91.103644,47.484489],[-91.103611,47.48448],[-91.103573,47.484469],[-91.10351,47.484426],[-91.103447,47.484443],[-91.10339,47.484402],[-91.103325,47.484403],[-91.103275,47.484384],[-91.103221,47.484387],[-91.103115,47.484419],[-91.103034,47.484424],[-91.102861,47.484325],[-91.102657,47.484248],[-91.102656,47.484192],[-91.102627,47.484146],[-91.102552,47.484105],[-91.102522,47.484111],[-91.102444,47.484104],[-91.102348,47.484084],[-91.102318,47.484067],[-91.102281,47.484004],[-91.102171,47.483912],[-91.102117,47.483853],[-91.102092,47.483781],[-91.10211,47.483742],[-91.102107,47.483651],[-91.102018,47.483478],[-91.102008,47.483388],[-91.102024,47.483291],[-91.102127,47.483151],[-91.102217,47.483074],[-91.102245,47.483032],[-91.102307,47.482885],[-91.102296,47.48286],[-91.102307,47.482819],[-91.102418,47.482704],[-91.102428,47.482675],[-91.102527,47.48262],[-91.102591,47.482557],[-91.102595,47.482534],[-91.102641,47.482499],[-91.102642,47.482446],[-91.102654,47.482423],[-91.102768,47.482312],[-91.102756,47.482267],[-91.102743,47.482262],[-91.102708,47.482207],[-91.102684,47.482198],[-91.102668,47.482208],[-91.102659,47.482167],[-91.102555,47.482053],[-91.102485,47.482036],[-91.102412,47.481994],[-91.102373,47.481996],[-91.102305,47.482019],[-91.102229,47.482016],[-91.10208,47.481988],[-91.10204,47.48197],[-91.10194,47.481958],[-91.101702,47.481883],[-91.101657,47.48185],[-91.101631,47.481813],[-91.101631,47.481784],[-91.101578,47.481635],[-91.101582,47.481615],[-91.101512,47.481463],[-91.101538,47.481339],[-91.101532,47.481297],[-91.101452,47.481177],[-91.101407,47.48117],[-91.10131,47.481177],[-91.101248,47.481191],[-91.101229,47.481183],[-91.101167,47.481152],[-91.101089,47.481076],[-91.101061,47.481012],[-91.101068,47.480988],[-91.101028,47.480945],[-91.10097,47.480913],[-91.100776,47.480845],[-91.100753,47.480842],[-91.100726,47.480862],[-91.100728,47.480895],[-91.100679,47.480929],[-91.100595,47.48093],[-91.100479,47.480916],[-91.100411,47.480853],[-91.100312,47.480674],[-91.100286,47.480652],[-91.10033,47.480476],[-91.100243,47.480353],[-91.100163,47.480268],[-91.100119,47.48024],[-91.099879,47.480166],[-91.099762,47.480119],[-91.099617,47.480143],[-91.099538,47.480096],[-91.099516,47.480108],[-91.099473,47.480108],[-91.099364,47.480037],[-91.099292,47.479922],[-91.099293,47.479902],[-91.099242,47.479901],[-91.099231,47.479886],[-91.099147,47.479844],[-91.099044,47.479829],[-91.098989,47.479859],[-91.098951,47.479932],[-91.098947,47.480014],[-91.098926,47.480065],[-91.098952,47.480137],[-91.098943,47.480177],[-91.098926,47.480182],[-91.098893,47.480234],[-91.098845,47.480281],[-91.098785,47.480378],[-91.098719,47.480377],[-91.098692,47.48039],[-91.098672,47.480385],[-91.098617,47.480415],[-91.098545,47.480388],[-91.098516,47.480402],[-91.098495,47.48045],[-91.098491,47.480417],[-91.098477,47.480462],[-91.098375,47.480617],[-91.098332,47.480665],[-91.098277,47.480666],[-91.098249,47.480605],[-91.098267,47.480572],[-91.098272,47.480471],[-91.098264,47.480473],[-91.098251,47.48045],[-91.09817,47.480508],[-91.098139,47.480512],[-91.098101,47.480533],[-91.097961,47.480729],[-91.097795,47.480754],[-91.097801,47.480762],[-91.097919,47.480781],[-91.097931,47.480793],[-91.097936,47.480802],[-91.097921,47.480818],[-91.097928,47.480896],[-91.097894,47.480903],[-91.097856,47.480895],[-91.097796,47.480904],[-91.097782,47.480922],[-91.097671,47.480924],[-91.097632,47.480957],[-91.097583,47.480979],[-91.097502,47.481058],[-91.097469,47.481078],[-91.097448,47.481145],[-91.097398,47.481204],[-91.097459,47.481269],[-91.097467,47.481387],[-91.097539,47.481417],[-91.097572,47.481417],[-91.097594,47.481454],[-91.09765,47.481482],[-91.097649,47.481491],[-91.097725,47.481542],[-91.097801,47.481618],[-91.097825,47.48163],[-91.097852,47.48163],[-91.097929,47.481651],[-91.097963,47.481676],[-91.098005,47.48182],[-91.098005,47.481862],[-91.097987,47.481887],[-91.097914,47.48192],[-91.097801,47.481947],[-91.097778,47.48196],[-91.097656,47.481975],[-91.097582,47.481974],[-91.097515,47.481956],[-91.097486,47.481964],[-91.097436,47.481947],[-91.097404,47.481919],[-91.097335,47.481889],[-91.097174,47.481874],[-91.097155,47.481908],[-91.097164,47.481924],[-91.097129,47.481995],[-91.097108,47.482027],[-91.097052,47.482062],[-91.097054,47.482128],[-91.09698,47.482176],[-91.096895,47.482208],[-91.096843,47.48221],[-91.096805,47.482192],[-91.096768,47.482205],[-91.096666,47.482193],[-91.096643,47.482209],[-91.096596,47.482293],[-91.096617,47.482368],[-91.096607,47.482379],[-91.096548,47.482418],[-91.096467,47.482443],[-91.096403,47.48249],[-91.096349,47.482591],[-91.096288,47.482608],[-91.09623,47.48264],[-91.096189,47.482726],[-91.096118,47.482775],[-91.09612,47.482798],[-91.09608,47.482825],[-91.096004,47.482848],[-91.095927,47.482895],[-91.095855,47.482896],[-91.095796,47.482877],[-91.095755,47.482876],[-91.095733,47.482903],[-91.095667,47.48292],[-91.095587,47.482971],[-91.095438,47.48299],[-91.095352,47.483044],[-91.095316,47.483046],[-91.095282,47.483118],[-91.095229,47.483137],[-91.095163,47.483186],[-91.095009,47.483234],[-91.094987,47.483263],[-91.094735,47.483381],[-91.094708,47.48341],[-91.09468,47.483513],[-91.094669,47.483514],[-91.094683,47.483541],[-91.094679,47.483617],[-91.094657,47.483651],[-91.094599,47.483698],[-91.094551,47.483782],[-91.094545,47.483814],[-91.09456,47.483832],[-91.09456,47.4839],[-91.094539,47.484142],[-91.094612,47.484282],[-91.094743,47.484465],[-91.094833,47.484542],[-91.094937,47.484529],[-91.094943,47.484631],[-91.094978,47.484737],[-91.094876,47.484947],[-91.094893,47.485097],[-91.094836,47.48513],[-91.094841,47.485164],[-91.094785,47.485226],[-91.094772,47.485305],[-91.094801,47.485466],[-91.094749,47.485495],[-91.094713,47.485545],[-91.094698,47.485601],[-91.094653,47.485624],[-91.094588,47.485711],[-91.094505,47.485795],[-91.094428,47.485847],[-91.094391,47.48586],[-91.094326,47.485932],[-91.094221,47.485999],[-91.094193,47.486057],[-91.094224,47.486151],[-91.09422,47.486245],[-91.094173,47.486321],[-91.094112,47.486378],[-91.094069,47.486405],[-91.094044,47.486438],[-91.094014,47.48644],[-91.094014,47.486502],[-91.094055,47.486638],[-91.094084,47.486663],[-91.094094,47.486661],[-91.094117,47.486719],[-91.094161,47.486764],[-91.094207,47.486826],[-91.094213,47.486837],[-91.094206,47.486832],[-91.094219,47.486841],[-91.094267,47.486854],[-91.094291,47.486873],[-91.094314,47.486932],[-91.094336,47.486943],[-91.094347,47.486975],[-91.094305,47.487023],[-91.094308,47.48708],[-91.094348,47.487169],[-91.094391,47.487202],[-91.094419,47.487262],[-91.094475,47.487269],[-91.094501,47.487295],[-91.094527,47.487613],[-91.094559,47.487671],[-91.094586,47.487687],[-91.094595,47.487722],[-91.094667,47.487756],[-91.094672,47.48777],[-91.094637,47.487844],[-91.094639,47.487911],[-91.094584,47.488039],[-91.094484,47.488177],[-91.094464,47.488188],[-91.094397,47.488169],[-91.09434,47.488193],[-91.094332,47.488248],[-91.094364,47.488329],[-91.094364,47.488367],[-91.094446,47.488457],[-91.09453,47.488499],[-91.094543,47.48852],[-91.094499,47.488509],[-91.094458,47.488513],[-91.094443,47.488526],[-91.094322,47.488531],[-91.09425,47.488594],[-91.094185,47.488619],[-91.094106,47.488666],[-91.094078,47.48867],[-91.093822,47.488914],[-91.093692,47.488959],[-91.093627,47.488957],[-91.09355,47.48894],[-91.093442,47.488891],[-91.093285,47.488877],[-91.093216,47.488888],[-91.093136,47.488924],[-91.093092,47.48897],[-91.093087,47.489008],[-91.093098,47.489034],[-91.092966,47.489163],[-91.092922,47.489226],[-91.092911,47.489259],[-91.09289,47.489277],[-91.092757,47.48932],[-91.092709,47.489357],[-91.092537,47.489342],[-91.092503,47.489327],[-91.092468,47.489271],[-91.092442,47.489251],[-91.092285,47.489226],[-91.092256,47.48919],[-91.092252,47.489195],[-91.092221,47.489175],[-91.092186,47.489092],[-91.092102,47.489065],[-91.091945,47.48912],[-91.091853,47.489139],[-91.091796,47.489137],[-91.091752,47.489189],[-91.0917,47.489208],[-91.091653,47.489214],[-91.091589,47.489198],[-91.091508,47.489215],[-91.091424,47.489211],[-91.091224,47.489132],[-91.091144,47.489111],[-91.091095,47.489159],[-91.091106,47.489187],[-91.091099,47.489201],[-91.09104,47.489206],[-91.090853,47.48927],[-91.090783,47.489278],[-91.090706,47.489309],[-91.090616,47.489287],[-91.09049,47.489339],[-91.090419,47.48938],[-91.090381,47.489431],[-91.090185,47.489521],[-91.090166,47.489521],[-91.090145,47.489576],[-91.090071,47.489593],[-91.090034,47.489661],[-91.089907,47.489719],[-91.089745,47.489741],[-91.089662,47.489773],[-91.089586,47.489778],[-91.089527,47.489767],[-91.089445,47.489775],[-91.089395,47.489764],[-91.089347,47.48973],[-91.089273,47.489727],[-91.089242,47.489733],[-91.089176,47.489723],[-91.089156,47.489777],[-91.089133,47.489794],[-91.089036,47.489799],[-91.088961,47.489851],[-91.088871,47.489891],[-91.088811,47.489909],[-91.088749,47.489915],[-91.088558,47.489873],[-91.08844,47.489891],[-91.088244,47.489857],[-91.088161,47.489861],[-91.087918,47.489899],[-91.087895,47.489917],[-91.087875,47.489955],[-91.087831,47.490106],[-91.087782,47.490191],[-91.08778,47.490212],[-91.087753,47.490234],[-91.087719,47.490241],[-91.087654,47.490311],[-91.087509,47.490394],[-91.087392,47.490489],[-91.087226,47.490553],[-91.087172,47.490567],[-91.087062,47.490579],[-91.086731,47.490704],[-91.086667,47.490719],[-91.08656,47.490764],[-91.086539,47.490766],[-91.086501,47.490807],[-91.086391,47.490867],[-91.086367,47.490889],[-91.08633,47.490959],[-91.086244,47.491019],[-91.086215,47.491026],[-91.086099,47.490968],[-91.086053,47.49096],[-91.085955,47.490984],[-91.085926,47.490999],[-91.085831,47.491124],[-91.085722,47.491226],[-91.085644,47.491268],[-91.085622,47.491377],[-91.085594,47.491436],[-91.085491,47.491533],[-91.085376,47.491564],[-91.085305,47.491596],[-91.08518,47.491601],[-91.085095,47.491637],[-91.085049,47.491635],[-91.084961,47.491661],[-91.084874,47.491663],[-91.084755,47.4917],[-91.084606,47.491796],[-91.084584,47.491835],[-91.084498,47.491894],[-91.084467,47.491898],[-91.08415,47.492015],[-91.084023,47.492045],[-91.08394,47.492077],[-91.083883,47.49209],[-91.083824,47.492088],[-91.083777,47.492109],[-91.08368,47.492123],[-91.083526,47.492162],[-91.08348,47.492185],[-91.083443,47.492217],[-91.083359,47.492316],[-91.083312,47.492339],[-91.083301,47.492376],[-91.083247,47.49242],[-91.083204,47.492442],[-91.083135,47.492456],[-91.08306,47.492485],[-91.082996,47.492496],[-91.082912,47.492553],[-91.082827,47.492586],[-91.082816,47.492609],[-91.082747,47.492633],[-91.082686,47.492641],[-91.08262,47.492669],[-91.082586,47.492688],[-91.082564,47.492737],[-91.082527,47.492752],[-91.082487,47.492785],[-91.08241,47.492806],[-91.082304,47.492773],[-91.082237,47.492766],[-91.082178,47.492747],[-91.082085,47.492688],[-91.082036,47.492673],[-91.081919,47.492597],[-91.081886,47.49259],[-91.081876,47.492576],[-91.08182,47.492551],[-91.081791,47.492508],[-91.081684,47.492477],[-91.0816,47.492466],[-91.081462,47.492494],[-91.081411,47.492546],[-91.081364,47.492575],[-91.081339,47.492608],[-91.081262,47.492646],[-91.081141,47.492775],[-91.081105,47.492796],[-91.081054,47.492857],[-91.081004,47.492872],[-91.080949,47.492869],[-91.080795,47.492925],[-91.080648,47.492919],[-91.080519,47.492961],[-91.080434,47.493002],[-91.080288,47.493049],[-91.080245,47.493093],[-91.080166,47.493135],[-91.080125,47.493145],[-91.079988,47.493156],[-91.079837,47.493119],[-91.079809,47.493128],[-91.079646,47.493118],[-91.07934,47.493028],[-91.079305,47.493007],[-91.07924,47.493009],[-91.07922,47.492991],[-91.07917,47.492984],[-91.079117,47.492993],[-91.079094,47.492981],[-91.079025,47.492991],[-91.078895,47.492942],[-91.078907,47.492914],[-91.079004,47.492883],[-91.079023,47.492869],[-91.079015,47.492859],[-91.079084,47.492837],[-91.079137,47.492803],[-91.079204,47.492737],[-91.079309,47.49269],[-91.079268,47.492679],[-91.079188,47.492688],[-91.07912,47.49274],[-91.078992,47.492765],[-91.078937,47.492771],[-91.078882,47.492767],[-91.078846,47.492806],[-91.078837,47.492869],[-91.07882,47.492894],[-91.078769,47.492934],[-91.078702,47.49295],[-91.078625,47.492818],[-91.078588,47.492792],[-91.078539,47.492794],[-91.078476,47.492785],[-91.078456,47.492802],[-91.078323,47.492798],[-91.078315,47.492804],[-91.078267,47.492791],[-91.078162,47.492735],[-91.078132,47.492704],[-91.078084,47.492702],[-91.07799,47.492613],[-91.077964,47.492536],[-91.077899,47.492487],[-91.077902,47.492444],[-91.077917,47.492416],[-91.077903,47.49237],[-91.07792,47.492332],[-91.077994,47.492278],[-91.078033,47.492209],[-91.078065,47.492189],[-91.078089,47.492127],[-91.078144,47.492107],[-91.078196,47.49205],[-91.078244,47.492031],[-91.078273,47.491997],[-91.078301,47.491994],[-91.078321,47.491979],[-91.078345,47.491916],[-91.07835,47.491823],[-91.078249,47.491738],[-91.078153,47.491697],[-91.078101,47.491622],[-91.078065,47.491521],[-91.078021,47.491473],[-91.078019,47.491442],[-91.077984,47.491408],[-91.077876,47.491346],[-91.077806,47.491255],[-91.077766,47.49123],[-91.077752,47.491189],[-91.07776,47.490963],[-91.077725,47.490934],[-91.077594,47.490871],[-91.07752,47.490862],[-91.077439,47.490766],[-91.077401,47.490618],[-91.077446,47.490518],[-91.077437,47.490377],[-91.077464,47.490333],[-91.077494,47.490327],[-91.077494,47.49025],[-91.077516,47.490213],[-91.077548,47.490194],[-91.077542,47.490175],[-91.077561,47.490124],[-91.077594,47.490071],[-91.077627,47.490053],[-91.077649,47.489996],[-91.077595,47.489841],[-91.077576,47.489813],[-91.07754,47.489797],[-91.077478,47.489784],[-91.077383,47.489777],[-91.077251,47.489734],[-91.077128,47.489756],[-91.076968,47.489757],[-91.076865,47.489771],[-91.076751,47.489735],[-91.0766,47.489625],[-91.076508,47.489527],[-91.076446,47.489454],[-91.076414,47.489318],[-91.076436,47.489134],[-91.076421,47.489065],[-91.07643,47.488933],[-91.076399,47.488881],[-91.076394,47.488852],[-91.076407,47.488768],[-91.076394,47.488756],[-91.076394,47.488704],[-91.076373,47.48866],[-91.076369,47.488605],[-91.076329,47.488559],[-91.07629,47.488489],[-91.076255,47.488454],[-91.076255,47.488376],[-91.076231,47.488305],[-91.076268,47.488189],[-91.076264,47.48812],[-91.076393,47.487857],[-91.076402,47.487773],[-91.076446,47.487724],[-91.076428,47.487664],[-91.076439,47.48764],[-91.076484,47.487628],[-91.076512,47.487552],[-91.076527,47.487463],[-91.076544,47.487428],[-91.076552,47.487372],[-91.07654,47.487358],[-91.076544,47.487332],[-91.076584,47.4873],[-91.076628,47.487242],[-91.076633,47.48722],[-91.07683,47.48711],[-91.076951,47.487066],[-91.076992,47.487059],[-91.07712,47.486978],[-91.077167,47.486933],[-91.077225,47.486925],[-91.077267,47.486932],[-91.077342,47.486915],[-91.077344,47.486905],[-91.077542,47.486773],[-91.077559,47.486733],[-91.077613,47.486688],[-91.077714,47.486658],[-91.077776,47.486619],[-91.077808,47.486616],[-91.077842,47.486601],[-91.077996,47.4866],[-91.078034,47.486608],[-91.078035,47.486576],[-91.078092,47.486524],[-91.078131,47.486451],[-91.078271,47.486286],[-91.0783,47.486219],[-91.078268,47.486183],[-91.07822,47.486163],[-91.078158,47.48615],[-91.078121,47.486127],[-91.078105,47.486061],[-91.078021,47.486032],[-91.077977,47.485993],[-91.077966,47.485922],[-91.077996,47.485869],[-91.077971,47.485837],[-91.078013,47.485816],[-91.078033,47.485791],[-91.078063,47.485779],[-91.078054,47.485762],[-91.078114,47.485719],[-91.078106,47.485695],[-91.078141,47.485643],[-91.078188,47.4856],[-91.078255,47.485561],[-91.078282,47.485518],[-91.078315,47.485491],[-91.078384,47.485453],[-91.078453,47.48539],[-91.078465,47.485245],[-91.078449,47.485216],[-91.078461,47.4852],[-91.078488,47.485191],[-91.078492,47.485157],[-91.078419,47.485101],[-91.07837,47.485031],[-91.078397,47.484911],[-91.078376,47.484865],[-91.078372,47.484826],[-91.078396,47.484781],[-91.078366,47.484682],[-91.078421,47.484566],[-91.078412,47.484517],[-91.078506,47.484401],[-91.078494,47.48437],[-91.078453,47.48434],[-91.078424,47.484296],[-91.078429,47.48428],[-91.078409,47.484218],[-91.078382,47.484191],[-91.078363,47.484116],[-91.078322,47.484032],[-91.078286,47.483996],[-91.078249,47.483977],[-91.078248,47.483955],[-91.078222,47.483911],[-91.078211,47.483838],[-91.078243,47.483787],[-91.078213,47.483734],[-91.078215,47.483699],[-91.078201,47.483673],[-91.078209,47.483621],[-91.078164,47.483561],[-91.07821,47.483501],[-91.078236,47.483497],[-91.078311,47.48345],[-91.078302,47.483398],[-91.078322,47.483258],[-91.078398,47.483198],[-91.078449,47.483129],[-91.078515,47.48311],[-91.078567,47.483053],[-91.078607,47.482981],[-91.078819,47.482958],[-91.078859,47.482917],[-91.078848,47.482864],[-91.078864,47.482825],[-91.078852,47.482736],[-91.078816,47.48268],[-91.078812,47.482618],[-91.078781,47.482551],[-91.07877,47.482479],[-91.078879,47.482316],[-91.07903,47.482234],[-91.079074,47.482232],[-91.079082,47.482201],[-91.079065,47.482161],[-91.07906,47.482082],[-91.079041,47.482057],[-91.079047,47.482027],[-91.079029,47.482004],[-91.079023,47.481946],[-91.078923,47.48182],[-91.078886,47.48172],[-91.07882,47.481693],[-91.078799,47.481673],[-91.078754,47.481664],[-91.07874,47.481649],[-91.078734,47.481598],[-91.078715,47.48156],[-91.078713,47.481518],[-91.078588,47.48144],[-91.078527,47.481417],[-91.078419,47.481299],[-91.078359,47.481266],[-91.07837,47.481248],[-91.078359,47.481182],[-91.078317,47.481089],[-91.078189,47.480949],[-91.078092,47.480904],[-91.078043,47.480895],[-91.077955,47.480896],[-91.077814,47.480818],[-91.077757,47.480732],[-91.077673,47.480682],[-91.077638,47.480627],[-91.077551,47.480529],[-91.077374,47.480352],[-91.077295,47.480287],[-91.077241,47.480221],[-91.077177,47.480169],[-91.07708,47.480028],[-91.076907,47.479907],[-91.076747,47.479578],[-91.076686,47.479502],[-91.076673,47.479446],[-91.07667,47.479336],[-91.076685,47.479294],[-91.076701,47.479147],[-91.076746,47.479025],[-91.076753,47.478898],[-91.076719,47.478765],[-91.076656,47.478716],[-91.076544,47.47866],[-91.076508,47.478621],[-91.076475,47.478573],[-91.076442,47.478466],[-91.076383,47.478394],[-91.076123,47.478243],[-91.076053,47.478172],[-91.075934,47.478098],[-91.075889,47.478059],[-91.075881,47.478032],[-91.075822,47.477968],[-91.075696,47.477889],[-91.075578,47.47783],[-91.07554,47.477759],[-91.075528,47.477753],[-91.075392,47.477747],[-91.07534,47.477697],[-91.075252,47.477688],[-91.074987,47.477706],[-91.07486,47.477662],[-91.074786,47.477664],[-91.07459,47.477536],[-91.074571,47.477487],[-91.074498,47.477439],[-91.074465,47.477434],[-91.074375,47.477439],[-91.074357,47.477411],[-91.074322,47.477405],[-91.07426,47.4774],[-91.073869,47.477474],[-91.073771,47.477521],[-91.073732,47.477528],[-91.073535,47.477504],[-91.073465,47.477502],[-91.07338,47.477517],[-91.073197,47.477508],[-91.072993,47.477482],[-91.072943,47.477401],[-91.072952,47.477219],[-91.07294,47.477178],[-91.072869,47.477149],[-91.072795,47.477104],[-91.072713,47.476996],[-91.072662,47.476973],[-91.072548,47.476944],[-91.072482,47.476929],[-91.072369,47.476925],[-91.072299,47.476901],[-91.072267,47.476884],[-91.072246,47.476842],[-91.072116,47.476751],[-91.072059,47.476729],[-91.071961,47.476671],[-91.071881,47.47665],[-91.071804,47.47665],[-91.071765,47.476642],[-91.071665,47.476601],[-91.071558,47.476571],[-91.071472,47.476568],[-91.071405,47.476547],[-91.071286,47.476529],[-91.071257,47.476501],[-91.071171,47.476479],[-91.071152,47.476448],[-91.071072,47.476418],[-91.071029,47.47642],[-91.070899,47.47639],[-91.070769,47.476313],[-91.070728,47.476252],[-91.070689,47.476224],[-91.070443,47.476142],[-91.070204,47.476108],[-91.070099,47.476062],[-91.070002,47.476038],[-91.069695,47.476003],[-91.069606,47.475962],[-91.069591,47.475931],[-91.069576,47.475922],[-91.06945,47.475931],[-91.069347,47.475948],[-91.069265,47.47595],[-91.069222,47.475936],[-91.069189,47.475892],[-91.069187,47.475749],[-91.069199,47.475666],[-91.069188,47.475566],[-91.069205,47.475538],[-91.069196,47.475471],[-91.069216,47.47543],[-91.069282,47.475369],[-91.069322,47.475279],[-91.069296,47.475268],[-91.069265,47.475271],[-91.069235,47.475285],[-91.069043,47.475285],[-91.068997,47.475227],[-91.068931,47.475097],[-91.068838,47.475029],[-91.068738,47.475008],[-91.068705,47.47499],[-91.068628,47.474967],[-91.068583,47.474969],[-91.068402,47.474892],[-91.068234,47.474696],[-91.068163,47.474671],[-91.06813,47.474628],[-91.068042,47.474583],[-91.067972,47.474528],[-91.06794,47.474484],[-91.067886,47.474467],[-91.067831,47.474428],[-91.067819,47.474407],[-91.06777,47.474386],[-91.067713,47.474333],[-91.067683,47.474261],[-91.067681,47.474221],[-91.067646,47.474166],[-91.067649,47.474142],[-91.067615,47.474093],[-91.067608,47.474059],[-91.067545,47.473995],[-91.067492,47.473856],[-91.067538,47.473661],[-91.067576,47.473607],[-91.067609,47.473509],[-91.067608,47.473456],[-91.067607,47.473427],[-91.06757,47.473388],[-91.067475,47.473155],[-91.067327,47.473003],[-91.067241,47.472964],[-91.067164,47.472898],[-91.067125,47.472879],[-91.067049,47.472861],[-91.066924,47.472787],[-91.066882,47.47274],[-91.066871,47.472686],[-91.06677,47.472605],[-91.066742,47.472514],[-91.06671,47.472466],[-91.066588,47.472393],[-91.066504,47.472374],[-91.066396,47.472366],[-91.066319,47.472403],[-91.066228,47.472424],[-91.066181,47.472445],[-91.066,47.472438],[-91.065689,47.47248],[-91.06552,47.472491],[-91.065479,47.472511],[-91.065391,47.472527],[-91.065303,47.472524],[-91.065188,47.472499],[-91.065128,47.472477],[-91.065069,47.472442],[-91.064985,47.47237],[-91.064951,47.472327],[-91.064861,47.472284],[-91.064633,47.472202],[-91.06456,47.472194],[-91.064523,47.472198],[-91.064355,47.472162],[-91.064223,47.472127],[-91.064161,47.472098],[-91.064056,47.472067],[-91.06399,47.472024],[-91.06396,47.471986],[-91.063893,47.471943],[-91.063841,47.471925],[-91.063795,47.471884],[-91.06374,47.47176],[-91.063711,47.471734],[-91.063442,47.471616],[-91.063168,47.471563],[-91.063097,47.471533],[-91.062997,47.471474],[-91.062937,47.471404],[-91.062842,47.471365],[-91.06259,47.471324],[-91.062423,47.471306],[-91.062259,47.471263],[-91.062147,47.471247],[-91.061964,47.471258],[-91.061832,47.47125],[-91.06148,47.471305],[-91.061352,47.471291],[-91.061254,47.471311],[-91.061112,47.4713],[-91.061009,47.471278],[-91.060952,47.471286],[-91.060801,47.471275],[-91.060633,47.471222],[-91.060472,47.471213],[-91.060373,47.471167],[-91.060146,47.471098],[-91.060112,47.471071],[-91.06008,47.471065],[-91.060057,47.471071],[-91.05994,47.471043],[-91.059925,47.471032],[-91.059706,47.470963],[-91.059598,47.470944],[-91.05949,47.470868],[-91.059445,47.470859],[-91.059278,47.470852],[-91.059189,47.470864],[-91.059067,47.470845],[-91.058952,47.470847],[-91.058835,47.470758],[-91.05876,47.470723],[-91.058533,47.470661],[-91.058314,47.47055],[-91.058176,47.470501],[-91.058049,47.470505],[-91.057951,47.470536],[-91.057892,47.470534],[-91.057834,47.470547],[-91.057728,47.470582],[-91.05758,47.470649],[-91.057497,47.470666],[-91.057456,47.470683],[-91.057442,47.470705],[-91.057404,47.470731],[-91.057402,47.470756],[-91.057313,47.4709],[-91.05727,47.47102],[-91.05717,47.47114],[-91.05701,47.471243],[-91.05681,47.471281],[-91.056707,47.471267],[-91.056679,47.471256],[-91.056633,47.471219],[-91.056632,47.471168],[-91.05662,47.471158],[-91.056508,47.471128],[-91.056477,47.471145],[-91.056467,47.47117],[-91.056442,47.471191],[-91.056345,47.471256],[-91.056124,47.471291],[-91.056073,47.471317],[-91.056043,47.471366],[-91.055925,47.471372],[-91.05569,47.471367],[-91.055619,47.471387],[-91.05554,47.471387],[-91.055489,47.471364],[-91.05531,47.471397],[-91.05525,47.471374],[-91.054943,47.471364],[-91.054827,47.471352],[-91.054787,47.471343],[-91.054713,47.471307],[-91.054617,47.471284],[-91.054524,47.471244],[-91.05433,47.471231],[-91.054248,47.47121],[-91.054149,47.471163],[-91.053968,47.471135],[-91.053875,47.4711],[-91.053756,47.471075],[-91.053726,47.471075],[-91.053678,47.471089],[-91.053557,47.471093],[-91.053487,47.471123],[-91.053436,47.471128],[-91.05332,47.471161],[-91.053227,47.47117],[-91.053111,47.471208],[-91.052743,47.471156],[-91.052663,47.471118],[-91.052545,47.471112],[-91.052417,47.471129],[-91.052247,47.471164],[-91.052195,47.471197],[-91.052079,47.47121],[-91.051991,47.47121],[-91.051912,47.471197],[-91.051845,47.471166],[-91.051748,47.47117],[-91.051681,47.471158],[-91.051586,47.471159],[-91.051246,47.471097],[-91.051095,47.471099],[-91.051048,47.471119],[-91.050904,47.471096],[-91.050814,47.471112],[-91.050685,47.471077],[-91.050391,47.471029],[-91.050281,47.47105],[-91.050206,47.471074],[-91.050132,47.471072],[-91.049739,47.471017],[-91.049288,47.470897],[-91.049151,47.470882],[-91.048915,47.470906],[-91.048796,47.470903],[-91.048645,47.47086],[-91.04862,47.470842],[-91.048469,47.470821],[-91.048381,47.470771],[-91.048352,47.47077],[-91.048316,47.470735],[-91.048303,47.470693],[-91.048217,47.470642],[-91.048148,47.470628],[-91.048028,47.470553],[-91.047862,47.470581],[-91.047814,47.470582],[-91.047726,47.470563],[-91.047615,47.470598],[-91.047566,47.470595],[-91.047505,47.470569],[-91.047285,47.470517],[-91.047219,47.470492],[-91.047177,47.470492],[-91.046902,47.47041],[-91.046797,47.470394],[-91.046703,47.470386],[-91.046575,47.470397],[-91.046333,47.470368],[-91.04621,47.470389],[-91.046085,47.470421],[-91.045952,47.47051],[-91.045668,47.470458],[-91.045451,47.470434],[-91.045055,47.470438],[-91.04502,47.470451],[-91.044925,47.470454],[-91.044889,47.470481],[-91.044783,47.470507],[-91.044642,47.470492],[-91.044492,47.470445],[-91.044066,47.470423],[-91.043953,47.470385],[-91.043886,47.470384],[-91.043814,47.470342],[-91.043743,47.470321],[-91.043664,47.470265],[-91.043613,47.470206],[-91.043586,47.470151],[-91.043591,47.470107],[-91.043575,47.470064],[-91.043507,47.46997],[-91.043421,47.469896],[-91.043381,47.46982],[-91.043314,47.469793],[-91.043233,47.469782],[-91.043132,47.469782],[-91.043072,47.469744],[-91.042983,47.469772],[-91.042928,47.469773],[-91.042712,47.469717],[-91.042638,47.469702],[-91.042608,47.469708],[-91.042512,47.469685],[-91.042401,47.469671],[-91.04223,47.46962],[-91.042056,47.469598],[-91.04202,47.469586],[-91.041851,47.46963],[-91.041803,47.469624],[-91.041666,47.469634],[-91.041419,47.469574],[-91.041183,47.46947],[-91.041094,47.469465],[-91.041022,47.469472],[-91.040872,47.469512],[-91.040663,47.469545],[-91.040434,47.46961],[-91.040316,47.469656],[-91.040057,47.469683],[-91.039888,47.469673],[-91.039793,47.469685],[-91.039753,47.469671],[-91.039647,47.469663],[-91.039426,47.469628],[-91.039358,47.469638],[-91.039243,47.469608],[-91.039034,47.469591],[-91.038934,47.469547],[-91.038783,47.469534],[-91.038481,47.469554],[-91.038302,47.469589],[-91.03828,47.469622],[-91.038195,47.469644],[-91.038153,47.46967],[-91.038006,47.469675],[-91.037793,47.469716],[-91.037681,47.469706],[-91.037512,47.469732],[-91.037384,47.469765],[-91.037216,47.469783],[-91.037154,47.469852],[-91.037094,47.469869],[-91.037004,47.469871],[-91.036912,47.469924],[-91.036737,47.469963],[-91.03667,47.469965],[-91.036643,47.469955],[-91.036585,47.469968],[-91.036542,47.469985],[-91.036512,47.470015],[-91.036444,47.470016],[-91.036395,47.470044],[-91.036346,47.470045],[-91.036283,47.470086],[-91.036188,47.470088],[-91.036058,47.470117],[-91.036006,47.470109],[-91.035926,47.470122],[-91.035912,47.470132],[-91.035754,47.470171],[-91.035566,47.470269],[-91.035504,47.470283],[-91.035504,47.470359],[-91.035425,47.470371],[-91.035424,47.470439],[-91.035479,47.470501],[-91.035432,47.470567],[-91.035177,47.470734],[-91.035128,47.470753],[-91.035048,47.470761],[-91.034872,47.470805],[-91.034804,47.470831],[-91.034772,47.470879],[-91.034661,47.470886],[-91.03446,47.470917],[-91.034411,47.470917],[-91.034338,47.470884],[-91.034271,47.470835],[-91.034212,47.470759],[-91.03412,47.470608],[-91.034061,47.470603],[-91.034001,47.470584],[-91.033858,47.470524],[-91.033803,47.470528],[-91.033738,47.470498],[-91.033673,47.470451],[-91.033537,47.470426],[-91.033494,47.470425],[-91.033328,47.470442],[-91.033285,47.470457],[-91.033261,47.470446],[-91.033174,47.470476],[-91.033032,47.470474],[-91.032964,47.470512],[-91.032958,47.470529],[-91.032987,47.47058],[-91.032978,47.470615],[-91.03305,47.470712],[-91.033076,47.470725],[-91.03309,47.470784],[-91.033083,47.470819],[-91.033155,47.470876],[-91.033156,47.470919],[-91.033224,47.471081],[-91.03319,47.471103],[-91.033148,47.471244],[-91.033089,47.471287],[-91.032943,47.471344],[-91.032773,47.471348],[-91.032611,47.471377],[-91.032507,47.47142],[-91.032425,47.471504],[-91.032376,47.471625],[-91.032417,47.471717],[-91.032421,47.471801],[-91.032354,47.471996],[-91.032249,47.472127],[-91.032237,47.472191],[-91.032251,47.472235],[-91.032153,47.472375],[-91.032147,47.472414],[-91.032051,47.472515],[-91.032007,47.472658],[-91.03189,47.472774],[-91.031612,47.472918],[-91.031407,47.472979],[-91.031335,47.47303],[-91.031315,47.473057],[-91.031184,47.473143],[-91.03112,47.473163],[-91.031049,47.47322],[-91.03086,47.473276],[-91.030466,47.473507],[-91.03038,47.473563],[-91.030242,47.473747],[-91.030082,47.473848],[-91.029989,47.473923],[-91.029964,47.47398],[-91.029866,47.474009],[-91.029678,47.474013],[-91.029486,47.474038],[-91.029433,47.474052],[-91.029418,47.474096],[-91.029341,47.474147],[-91.029324,47.474183],[-91.029279,47.474176],[-91.029245,47.474195],[-91.029167,47.474376],[-91.029142,47.474395],[-91.028977,47.47462],[-91.028856,47.474725],[-91.028683,47.474791],[-91.028588,47.47488],[-91.028427,47.474978],[-91.02834,47.475064],[-91.028243,47.4751],[-91.028179,47.475153],[-91.028028,47.475247],[-91.02796,47.475275],[-91.027872,47.475364],[-91.027522,47.475562],[-91.027379,47.475597],[-91.027303,47.475634],[-91.027144,47.475773],[-91.027041,47.475831],[-91.026958,47.475865],[-91.026683,47.476043],[-91.026624,47.476039],[-91.026507,47.476057],[-91.026434,47.476086],[-91.026362,47.476098],[-91.026327,47.47612],[-91.026264,47.476167],[-91.026102,47.476326],[-91.025988,47.476409],[-91.025945,47.476429],[-91.025832,47.476577],[-91.025755,47.476615],[-91.025631,47.47674],[-91.025529,47.476885],[-91.025511,47.476929],[-91.025294,47.477081],[-91.025272,47.477114],[-91.025163,47.477218],[-91.025134,47.477329],[-91.025123,47.47743],[-91.02501,47.477619],[-91.024903,47.477849],[-91.024889,47.477872],[-91.0247,47.478012],[-91.024548,47.478092],[-91.024115,47.478245],[-91.023928,47.478257],[-91.023858,47.478269],[-91.02364,47.478373],[-91.023559,47.478394],[-91.023491,47.478429],[-91.023403,47.478495],[-91.023192,47.478616],[-91.022904,47.478762],[-91.022693,47.478838],[-91.022524,47.478829],[-91.022378,47.478932],[-91.022197,47.47901],[-91.022102,47.479009],[-91.022007,47.479035],[-91.021871,47.479042],[-91.021829,47.479054],[-91.021788,47.479052],[-91.021717,47.479079],[-91.021474,47.479061],[-91.021169,47.479137],[-91.021097,47.479146],[-91.021039,47.479139],[-91.020938,47.479187],[-91.02088,47.47924],[-91.020734,47.479316],[-91.020648,47.479327],[-91.020597,47.479313],[-91.020477,47.479317],[-91.020336,47.479333],[-91.020211,47.479394],[-91.020134,47.479415],[-91.020038,47.479542],[-91.020002,47.479617],[-91.019945,47.479672],[-91.019795,47.479754],[-91.019661,47.4798],[-91.019579,47.479856],[-91.019473,47.479897],[-91.019427,47.479896],[-91.01933,47.479932],[-91.019259,47.479929],[-91.018967,47.48002],[-91.018886,47.480082],[-91.018814,47.480101],[-91.018775,47.480133],[-91.018617,47.480204],[-91.018483,47.480317],[-91.018415,47.48034],[-91.018316,47.480404],[-91.018278,47.480407],[-91.018175,47.480436],[-91.018149,47.480459],[-91.018095,47.480479],[-91.018077,47.480498],[-91.017984,47.480528],[-91.017862,47.480616],[-91.017837,47.480672],[-91.017823,47.480673],[-91.017795,47.480699],[-91.01773,47.480826],[-91.017656,47.4809],[-91.017641,47.480948],[-91.017579,47.481004],[-91.01752,47.481022],[-91.017443,47.481184],[-91.01724,47.481307],[-91.0172,47.481362],[-91.017144,47.481414],[-91.017086,47.481442],[-91.017061,47.481445],[-91.016987,47.481494],[-91.016923,47.48151],[-91.016822,47.481559],[-91.016758,47.481649],[-91.016685,47.481705],[-91.016632,47.481775],[-91.016302,47.481992],[-91.016176,47.482107],[-91.015777,47.482375],[-91.015616,47.482529],[-91.015514,47.482601],[-91.015459,47.482624],[-91.015451,47.482646],[-91.015464,47.482705],[-91.01544,47.48277],[-91.015425,47.48279],[-91.015383,47.48281],[-91.015368,47.482834],[-91.015345,47.482841],[-91.015296,47.482902],[-91.015296,47.482922],[-91.015201,47.483023],[-91.015182,47.483076],[-91.015115,47.483108],[-91.015112,47.483119],[-91.014947,47.483211],[-91.01486,47.483237],[-91.014776,47.483309],[-91.01463,47.483377],[-91.014459,47.483403],[-91.014399,47.483461],[-91.014351,47.483486],[-91.013993,47.483658],[-91.01395,47.483661],[-91.013827,47.483698],[-91.013798,47.483736],[-91.013781,47.483743],[-91.013751,47.483741],[-91.013608,47.483771],[-91.013475,47.483838],[-91.01335,47.483859],[-91.013262,47.48386],[-91.013131,47.4839],[-91.013084,47.483928],[-91.013075,47.483949],[-91.012866,47.483993],[-91.012747,47.484056],[-91.012677,47.484123],[-91.012497,47.484202],[-91.012298,47.484351],[-91.012182,47.484413],[-91.012108,47.484509],[-91.011965,47.484621],[-91.011985,47.48476],[-91.01191,47.484872],[-91.011934,47.485037],[-91.011963,47.485148],[-91.011919,47.485289],[-91.011915,47.485385],[-91.011888,47.485417],[-91.011869,47.485477],[-91.011794,47.485551],[-91.011725,47.485586],[-91.011572,47.485791],[-91.011422,47.485894],[-91.011304,47.48594],[-91.011276,47.485966],[-91.011191,47.486001],[-91.011127,47.486057],[-91.010978,47.486134],[-91.010909,47.486144],[-91.010791,47.486211],[-91.010749,47.486225],[-91.010636,47.486306],[-91.010543,47.486352],[-91.010453,47.486423],[-91.010346,47.486485],[-91.010292,47.486533],[-91.010157,47.486605],[-91.010061,47.486697],[-91.00991,47.48675],[-91.009792,47.486821],[-91.009641,47.486831],[-91.009591,47.486852],[-91.00952,47.486862],[-91.009404,47.486854],[-91.009198,47.486877],[-91.009135,47.486894],[-91.009067,47.486929],[-91.00891,47.48703],[-91.008834,47.487046],[-91.008735,47.487052],[-91.008741,47.48706],[-91.008692,47.487049],[-91.00856,47.487066],[-91.008541,47.487089],[-91.008267,47.487143],[-91.008185,47.487172],[-91.008138,47.487179],[-91.008066,47.487228],[-91.008016,47.487238],[-91.007907,47.487308],[-91.007864,47.487345],[-91.007855,47.487461],[-91.007822,47.487513],[-91.00777,47.487552],[-91.007744,47.487558],[-91.007732,47.487638],[-91.007743,47.487683],[-91.007761,47.487694],[-91.007766,47.487731],[-91.007872,47.487956],[-91.007934,47.48803],[-91.00793,47.488093],[-91.00797,47.48815],[-91.007943,47.488257],[-91.007968,47.48834],[-91.007996,47.488379],[-91.008014,47.488435],[-91.008032,47.48851],[-91.008037,47.488642],[-91.008054,47.48865],[-91.008067,47.488707],[-91.008031,47.488903],[-91.008045,47.48896],[-91.008021,47.488992],[-91.008018,47.489016],[-91.008053,47.489067],[-91.008043,47.489091],[-91.008078,47.489366],[-91.008065,47.489554],[-91.007977,47.489675],[-91.008012,47.48976],[-91.007955,47.489813],[-91.007962,47.489835],[-91.00793,47.489867],[-91.007858,47.489909],[-91.007813,47.48992],[-91.007763,47.489956],[-91.007729,47.489961],[-91.007554,47.490045],[-91.007425,47.490177],[-91.007382,47.490263],[-91.007405,47.49033],[-91.0074,47.490348],[-91.007338,47.49041],[-91.007278,47.490444],[-91.007234,47.490497],[-91.007232,47.490573],[-91.007123,47.490753],[-91.00706,47.490833],[-91.006891,47.490984],[-91.006743,47.491206],[-91.006606,47.491345],[-91.006595,47.491374],[-91.006524,47.491435],[-91.006403,47.491499],[-91.006337,47.491547],[-91.006207,47.491602],[-91.006177,47.491662],[-91.006092,47.491701],[-91.005892,47.491837],[-91.005801,47.491911],[-91.005722,47.492008],[-91.005664,47.492033],[-91.0056,47.492077],[-91.005333,47.492278],[-91.005255,47.492302],[-91.005239,47.492355],[-91.005221,47.492355],[-91.005198,47.492373],[-91.005182,47.492371],[-91.005026,47.492464],[-91.004996,47.492502],[-91.004769,47.492691],[-91.004704,47.492723],[-91.004655,47.492724],[-91.004635,47.492736],[-91.004585,47.492745],[-91.004547,47.492735],[-91.004257,47.492787],[-91.003989,47.492909],[-91.003771,47.492985],[-91.003655,47.493081],[-91.003356,47.493238],[-91.003294,47.493249],[-91.003107,47.493324],[-91.003059,47.49337],[-91.002749,47.493509],[-91.002626,47.493559],[-91.002186,47.493702],[-91.001963,47.493844],[-91.001896,47.493875],[-91.001812,47.493966],[-91.001715,47.494042],[-91.001679,47.494053],[-91.001611,47.494105],[-91.001518,47.494223],[-91.00149,47.494235],[-91.001462,47.494265],[-91.00132,47.49436],[-91.001221,47.49444],[-91.001022,47.494479],[-91.000977,47.494525],[-91.000783,47.494679],[-91.000522,47.494766],[-91.000363,47.494874],[-91.000347,47.494903],[-91.000134,47.495017],[-91.000034,47.495085],[-90.999965,47.495076],[-90.999849,47.495113],[-90.999764,47.495198],[-90.999632,47.495306],[-90.999605,47.495362],[-90.999568,47.495399],[-90.999514,47.495435],[-90.999484,47.495443],[-90.999374,47.495586],[-90.999359,47.495626],[-90.999325,47.495649],[-90.999277,47.495736],[-90.999181,47.495791],[-90.999156,47.49582],[-90.999133,47.495891],[-90.999002,47.496011],[-90.998957,47.496199],[-90.998935,47.496222],[-90.998814,47.496467],[-90.998791,47.496487],[-90.998692,47.496526],[-90.99858,47.496586],[-90.998536,47.496655],[-90.998501,47.496674],[-90.99845,47.496715],[-90.998442,47.496735],[-90.998274,47.496863],[-90.998234,47.496925],[-90.998181,47.496964],[-90.998113,47.497035],[-90.998067,47.497072],[-90.998031,47.497085],[-90.997988,47.497116],[-90.99795,47.49718],[-90.997986,47.497266],[-90.997979,47.497306],[-90.997933,47.497341],[-90.997888,47.497482],[-90.997895,47.497677],[-90.997915,47.497731],[-90.997947,47.497775],[-90.997953,47.497899],[-90.997933,47.497981],[-90.997864,47.497955],[-90.997857,47.497982],[-90.997826,47.498014],[-90.997718,47.498058],[-90.99768,47.498105],[-90.997621,47.49814],[-90.997578,47.498138],[-90.997499,47.498113],[-90.997444,47.498081],[-90.997393,47.498063],[-90.997317,47.498061],[-90.997253,47.498037],[-90.997058,47.497996],[-90.996965,47.498004],[-90.996844,47.498042],[-90.996794,47.498085],[-90.996799,47.498112],[-90.996768,47.498198],[-90.996696,47.498276],[-90.996643,47.498416],[-90.99658,47.498493],[-90.996553,47.498552],[-90.996519,47.498594],[-90.996431,47.498664],[-90.996003,47.498953],[-90.995901,47.4991],[-90.995832,47.499151],[-90.995598,47.49927],[-90.995471,47.499405],[-90.99505,47.499622],[-90.995016,47.499632],[-90.99497,47.49967],[-90.994847,47.499741],[-90.994789,47.499762],[-90.994676,47.499835],[-90.994624,47.499844],[-90.994548,47.499877],[-90.994484,47.499884],[-90.994441,47.499926],[-90.994384,47.499961],[-90.994195,47.500053],[-90.99413,47.500137],[-90.994032,47.500192],[-90.993996,47.500225],[-90.993968,47.500269],[-90.993969,47.500305],[-90.994027,47.500389],[-90.994074,47.50051],[-90.994067,47.500569],[-90.994032,47.500623],[-90.993987,47.500784],[-90.993997,47.500935],[-90.993984,47.501033],[-90.993953,47.501086],[-90.993992,47.501153],[-90.993996,47.501217],[-90.993967,47.501322],[-90.993959,47.501425],[-90.993853,47.501577],[-90.993827,47.501652],[-90.993853,47.50197],[-90.993906,47.502103],[-90.993927,47.502209],[-90.993892,47.502298],[-90.993751,47.502415],[-90.993702,47.502502],[-90.993689,47.502563],[-90.993645,47.50259],[-90.993592,47.50264],[-90.993584,47.502791],[-90.993614,47.502903],[-90.993614,47.503037],[-90.9936,47.503075],[-90.993563,47.503122],[-90.993509,47.503159],[-90.993484,47.503214],[-90.993392,47.503325],[-90.993308,47.503378],[-90.993131,47.503448],[-90.993096,47.5035],[-90.992914,47.503617],[-90.992872,47.503658],[-90.992778,47.503719],[-90.992705,47.503749],[-90.992662,47.503785],[-90.992573,47.503837],[-90.992476,47.503891],[-90.992366,47.503913],[-90.992245,47.503985],[-90.992125,47.504029],[-90.992077,47.504065],[-90.992034,47.504084],[-90.991924,47.504175],[-90.991831,47.504274],[-90.99177,47.504316],[-90.991691,47.504335],[-90.991639,47.50438],[-90.991609,47.504393],[-90.991571,47.504403],[-90.991538,47.5044],[-90.991493,47.504417],[-90.991481,47.504433],[-90.991501,47.504485],[-90.991449,47.504453],[-90.991393,47.504485],[-90.991375,47.50451],[-90.991337,47.504518],[-90.991309,47.504515],[-90.991252,47.504529],[-90.991161,47.504529],[-90.991128,47.504545],[-90.991074,47.504587],[-90.991085,47.504681],[-90.991019,47.5047],[-90.990947,47.504686],[-90.990882,47.504735],[-90.990722,47.504728],[-90.990676,47.504749],[-90.990421,47.504775],[-90.990391,47.50479],[-90.990204,47.504844],[-90.990184,47.504837],[-90.990032,47.504842],[-90.98999,47.504834],[-90.989925,47.504872],[-90.989823,47.504841],[-90.989741,47.504848],[-90.989608,47.504837],[-90.989385,47.504949],[-90.989301,47.504956],[-90.989192,47.504929],[-90.989126,47.504932],[-90.988927,47.505009],[-90.988835,47.505007],[-90.988805,47.505022],[-90.988792,47.505039],[-90.98871,47.505065],[-90.988657,47.505103],[-90.988604,47.505166],[-90.988442,47.505249],[-90.988408,47.505293],[-90.988356,47.505336],[-90.988231,47.505496],[-90.988221,47.505591],[-90.988167,47.505645],[-90.988128,47.505669],[-90.988036,47.505822],[-90.987952,47.505929],[-90.987893,47.506035],[-90.98773,47.506192],[-90.987701,47.506181],[-90.987602,47.506227],[-90.987449,47.506268],[-90.987435,47.506296],[-90.987408,47.506307],[-90.987271,47.506333],[-90.987206,47.506362],[-90.987105,47.506435],[-90.987056,47.506458],[-90.986969,47.506466],[-90.986886,47.506517],[-90.986867,47.506538],[-90.986813,47.506565],[-90.986777,47.506572],[-90.986577,47.506545],[-90.986501,47.506533],[-90.986422,47.506504],[-90.986033,47.50646],[-90.985967,47.506443],[-90.985766,47.506434],[-90.985589,47.506335],[-90.985343,47.50638],[-90.985248,47.506369],[-90.985049,47.506381],[-90.984939,47.506451],[-90.984903,47.506446],[-90.98479,47.506491],[-90.984657,47.506515],[-90.984599,47.506508],[-90.984553,47.506526],[-90.984506,47.506563],[-90.984423,47.506715],[-90.984145,47.506898],[-90.984007,47.507012],[-90.983895,47.507055],[-90.983849,47.507061],[-90.983794,47.507055],[-90.98373,47.507065],[-90.983605,47.507042],[-90.983266,47.507041],[-90.983086,47.507065],[-90.983035,47.507063],[-90.982974,47.507076],[-90.982891,47.507072],[-90.982846,47.507079],[-90.982754,47.507165],[-90.982666,47.507206],[-90.982579,47.507293],[-90.982586,47.507461],[-90.982609,47.507507],[-90.982687,47.507602],[-90.982665,47.507695],[-90.982766,47.50777],[-90.982965,47.507709],[-90.983039,47.507724],[-90.983184,47.507738],[-90.983226,47.507762],[-90.983327,47.50778],[-90.983352,47.507773],[-90.983413,47.507802],[-90.983487,47.507795],[-90.983532,47.507803],[-90.983648,47.507764],[-90.98372,47.507767],[-90.983788,47.507755],[-90.983822,47.507761],[-90.983886,47.50774],[-90.984003,47.507745],[-90.984136,47.507686],[-90.984168,47.507685],[-90.984345,47.50764],[-90.984627,47.507613],[-90.984777,47.507551],[-90.984904,47.507545],[-90.984933,47.507557],[-90.984926,47.507566],[-90.984977,47.507555],[-90.985079,47.507607],[-90.985105,47.50764],[-90.98507,47.507727],[-90.9849,47.507876],[-90.984873,47.507911],[-90.984831,47.507931],[-90.984792,47.507963],[-90.984748,47.50801],[-90.984746,47.50803],[-90.984852,47.508204],[-90.98496,47.508308],[-90.985147,47.50839],[-90.985274,47.508379],[-90.985295,47.508368],[-90.985347,47.508364],[-90.985387,47.508376],[-90.985465,47.508375],[-90.985665,47.508363],[-90.9857,47.50835],[-90.985757,47.50835],[-90.985807,47.508362],[-90.985855,47.508381],[-90.985934,47.508442],[-90.98601,47.50848],[-90.986024,47.508507],[-90.986068,47.508547],[-90.986092,47.508551],[-90.98611,47.508576],[-90.986173,47.508608],[-90.986404,47.508676],[-90.986504,47.508688],[-90.986622,47.508717],[-90.986732,47.508701],[-90.986782,47.508705],[-90.986824,47.508686],[-90.986849,47.508687],[-90.986954,47.508713],[-90.987173,47.508741],[-90.98723,47.508784],[-90.987252,47.508813],[-90.987512,47.508936],[-90.987609,47.509028],[-90.987713,47.50907],[-90.987762,47.509117],[-90.987799,47.509164],[-90.987805,47.509203],[-90.987842,47.509288],[-90.987821,47.509388],[-90.987733,47.50948],[-90.9877,47.509544],[-90.987649,47.509585],[-90.987599,47.509799],[-90.9876,47.509841],[-90.987627,47.509889],[-90.987656,47.509981],[-90.987694,47.510029],[-90.987726,47.510093],[-90.987751,47.510274],[-90.98773,47.510317],[-90.987747,47.510385],[-90.987742,47.51048],[-90.987785,47.510612],[-90.987801,47.510653],[-90.987868,47.510723],[-90.987916,47.510825],[-90.988064,47.51105],[-90.988246,47.511227],[-90.988343,47.511301],[-90.988503,47.511485],[-90.988604,47.51153],[-90.988658,47.511568],[-90.988763,47.511604],[-90.988827,47.511636],[-90.98903,47.511753],[-90.989233,47.511765],[-90.989308,47.511794],[-90.989377,47.511802],[-90.989465,47.511831],[-90.989772,47.511885],[-90.989813,47.511876],[-90.989845,47.511881],[-90.98993,47.511901],[-90.989979,47.511923],[-90.990073,47.511933],[-90.990097,47.511968],[-90.990144,47.511986],[-90.990153,47.511998],[-90.990177,47.512086],[-90.99018,47.512115],[-90.990145,47.512207],[-90.990068,47.512323],[-90.989957,47.512617],[-90.989938,47.512707],[-90.98992,47.512718],[-90.989886,47.51279],[-90.989894,47.512882],[-90.989717,47.513251],[-90.989713,47.513318],[-90.989657,47.513443],[-90.989573,47.51356],[-90.989564,47.513627],[-90.989534,47.51369],[-90.989533,47.513733],[-90.989497,47.513777],[-90.989423,47.51382],[-90.989357,47.513966],[-90.989257,47.514071],[-90.989203,47.514143],[-90.989188,47.514195],[-90.989018,47.514338],[-90.988978,47.514428],[-90.988899,47.514466],[-90.988793,47.51458],[-90.988737,47.514623],[-90.988709,47.514631],[-90.988694,47.514627],[-90.988475,47.514791],[-90.988434,47.514809],[-90.988403,47.514841],[-90.988316,47.514875],[-90.98823,47.514997],[-90.988178,47.515026],[-90.988138,47.515085],[-90.988109,47.515176],[-90.988112,47.515252],[-90.98813,47.515288],[-90.988125,47.515372],[-90.988174,47.515438],[-90.988181,47.515475],[-90.98827,47.515583],[-90.988282,47.515669],[-90.988236,47.515805],[-90.988139,47.515923],[-90.988125,47.515957],[-90.988101,47.516083],[-90.988121,47.516168],[-90.988095,47.51628],[-90.988054,47.516348],[-90.988032,47.516361],[-90.987918,47.516498],[-90.987804,47.516613],[-90.987715,47.516667],[-90.987658,47.516687],[-90.987589,47.516757],[-90.987523,47.516784],[-90.987487,47.516866],[-90.987528,47.516963],[-90.987609,47.517064],[-90.987621,47.517156],[-90.987681,47.517261],[-90.987859,47.517352],[-90.987931,47.517418],[-90.988021,47.517545],[-90.988064,47.517556],[-90.988059,47.517577],[-90.988073,47.517633],[-90.988045,47.517709],[-90.988053,47.517809],[-90.988031,47.517856],[-90.988027,47.517932],[-90.987929,47.51807],[-90.98783,47.518171],[-90.987772,47.518216],[-90.987744,47.518233],[-90.987578,47.518287],[-90.987511,47.51833],[-90.987237,47.51838],[-90.987097,47.518445],[-90.987029,47.518527],[-90.986931,47.518601],[-90.986897,47.518648],[-90.986834,47.518681],[-90.986641,47.518857],[-90.986627,47.518851],[-90.986547,47.518902],[-90.986475,47.518965],[-90.98635,47.519104],[-90.986342,47.519122],[-90.986359,47.519142],[-90.986346,47.519168],[-90.986211,47.51929],[-90.986114,47.519413],[-90.986078,47.519494],[-90.985967,47.519593],[-90.985932,47.519675],[-90.985818,47.519799],[-90.985745,47.519838],[-90.985711,47.519878],[-90.985671,47.519905],[-90.98566,47.519935],[-90.985587,47.52],[-90.98549,47.520147],[-90.985489,47.520174],[-90.985469,47.520202],[-90.985383,47.520293],[-90.985298,47.520355],[-90.985172,47.520428],[-90.985074,47.520448],[-90.984885,47.520466],[-90.984762,47.520509],[-90.984586,47.520672],[-90.984573,47.520705],[-90.984583,47.52071],[-90.984608,47.520705],[-90.984554,47.52071],[-90.98453,47.520719],[-90.984455,47.520729],[-90.984423,47.520728],[-90.984356,47.520755],[-90.984272,47.520756],[-90.98417,47.5208],[-90.984095,47.520819],[-90.984004,47.520876],[-90.983902,47.520983],[-90.983839,47.521006],[-90.983755,47.52102],[-90.983633,47.52102],[-90.983571,47.521041],[-90.983457,47.521107],[-90.983443,47.521132],[-90.983377,47.521187],[-90.983222,47.521246],[-90.983132,47.52134],[-90.983035,47.521375],[-90.982972,47.521417],[-90.982952,47.521443],[-90.982852,47.521506],[-90.982809,47.521549],[-90.98279,47.521629],[-90.982805,47.52171],[-90.982798,47.521767],[-90.982813,47.521822],[-90.982769,47.521935],[-90.982743,47.521957],[-90.98261,47.522015],[-90.982517,47.522068],[-90.982411,47.522111],[-90.9823,47.522125],[-90.982208,47.522153],[-90.982102,47.522155],[-90.981907,47.522195],[-90.981772,47.522213],[-90.981662,47.52222],[-90.981591,47.522234],[-90.981483,47.522232],[-90.981455,47.522242],[-90.981252,47.522263],[-90.981182,47.522285],[-90.980929,47.522422],[-90.980783,47.522432],[-90.980693,47.522492],[-90.980665,47.522495],[-90.980572,47.522552],[-90.980404,47.522611],[-90.980348,47.522601],[-90.980207,47.522629],[-90.980105,47.522629],[-90.980076,47.522642],[-90.980006,47.522653],[-90.979795,47.522637],[-90.979739,47.522655],[-90.979647,47.522642],[-90.979568,47.522679],[-90.979526,47.522688],[-90.97935,47.522697],[-90.979212,47.522765],[-90.979082,47.522777],[-90.978941,47.522821],[-90.978764,47.522806],[-90.978566,47.522746],[-90.97846,47.522749],[-90.978367,47.522727],[-90.978312,47.522684],[-90.978266,47.522664],[-90.978254,47.522647],[-90.978051,47.522553],[-90.977977,47.522528],[-90.977892,47.522516],[-90.97786,47.522501],[-90.977805,47.522507],[-90.977759,47.52249],[-90.977677,47.522487],[-90.977591,47.522464],[-90.977392,47.522381],[-90.977249,47.522352],[-90.97717,47.522312],[-90.977131,47.522271],[-90.977001,47.522203],[-90.97688,47.522159],[-90.97676,47.522144],[-90.976665,47.522122],[-90.97652,47.522071],[-90.976477,47.522018],[-90.976424,47.521999],[-90.976343,47.521996],[-90.976252,47.521975],[-90.976222,47.521948],[-90.976178,47.521938],[-90.97612,47.52195],[-90.976028,47.521942],[-90.97597,47.521924],[-90.975852,47.521929],[-90.975755,47.521923],[-90.975546,47.521893],[-90.975381,47.521922],[-90.975274,47.521932],[-90.975152,47.521907],[-90.975046,47.521915],[-90.974955,47.521897],[-90.974742,47.521897],[-90.974642,47.521885],[-90.974557,47.521884],[-90.974482,47.521889],[-90.974401,47.521912],[-90.974087,47.52203],[-90.973961,47.522065],[-90.973772,47.522043],[-90.973626,47.522063],[-90.973536,47.522058],[-90.973448,47.522074],[-90.97329,47.522144],[-90.973125,47.522137],[-90.972962,47.52217],[-90.972878,47.522178],[-90.972601,47.522167],[-90.972496,47.52218],[-90.972473,47.522173],[-90.972331,47.522181],[-90.972269,47.522163],[-90.972124,47.522152],[-90.972009,47.522116],[-90.971944,47.522126],[-90.971822,47.522121],[-90.971785,47.522126],[-90.971729,47.522141],[-90.971659,47.522174],[-90.97162,47.522181],[-90.971513,47.522146],[-90.971416,47.522134],[-90.971354,47.52214],[-90.971297,47.522171],[-90.971238,47.522185],[-90.971158,47.522193],[-90.971075,47.522215],[-90.970866,47.522241],[-90.970848,47.522232],[-90.97078,47.522223],[-90.970732,47.522229],[-90.970693,47.522222],[-90.97059,47.522178],[-90.970555,47.522187],[-90.97051,47.522177],[-90.970466,47.522159],[-90.970455,47.522101],[-90.970403,47.522101],[-90.970447,47.522122],[-90.970436,47.522132],[-90.970407,47.522128],[-90.970355,47.522102],[-90.970301,47.522093],[-90.970271,47.522102],[-90.970262,47.522138],[-90.970207,47.522196],[-90.970223,47.522346],[-90.970217,47.522401],[-90.9702,47.522434],[-90.970235,47.522569],[-90.970296,47.522659],[-90.970325,47.522656],[-90.970377,47.522677],[-90.970434,47.522722],[-90.970454,47.522723],[-90.97048,47.52274],[-90.970516,47.522789],[-90.97061,47.522856],[-90.97066,47.522912],[-90.970702,47.522989],[-90.970734,47.523011],[-90.970723,47.523039],[-90.970734,47.523071],[-90.970752,47.523101],[-90.970798,47.523124],[-90.970845,47.523272],[-90.970922,47.523412],[-90.970958,47.523427],[-90.970949,47.523713],[-90.970958,47.52378],[-90.97102,47.52393],[-90.971074,47.523986],[-90.971094,47.523995],[-90.971204,47.524122],[-90.971234,47.524134],[-90.971304,47.524188],[-90.971333,47.52419],[-90.971388,47.524224],[-90.97146,47.524232],[-90.971479,47.524242],[-90.971485,47.524263],[-90.971569,47.524361],[-90.971727,47.524578],[-90.971667,47.524822],[-90.97168,47.524852],[-90.9717,47.524859],[-90.971848,47.524971],[-90.972008,47.525015],[-90.972111,47.525031],[-90.972119,47.525041],[-90.972243,47.525016],[-90.97235,47.52503],[-90.972414,47.525064],[-90.97255,47.525115],[-90.972648,47.525108],[-90.972705,47.525123],[-90.972735,47.525123],[-90.97278,47.525104],[-90.972947,47.525177],[-90.972976,47.525182],[-90.97303,47.525168],[-90.973157,47.525221],[-90.973213,47.525204],[-90.973389,47.5253],[-90.973506,47.525316],[-90.973551,47.525312],[-90.973595,47.525326],[-90.973669,47.525314],[-90.973733,47.525286],[-90.973836,47.525272],[-90.973928,47.525335],[-90.974,47.525327],[-90.974093,47.525354],[-90.974175,47.525356],[-90.974217,47.525365],[-90.974267,47.525387],[-90.974316,47.525395],[-90.974348,47.525422],[-90.974345,47.525464],[-90.974386,47.525541],[-90.974416,47.525561],[-90.974467,47.52562],[-90.974521,47.525756],[-90.974404,47.525923],[-90.974221,47.526106],[-90.974176,47.526192],[-90.974121,47.526259],[-90.974049,47.526323],[-90.973921,47.526489],[-90.973731,47.526616],[-90.973505,47.526721],[-90.97331,47.526881],[-90.973225,47.526912],[-90.973042,47.527031],[-90.972967,47.527055],[-90.972847,47.527222],[-90.972768,47.527404],[-90.972789,47.527551],[-90.972821,47.527644],[-90.97288,47.527666],[-90.972913,47.527745],[-90.97295,47.527794],[-90.972996,47.527915],[-90.972998,47.528004],[-90.973071,47.528093],[-90.973178,47.528196],[-90.973237,47.528227],[-90.973307,47.528334],[-90.973302,47.528394],[-90.973319,47.528538],[-90.973277,47.528627],[-90.973275,47.528662],[-90.973303,47.528885],[-90.973325,47.528888],[-90.973396,47.529036],[-90.97341,47.529092],[-90.973475,47.529103],[-90.973482,47.529127],[-90.973547,47.5292],[-90.973527,47.529239],[-90.97355,47.529503],[-90.973573,47.52961],[-90.973612,47.52967],[-90.973614,47.529778],[-90.973642,47.529819],[-90.973709,47.529873],[-90.973715,47.529929],[-90.97374,47.529938],[-90.973745,47.530002],[-90.973772,47.530078],[-90.97375,47.530128],[-90.973741,47.530192],[-90.973612,47.530361],[-90.9736,47.530466],[-90.973579,47.530489],[-90.973564,47.530545],[-90.973481,47.530643],[-90.973454,47.530698],[-90.973373,47.530806],[-90.973309,47.530838],[-90.973257,47.5309],[-90.973141,47.530951],[-90.973092,47.530983],[-90.973033,47.530999],[-90.972958,47.531061],[-90.972836,47.531098],[-90.97279,47.5311],[-90.972718,47.531134],[-90.97267,47.531169],[-90.972509,47.5312],[-90.972449,47.531236],[-90.972313,47.531237],[-90.9722,47.531281],[-90.972154,47.531274],[-90.97203,47.531287],[-90.971928,47.531261],[-90.971723,47.53129],[-90.971672,47.53131],[-90.971606,47.531322],[-90.971351,47.531306],[-90.971317,47.531288],[-90.971129,47.531226],[-90.971017,47.531159],[-90.970924,47.531112],[-90.970871,47.531095],[-90.970833,47.531099],[-90.970803,47.531115],[-90.970743,47.531092],[-90.970724,47.531094],[-90.97072,47.531103],[-90.970647,47.531114],[-90.970612,47.531147],[-90.97054,47.531147],[-90.9705,47.531129],[-90.970471,47.531137],[-90.970438,47.531166],[-90.970374,47.531164],[-90.970346,47.531148],[-90.970316,47.531108],[-90.970318,47.531087],[-90.970292,47.531127],[-90.970279,47.531126],[-90.970249,47.531102],[-90.970162,47.531096],[-90.970112,47.531136],[-90.970078,47.531203],[-90.970055,47.531217],[-90.970053,47.531278],[-90.970074,47.531368],[-90.970107,47.531407],[-90.970219,47.531434],[-90.97024,47.531446],[-90.970284,47.531371],[-90.970287,47.531348],[-90.97032,47.531398],[-90.970336,47.531464],[-90.970403,47.53157],[-90.970415,47.531582],[-90.970453,47.531581],[-90.970499,47.531593],[-90.970517,47.53164],[-90.970514,47.531714],[-90.970565,47.531866],[-90.970608,47.531916],[-90.970625,47.531996],[-90.970622,47.532075],[-90.970737,47.532109],[-90.970765,47.532177],[-90.970788,47.532172],[-90.970838,47.532237],[-90.970867,47.532306],[-90.970893,47.532329],[-90.970905,47.532329],[-90.970935,47.532435],[-90.970994,47.532506],[-90.970995,47.532562],[-90.971039,47.532653],[-90.971222,47.532736],[-90.971403,47.532852],[-90.971437,47.532867],[-90.971504,47.53288],[-90.971548,47.532909],[-90.971697,47.532941],[-90.97185,47.533015],[-90.971841,47.533035],[-90.971824,47.533036],[-90.971784,47.533076],[-90.971735,47.533176],[-90.971742,47.533275],[-90.971775,47.533346],[-90.971809,47.533365],[-90.97186,47.533455],[-90.971902,47.533499],[-90.971961,47.533524],[-90.97198,47.533531],[-90.972102,47.533532],[-90.972207,47.533517],[-90.97229,47.533549],[-90.972424,47.533586],[-90.9726,47.533582],[-90.972694,47.533588],[-90.972787,47.533616],[-90.973076,47.533551],[-90.973203,47.533554],[-90.973362,47.533686],[-90.973384,47.533689],[-90.973411,47.533677],[-90.973456,47.533701],[-90.973543,47.533689],[-90.973736,47.533616],[-90.973784,47.533605],[-90.973902,47.533633],[-90.973941,47.533654],[-90.974072,47.53367],[-90.974106,47.533703],[-90.974156,47.533733],[-90.974183,47.533734],[-90.97429,47.533792],[-90.974335,47.533783],[-90.974378,47.533792],[-90.974431,47.533788],[-90.974509,47.533797],[-90.974587,47.533791],[-90.974593,47.533816],[-90.97461,47.533827],[-90.974768,47.533867],[-90.974968,47.533874],[-90.975093,47.533896],[-90.975144,47.533916],[-90.975269,47.533923],[-90.975298,47.53396],[-90.975455,47.534045],[-90.975537,47.534106],[-90.975571,47.53412],[-90.975582,47.534147],[-90.97564,47.534145],[-90.975817,47.534223],[-90.975937,47.534224],[-90.976106,47.534283],[-90.976253,47.534301],[-90.976298,47.534314],[-90.976356,47.534346],[-90.976453,47.534363],[-90.976521,47.534367],[-90.976635,47.534341],[-90.976718,47.534244],[-90.97677,47.534211],[-90.976912,47.534084],[-90.977083,47.534001],[-90.977134,47.53399],[-90.977295,47.534009],[-90.977378,47.533993],[-90.97747,47.533987],[-90.977558,47.533961],[-90.977618,47.533972],[-90.977692,47.533959],[-90.97806,47.534047],[-90.978195,47.534024],[-90.978243,47.534024],[-90.978348,47.534151],[-90.978532,47.534221],[-90.978587,47.534231],[-90.978657,47.53423],[-90.978784,47.534266],[-90.978857,47.534276],[-90.978877,47.534289],[-90.979094,47.534363],[-90.979189,47.534349],[-90.979181,47.534552],[-90.979198,47.534724],[-90.979227,47.534781],[-90.979234,47.534872],[-90.979259,47.534955],[-90.979216,47.535106],[-90.979214,47.535159],[-90.979195,47.535182],[-90.979206,47.535252],[-90.979189,47.53532],[-90.979211,47.535398],[-90.979241,47.535443],[-90.979273,47.535524],[-90.979383,47.53564],[-90.979576,47.535735],[-90.979721,47.535774],[-90.979805,47.535759],[-90.979998,47.535786],[-90.980306,47.535851],[-90.980617,47.535935],[-90.980754,47.535957],[-90.980842,47.535959],[-90.980916,47.535996],[-90.980961,47.535992],[-90.981108,47.536039],[-90.981204,47.53606],[-90.98164,47.536204],[-90.981839,47.53624],[-90.981944,47.536247],[-90.98202,47.536266],[-90.982095,47.536262],[-90.982172,47.536298],[-90.982219,47.536309],[-90.982354,47.536397],[-90.982445,47.536523],[-90.982461,47.536565],[-90.982465,47.536801],[-90.982418,47.53689],[-90.98215,47.536996],[-90.982072,47.53704],[-90.981912,47.537325],[-90.981901,47.537438],[-90.981732,47.537725],[-90.981658,47.537796],[-90.981472,47.537917],[-90.981252,47.537989],[-90.981213,47.538022],[-90.981092,47.53807],[-90.980991,47.538093],[-90.980926,47.538123],[-90.98076,47.538165],[-90.980684,47.538196],[-90.98051,47.538229],[-90.980353,47.538246],[-90.980295,47.538332],[-90.980246,47.538378],[-90.980206,47.538463],[-90.980123,47.538553],[-90.980062,47.538665],[-90.980027,47.538768],[-90.979974,47.538877],[-90.979938,47.539094],[-90.979915,47.539156],[-90.979915,47.5392],[-90.979934,47.539248],[-90.979918,47.539301],[-90.97986,47.539389],[-90.979778,47.539428],[-90.979677,47.53953],[-90.979644,47.539541],[-90.979618,47.539585],[-90.979504,47.539688],[-90.979445,47.539726],[-90.979355,47.539776],[-90.979308,47.539788],[-90.979186,47.539844],[-90.978864,47.539898],[-90.978777,47.539948],[-90.978722,47.539941],[-90.978708,47.539949],[-90.978543,47.539929],[-90.978424,47.539954],[-90.978284,47.540019],[-90.978185,47.540093],[-90.978111,47.540121],[-90.978025,47.540197],[-90.977978,47.540283],[-90.977902,47.540372],[-90.977872,47.540397],[-90.977746,47.54045],[-90.977694,47.540466],[-90.977532,47.540476],[-90.97745,47.540511],[-90.977286,47.540543],[-90.977168,47.540584],[-90.977141,47.54058],[-90.976821,47.54063],[-90.976504,47.540646],[-90.976429,47.540673],[-90.976284,47.540668],[-90.976207,47.540679],[-90.975923,47.540637],[-90.975728,47.540581],[-90.975479,47.540484],[-90.975379,47.540425],[-90.975169,47.540323],[-90.9751,47.540328],[-90.97502,47.540318],[-90.974975,47.540301],[-90.974951,47.540279],[-90.97496,47.54026],[-90.97495,47.540256],[-90.97488,47.540262],[-90.974867,47.540272],[-90.974858,47.540316],[-90.974873,47.540267],[-90.974865,47.540249],[-90.974887,47.540274],[-90.974869,47.540324],[-90.974685,47.540409],[-90.974604,47.540478],[-90.974468,47.540499],[-90.97425,47.54059],[-90.974154,47.540687],[-90.973989,47.540768],[-90.973905,47.5408],[-90.973881,47.540821],[-90.973818,47.540838],[-90.973758,47.540887],[-90.973695,47.540918],[-90.973656,47.540927],[-90.973593,47.541],[-90.973466,47.541082],[-90.973409,47.5411],[-90.973283,47.541173],[-90.973229,47.541195],[-90.973142,47.541294],[-90.973128,47.541329],[-90.973005,47.54145],[-90.972999,47.541496],[-90.97275,47.541748],[-90.972502,47.541881],[-90.972432,47.541944],[-90.972309,47.541993],[-90.972096,47.542095],[-90.971987,47.542111],[-90.971815,47.54216],[-90.971776,47.542181],[-90.97166,47.542287],[-90.971557,47.542362],[-90.971355,47.542467],[-90.971304,47.542515],[-90.971149,47.542729],[-90.971118,47.542759],[-90.971094,47.542767],[-90.970973,47.542977],[-90.97089,47.543082],[-90.970831,47.543241],[-90.97081,47.54345],[-90.970826,47.543491],[-90.970791,47.543532],[-90.970713,47.543681],[-90.970603,47.543746],[-90.97055,47.543765],[-90.970473,47.543819],[-90.970429,47.543837],[-90.970353,47.543845],[-90.970259,47.54379],[-90.97019,47.543693],[-90.970109,47.543674],[-90.970048,47.54367],[-90.969813,47.543614],[-90.969712,47.543615],[-90.969661,47.543602],[-90.969566,47.543595],[-90.969507,47.5436],[-90.969398,47.543617],[-90.96935,47.543632],[-90.969252,47.543642],[-90.969221,47.543657],[-90.969012,47.543703],[-90.968982,47.543729],[-90.968933,47.543741],[-90.968896,47.543732],[-90.968905,47.543762],[-90.96891,47.543757],[-90.968908,47.543758],[-90.968906,47.543757],[-90.968891,47.543748],[-90.968788,47.54377],[-90.96865,47.543868],[-90.968509,47.543948],[-90.968456,47.543966],[-90.968287,47.544101],[-90.968148,47.544156],[-90.968035,47.544133],[-90.967902,47.544142],[-90.967762,47.544188],[-90.967637,47.544197],[-90.967354,47.544281],[-90.967301,47.54431],[-90.967231,47.544314],[-90.967113,47.544396],[-90.967044,47.544419],[-90.966993,47.544451],[-90.966929,47.544499],[-90.966882,47.544549],[-90.966621,47.544649],[-90.966575,47.544687],[-90.966534,47.544777],[-90.966423,47.544918],[-90.966295,47.544946],[-90.966159,47.545021],[-90.966084,47.545034],[-90.96603,47.545124],[-90.965955,47.545204],[-90.965885,47.545361],[-90.965833,47.545449],[-90.965751,47.545504],[-90.965656,47.545627],[-90.965622,47.545655],[-90.965529,47.545807],[-90.965548,47.545772],[-90.965514,47.545816],[-90.965453,47.545854],[-90.965422,47.545895],[-90.965318,47.545991],[-90.965261,47.546016],[-90.965181,47.54608],[-90.96512,47.546115],[-90.964651,47.546345],[-90.964562,47.546341],[-90.964494,47.546357],[-90.964342,47.546453],[-90.964315,47.546474],[-90.964289,47.546514],[-90.964177,47.546574],[-90.964127,47.546589],[-90.963928,47.546683],[-90.963877,47.546694],[-90.963848,47.546713],[-90.963826,47.546769],[-90.963778,47.546807],[-90.963407,47.546871],[-90.963263,47.546906],[-90.963144,47.546955],[-90.963058,47.547037],[-90.962867,47.547074],[-90.962524,47.547197],[-90.962382,47.547199],[-90.962322,47.547172],[-90.962229,47.547169],[-90.962136,47.547197],[-90.96203,47.547204],[-90.961946,47.547198],[-90.961895,47.547205],[-90.961828,47.547243],[-90.961757,47.547219],[-90.961683,47.547228],[-90.961642,47.54722],[-90.96162,47.547225],[-90.961591,47.547253],[-90.961512,47.547291],[-90.961492,47.547314],[-90.961441,47.547336],[-90.961407,47.54734],[-90.96133,47.547339],[-90.961248,47.547276],[-90.961208,47.547294],[-90.961063,47.547303],[-90.961,47.547283],[-90.960988,47.547268],[-90.960996,47.547262],[-90.96096,47.547244],[-90.960979,47.547268],[-90.960967,47.547276],[-90.960863,47.547282],[-90.960689,47.547264],[-90.960633,47.547304],[-90.960596,47.547294],[-90.960344,47.547332],[-90.960286,47.547377],[-90.960155,47.547436],[-90.960098,47.547456],[-90.960064,47.547445],[-90.959842,47.547523],[-90.95978,47.547576],[-90.959753,47.547586],[-90.95952,47.547645],[-90.959464,47.547673],[-90.959326,47.54777],[-90.959252,47.547787],[-90.95921,47.547808],[-90.959119,47.54782],[-90.958887,47.547815],[-90.95875,47.547846],[-90.958683,47.547871],[-90.95863,47.547877],[-90.958561,47.547907],[-90.958486,47.54796],[-90.958397,47.547999],[-90.958273,47.548073],[-90.958234,47.548137],[-90.958213,47.548233],[-90.958242,47.548305],[-90.958266,47.548336],[-90.95826,47.548437],[-90.958243,47.548481],[-90.958297,47.548538],[-90.958282,47.548702],[-90.958249,47.548744],[-90.958177,47.548775],[-90.958104,47.548862],[-90.958087,47.548922],[-90.958047,47.548917],[-90.958054,47.548955],[-90.958044,47.548986],[-90.958021,47.549015],[-90.958002,47.549086],[-90.95797,47.549126],[-90.957918,47.549226],[-90.957931,47.549282],[-90.957884,47.549314],[-90.957845,47.549358],[-90.957833,47.549368],[-90.957791,47.549374],[-90.95765,47.549425],[-90.957569,47.549432],[-90.957433,47.549429],[-90.957263,47.549454],[-90.957243,47.549463],[-90.957217,47.549461],[-90.957135,47.549485],[-90.95709,47.549513],[-90.956904,47.549526],[-90.956681,47.549575],[-90.956562,47.549615],[-90.956143,47.549897],[-90.956106,47.549947],[-90.955941,47.550109],[-90.955912,47.550132],[-90.95589,47.550135],[-90.955871,47.550169],[-90.955866,47.550229],[-90.955795,47.550317],[-90.955708,47.550347],[-90.955588,47.550345],[-90.955534,47.550369],[-90.955331,47.550395],[-90.955237,47.550386],[-90.955193,47.550393],[-90.955113,47.550379],[-90.954963,47.550317],[-90.954828,47.550297],[-90.954706,47.550254],[-90.954425,47.550127],[-90.954245,47.550023],[-90.954218,47.550012],[-90.954101,47.549993],[-90.954053,47.549976],[-90.953915,47.549982],[-90.953824,47.550048],[-90.953801,47.550057],[-90.953782,47.550055],[-90.953774,47.550067],[-90.953739,47.550077],[-90.953678,47.550117],[-90.953466,47.550167],[-90.953414,47.550164],[-90.953381,47.550147],[-90.953268,47.55013],[-90.953103,47.550066],[-90.952971,47.550054],[-90.952863,47.550075],[-90.952823,47.550097],[-90.952754,47.550107],[-90.952691,47.550205],[-90.952652,47.550244],[-90.952579,47.550285],[-90.952511,47.550297],[-90.952485,47.550319],[-90.952344,47.550375],[-90.952325,47.550398],[-90.9522,47.550397],[-90.95211,47.550408],[-90.952089,47.550424],[-90.951886,47.55042],[-90.951668,47.550501],[-90.951567,47.550552],[-90.951522,47.550566],[-90.951227,47.550588],[-90.951207,47.550599],[-90.951142,47.550604],[-90.951087,47.550652],[-90.950887,47.550691],[-90.950869,47.550708],[-90.950817,47.550723],[-90.950783,47.550719],[-90.950679,47.55076],[-90.950658,47.550787],[-90.950525,47.550849],[-90.950295,47.550919],[-90.950261,47.550935],[-90.950235,47.551047],[-90.950193,47.551095],[-90.950029,47.551216],[-90.949945,47.551322],[-90.949801,47.551331],[-90.949682,47.55144],[-90.949406,47.551531],[-90.949356,47.551562],[-90.94926,47.551654],[-90.949149,47.551718],[-90.949085,47.551738],[-90.948955,47.551757],[-90.948791,47.551731],[-90.9487,47.551699],[-90.948561,47.551688],[-90.948481,47.551704],[-90.948426,47.551703],[-90.948344,47.55176],[-90.948307,47.551765],[-90.948257,47.551792],[-90.948194,47.551941],[-90.948263,47.552034],[-90.948332,47.552155],[-90.948311,47.552172],[-90.948326,47.552224],[-90.948323,47.552266],[-90.9483,47.552299],[-90.948303,47.552365],[-90.948239,47.552434],[-90.948213,47.55252],[-90.948149,47.55259],[-90.948078,47.552635],[-90.948,47.552741],[-90.947805,47.552886],[-90.947783,47.552912],[-90.947748,47.552925],[-90.947612,47.55293],[-90.947486,47.552946],[-90.947345,47.552943],[-90.947202,47.552957],[-90.947105,47.553],[-90.947048,47.552998],[-90.946909,47.553045],[-90.946853,47.553083],[-90.946787,47.553093],[-90.94665,47.553074],[-90.946475,47.553081],[-90.946343,47.553103],[-90.946134,47.553084],[-90.945921,47.553131],[-90.945877,47.553149],[-90.945822,47.55315],[-90.945668,47.553248],[-90.945596,47.553308],[-90.945224,47.553507],[-90.945179,47.553516],[-90.945147,47.553548],[-90.945026,47.55358],[-90.944933,47.553622],[-90.944849,47.553682],[-90.944772,47.553689],[-90.944676,47.553716],[-90.944584,47.553778],[-90.944583,47.553791],[-90.944444,47.553826],[-90.944422,47.553824],[-90.944347,47.55388],[-90.944351,47.553915],[-90.94429,47.553975],[-90.944241,47.554001],[-90.944175,47.554062],[-90.944077,47.554096],[-90.94392,47.554229],[-90.943698,47.554348],[-90.943558,47.554381],[-90.94348,47.554436],[-90.943422,47.554496],[-90.9434,47.554542],[-90.943393,47.554736],[-90.943368,47.554815],[-90.943334,47.554843],[-90.943313,47.554877],[-90.943187,47.554963],[-90.943129,47.554976],[-90.94306,47.555063],[-90.943003,47.55511],[-90.94294,47.555132],[-90.942929,47.555181],[-90.942839,47.55528],[-90.942789,47.555313],[-90.94272,47.555384],[-90.942628,47.555582],[-90.942567,47.555603],[-90.942533,47.555605],[-90.942498,47.555641],[-90.94248,47.555644],[-90.942453,47.555673],[-90.942422,47.555737],[-90.942368,47.55577],[-90.942244,47.555897],[-90.942157,47.555944],[-90.942129,47.556034],[-90.942032,47.556084],[-90.941979,47.556161],[-90.941902,47.556208],[-90.941887,47.556235],[-90.941771,47.556338],[-90.941706,47.55644],[-90.941583,47.556514],[-90.941382,47.556549],[-90.94133,47.55654],[-90.941281,47.55656],[-90.941231,47.556559],[-90.941182,47.556513],[-90.941188,47.556564],[-90.941042,47.556656],[-90.940941,47.556699],[-90.940914,47.556726],[-90.940811,47.556771],[-90.940758,47.556816],[-90.940652,47.556853],[-90.940575,47.556869],[-90.940528,47.556991],[-90.940494,47.557018],[-90.940479,47.557054],[-90.9405,47.557128],[-90.940482,47.557245],[-90.940381,47.557292],[-90.940346,47.55732],[-90.940315,47.557388],[-90.940242,47.557482],[-90.940166,47.557544],[-90.940121,47.557627],[-90.94006,47.557666],[-90.939975,47.557699],[-90.93994,47.557734],[-90.939818,47.557771],[-90.93979,47.557793],[-90.93972,47.557817],[-90.939705,47.557834],[-90.939669,47.557839],[-90.939625,47.557869],[-90.939548,47.557892],[-90.939422,47.557995],[-90.939425,47.558032],[-90.939325,47.558104],[-90.939286,47.558117],[-90.939264,47.558137],[-90.939213,47.558151],[-90.939164,47.558221],[-90.939121,47.558251],[-90.939088,47.558292],[-90.939049,47.558355],[-90.938958,47.558439],[-90.93886,47.558452],[-90.938735,47.558537],[-90.938678,47.558601],[-90.93863,47.558602],[-90.93849,47.558654],[-90.938374,47.558734],[-90.938261,47.558865],[-90.938214,47.55887],[-90.938178,47.55889],[-90.938118,47.558972],[-90.938094,47.558983],[-90.938005,47.558983],[-90.937886,47.55903],[-90.937812,47.559093],[-90.937661,47.559126],[-90.937578,47.559167],[-90.937548,47.559164],[-90.9375,47.559239],[-90.93751,47.559254],[-90.937497,47.559251],[-90.937457,47.559298],[-90.937455,47.559361],[-90.937372,47.559476],[-90.937365,47.559504],[-90.937266,47.559656],[-90.9372,47.559675],[-90.937184,47.55969],[-90.936981,47.559712],[-90.936828,47.559707],[-90.936684,47.559715],[-90.936576,47.559742],[-90.936441,47.559761],[-90.936324,47.559768],[-90.936219,47.559743],[-90.936172,47.559746],[-90.936084,47.559793],[-90.935941,47.559842],[-90.935753,47.559836],[-90.935704,47.559855],[-90.935477,47.559819],[-90.935322,47.559707],[-90.935205,47.559701],[-90.935023,47.559744],[-90.934954,47.559743],[-90.934923,47.559782],[-90.934826,47.559829],[-90.934764,47.559873],[-90.934715,47.559863],[-90.934674,47.559932],[-90.934489,47.560085],[-90.93436,47.560093],[-90.934226,47.560166],[-90.934217,47.560188],[-90.934145,47.560213],[-90.934089,47.560214],[-90.933989,47.560247],[-90.933984,47.560305],[-90.933973,47.560321],[-90.933986,47.560373],[-90.933955,47.560406],[-90.933852,47.560659],[-90.933858,47.560772],[-90.933844,47.560823],[-90.933877,47.560893],[-90.93386,47.560952],[-90.933804,47.561006],[-90.933751,47.561083],[-90.933662,47.561115],[-90.933601,47.561164],[-90.933458,47.561211],[-90.933418,47.561261],[-90.933307,47.561285],[-90.933298,47.561318],[-90.93322,47.561336],[-90.933188,47.561366],[-90.933108,47.561388],[-90.933101,47.561412],[-90.932926,47.561609],[-90.932822,47.56164],[-90.932793,47.561669],[-90.932788,47.5617],[-90.932735,47.561724],[-90.932606,47.561757],[-90.93258,47.561779],[-90.932553,47.561923],[-90.932489,47.561995],[-90.932313,47.562028],[-90.932244,47.56203],[-90.932178,47.562019],[-90.932043,47.562088],[-90.932008,47.562145],[-90.931957,47.56219],[-90.931936,47.562235],[-90.93188,47.562281],[-90.931854,47.562343],[-90.931741,47.562398],[-90.931641,47.562459],[-90.931562,47.562476],[-90.93154,47.562508],[-90.931564,47.562627],[-90.931522,47.562654],[-90.931473,47.562655],[-90.931428,47.562676],[-90.931481,47.562874],[-90.931469,47.562924],[-90.931425,47.562959],[-90.931398,47.562999],[-90.931354,47.563017],[-90.931322,47.563045],[-90.93132,47.563058],[-90.931279,47.563066],[-90.931311,47.563367],[-90.931275,47.56347],[-90.931166,47.563621],[-90.931024,47.563686],[-90.930941,47.563736],[-90.930884,47.563794],[-90.9308,47.56385],[-90.930715,47.56387],[-90.930634,47.563921],[-90.930475,47.564049],[-90.930455,47.564077],[-90.930405,47.564115],[-90.930342,47.564194],[-90.930161,47.564307],[-90.930119,47.564305],[-90.930061,47.564316],[-90.930013,47.564342],[-90.929683,47.56438],[-90.929645,47.564417],[-90.929596,47.56443],[-90.929442,47.564415],[-90.929256,47.564507],[-90.928991,47.564573],[-90.928769,47.564549],[-90.928683,47.564554],[-90.928431,47.564542],[-90.928296,47.564552],[-90.928301,47.564598],[-90.928334,47.564648],[-90.928332,47.564726],[-90.928253,47.564772],[-90.928253,47.564846],[-90.928222,47.564855],[-90.928202,47.564879],[-90.928153,47.564892],[-90.928084,47.564969],[-90.928041,47.564991],[-90.928048,47.565059],[-90.928039,47.565064],[-90.927916,47.565073],[-90.927863,47.565126],[-90.92777,47.565157],[-90.927736,47.565181],[-90.927451,47.565171],[-90.927275,47.56521],[-90.927122,47.565223],[-90.927082,47.565244],[-90.927018,47.565238],[-90.926781,47.565294],[-90.926483,47.565307],[-90.926396,47.565319],[-90.92631,47.565376],[-90.926177,47.565439],[-90.926063,47.565445],[-90.926017,47.565491],[-90.925983,47.565508],[-90.925656,47.565646],[-90.925601,47.565687],[-90.925599,47.565721],[-90.925534,47.565746],[-90.92551,47.56578],[-90.92552,47.565841],[-90.925506,47.565889],[-90.925383,47.566023],[-90.925317,47.566058],[-90.92529,47.566092],[-90.925266,47.566162],[-90.925414,47.56634],[-90.925383,47.566386],[-90.925283,47.566439],[-90.925261,47.566464],[-90.925297,47.566514],[-90.925307,47.566546],[-90.925284,47.566587],[-90.925255,47.566602],[-90.925252,47.566739],[-90.925163,47.566769],[-90.924907,47.566757],[-90.9246,47.566777],[-90.924479,47.566684],[-90.924317,47.566638],[-90.924193,47.566629],[-90.924087,47.566603],[-90.923964,47.566559],[-90.923816,47.56657],[-90.923755,47.566611],[-90.923716,47.566623],[-90.923674,47.566708],[-90.923574,47.566758],[-90.923497,47.566829],[-90.923378,47.56682],[-90.923375,47.566829],[-90.923329,47.56683],[-90.923238,47.566779],[-90.923097,47.566733],[-90.922946,47.566668],[-90.92283,47.56655],[-90.92283,47.566525],[-90.922643,47.566441],[-90.922569,47.566385],[-90.922503,47.566354],[-90.922347,47.566316],[-90.922168,47.566288],[-90.922088,47.566261],[-90.921635,47.566152],[-90.921534,47.56611],[-90.921356,47.566078],[-90.921217,47.566091],[-90.921139,47.566079],[-90.920937,47.566074],[-90.920836,47.566061],[-90.920811,47.566063],[-90.920798,47.566073],[-90.920655,47.566075],[-90.920583,47.566095],[-90.920397,47.566065],[-90.920297,47.566028],[-90.920236,47.566028],[-90.92012,47.565941],[-90.920003,47.565919],[-90.919952,47.565885],[-90.919872,47.565789],[-90.919799,47.565732],[-90.919794,47.565681],[-90.919771,47.565657],[-90.919769,47.565634],[-90.919611,47.565581],[-90.919578,47.565579],[-90.919566,47.565588],[-90.919422,47.565582],[-90.919329,47.565602],[-90.919155,47.565608],[-90.919055,47.565652],[-90.919033,47.565679],[-90.918872,47.565748],[-90.918654,47.565808],[-90.918633,47.565834],[-90.918575,47.565862],[-90.918565,47.565917],[-90.918579,47.565959],[-90.91857,47.566013],[-90.918603,47.566073],[-90.918663,47.566141],[-90.918679,47.56618],[-90.918657,47.566237],[-90.918621,47.566271],[-90.918564,47.566375],[-90.918455,47.566482],[-90.918442,47.566516],[-90.918291,47.566616],[-90.918133,47.566593],[-90.917944,47.566626],[-90.917753,47.56669],[-90.91766,47.566707],[-90.917651,47.566729],[-90.917452,47.566796],[-90.917216,47.566777],[-90.917002,47.566724],[-90.916903,47.566658],[-90.916862,47.56664],[-90.916565,47.566547],[-90.916495,47.566494],[-90.91633,47.566418],[-90.916182,47.566371],[-90.916027,47.566305],[-90.915966,47.566263],[-90.915655,47.56621],[-90.915369,47.566212],[-90.91521,47.566272],[-90.915151,47.566324],[-90.914963,47.566319],[-90.91463,47.566257],[-90.914608,47.566241],[-90.914342,47.56613],[-90.914248,47.566144],[-90.914197,47.566128],[-90.914121,47.566089],[-90.914046,47.566081],[-90.914017,47.566061],[-90.91385,47.566006],[-90.913824,47.565988],[-90.913734,47.565978],[-90.913688,47.565983],[-90.913679,47.565973],[-90.913636,47.565961],[-90.913583,47.56598],[-90.913305,47.565937],[-90.913288,47.565941],[-90.913245,47.565902],[-90.913233,47.565863],[-90.913241,47.565847],[-90.913231,47.565822],[-90.913243,47.565804],[-90.913224,47.565766],[-90.913206,47.565639],[-90.913082,47.56565],[-90.913041,47.565666],[-90.913027,47.565692],[-90.912966,47.565742],[-90.912924,47.565724],[-90.912788,47.565626],[-90.912742,47.565531],[-90.91274,47.565507],[-90.912689,47.565429],[-90.91261,47.565365],[-90.91233,47.565226],[-90.912191,47.565127],[-90.912213,47.56497],[-90.912177,47.564911],[-90.912184,47.564891],[-90.91206,47.564786],[-90.912038,47.564731],[-90.911987,47.564694],[-90.911935,47.564607],[-90.91191,47.564418],[-90.911927,47.564377],[-90.912052,47.564323],[-90.912182,47.564348],[-90.912293,47.564321],[-90.912434,47.564249],[-90.912579,47.564196],[-90.912667,47.564134],[-90.912777,47.564124],[-90.9128,47.564129],[-90.912877,47.564109],[-90.91294,47.564066],[-90.912945,47.564008],[-90.912969,47.563983],[-90.913033,47.563927],[-90.913108,47.563883],[-90.913232,47.563829],[-90.913274,47.563837],[-90.913355,47.56381],[-90.913452,47.563752],[-90.913473,47.563725],[-90.913513,47.563725],[-90.913677,47.563689],[-90.913841,47.563702],[-90.913963,47.563685],[-90.914065,47.563643],[-90.914299,47.563603],[-90.91437,47.563612],[-90.914488,47.563608],[-90.914541,47.563624],[-90.914778,47.563589],[-90.914951,47.563519],[-90.915042,47.563537],[-90.9151,47.563586],[-90.915171,47.563601],[-90.91521,47.563623],[-90.915278,47.563644],[-90.915335,47.563652],[-90.915382,47.563678],[-90.915419,47.56367],[-90.91548,47.563697],[-90.915536,47.563692],[-90.915606,47.563782],[-90.915624,47.563789],[-90.915647,47.563783],[-90.91566,47.563742],[-90.915652,47.563731],[-90.915699,47.563687],[-90.915707,47.563636],[-90.915827,47.563605],[-90.915978,47.563598],[-90.916017,47.563564],[-90.916061,47.563427],[-90.916135,47.563376],[-90.916225,47.56328],[-90.916245,47.563203],[-90.916266,47.563183],[-90.916256,47.563146],[-90.916271,47.563144],[-90.916308,47.563102],[-90.916288,47.563074],[-90.91631,47.563017],[-90.916359,47.562969],[-90.916468,47.562908],[-90.916549,47.562901],[-90.916549,47.562872],[-90.916601,47.562775],[-90.916602,47.562755],[-90.91656,47.56268],[-90.916566,47.562672],[-90.916684,47.562641],[-90.916939,47.562502],[-90.916979,47.562502],[-90.917059,47.562377],[-90.91715,47.562287],[-90.917269,47.562221],[-90.917315,47.562205],[-90.917511,47.562228],[-90.917565,47.562219],[-90.917673,47.562181],[-90.917728,47.562181],[-90.917758,47.562164],[-90.91775,47.562149],[-90.917772,47.562114],[-90.917763,47.562084],[-90.917817,47.562045],[-90.91799,47.562066],[-90.918033,47.562054],[-90.918041,47.562008],[-90.918097,47.561932],[-90.918071,47.561871],[-90.918078,47.561813],[-90.918254,47.56176],[-90.918212,47.561716],[-90.918179,47.561655],[-90.918192,47.561596],[-90.918144,47.561432],[-90.918152,47.561407],[-90.918201,47.561368],[-90.918201,47.561332],[-90.918151,47.561242],[-90.918163,47.561195],[-90.918185,47.561152],[-90.918216,47.561119],[-90.918235,47.561115],[-90.918261,47.561082],[-90.918278,47.561044],[-90.918284,47.560934],[-90.91827,47.560901],[-90.918244,47.56089],[-90.918227,47.560868],[-90.918195,47.560781],[-90.91822,47.560719],[-90.918243,47.560707],[-90.918221,47.560614],[-90.918078,47.56052],[-90.917989,47.560505],[-90.918018,47.560463],[-90.917851,47.560302],[-90.91786,47.560289],[-90.917734,47.560218],[-90.917706,47.560151],[-90.917712,47.560042],[-90.917687,47.560068],[-90.917604,47.560094],[-90.917583,47.560115],[-90.917562,47.560179],[-90.917414,47.56018],[-90.917328,47.560208],[-90.917071,47.560149],[-90.916931,47.56007],[-90.916806,47.560014],[-90.9166,47.55995],[-90.916545,47.559913],[-90.916476,47.559896],[-90.916379,47.55983],[-90.916373,47.559795],[-90.916406,47.559702],[-90.916446,47.559676],[-90.916594,47.559696],[-90.916745,47.559696],[-90.916823,47.559732],[-90.916909,47.559738],[-90.916911,47.559606],[-90.916896,47.559562],[-90.916827,47.559522],[-90.916806,47.559487],[-90.916806,47.55939],[-90.916753,47.559326],[-90.916753,47.559254],[-90.916698,47.559163],[-90.916658,47.559018],[-90.916582,47.558975],[-90.916528,47.559],[-90.916522,47.558927],[-90.916458,47.558872],[-90.916464,47.558829],[-90.91644,47.558803],[-90.916164,47.55864],[-90.916145,47.558586],[-90.916094,47.558551],[-90.91604,47.558436],[-90.915975,47.558413],[-90.915973,47.558381],[-90.915999,47.558332],[-90.915914,47.558237],[-90.915906,47.558196],[-90.915907,47.558161],[-90.915928,47.558143],[-90.915944,47.558098],[-90.915882,47.558049],[-90.915864,47.558],[-90.915862,47.557952],[-90.915898,47.557788],[-90.915857,47.557718],[-90.915823,47.557686],[-90.915823,47.557675],[-90.915835,47.557675],[-90.915811,47.557565],[-90.91574,47.557538],[-90.915541,47.557513],[-90.915541,47.557525],[-90.915515,47.557546],[-90.915301,47.557674],[-90.915303,47.55772],[-90.915191,47.557762],[-90.915157,47.557793],[-90.915187,47.557836],[-90.915158,47.557949],[-90.915107,47.558013],[-90.915089,47.558068],[-90.915131,47.558115],[-90.915122,47.558171],[-90.915077,47.558272],[-90.915105,47.558324],[-90.91511,47.558446],[-90.91513,47.558505],[-90.915189,47.558556],[-90.915375,47.558654],[-90.915455,47.558722],[-90.915473,47.558809],[-90.915497,47.558858],[-90.915497,47.55893],[-90.915577,47.559026],[-90.915495,47.559043],[-90.915459,47.559058],[-90.91545,47.559071],[-90.915324,47.559116],[-90.915204,47.559189],[-90.915203,47.559209],[-90.91515,47.559231],[-90.915124,47.559282],[-90.915047,47.559337],[-90.915037,47.55937],[-90.914869,47.559421],[-90.914832,47.559444],[-90.914803,47.559518],[-90.914746,47.559561],[-90.914669,47.559594],[-90.914209,47.559657],[-90.913894,47.559664],[-90.913788,47.559688],[-90.91352,47.559672],[-90.913285,47.559676],[-90.913209,47.559659],[-90.913151,47.559659],[-90.912789,47.559612],[-90.912647,47.559558],[-90.912393,47.559502],[-90.912344,47.559502],[-90.912273,47.559533],[-90.912192,47.559545],[-90.911961,47.559548],[-90.911922,47.559537],[-90.911765,47.559521],[-90.911509,47.559457],[-90.911104,47.559399],[-90.910926,47.55934],[-90.910848,47.559305],[-90.910737,47.559302],[-90.91073,47.559309],[-90.910585,47.559305],[-90.910475,47.559344],[-90.910175,47.559354],[-90.909996,47.559399],[-90.909962,47.559417],[-90.909884,47.559419],[-90.909796,47.55941],[-90.909682,47.559424],[-90.9097,47.559424],[-90.909756,47.559473],[-90.909722,47.55945],[-90.909543,47.559389],[-90.909439,47.559378],[-90.90935,47.559354],[-90.908992,47.559202],[-90.908887,47.559181],[-90.908837,47.559193],[-90.908794,47.559182],[-90.90876,47.559187],[-90.908697,47.559181],[-90.908451,47.55921],[-90.908251,47.559144],[-90.908239,47.559125],[-90.908159,47.55909],[-90.907966,47.55902],[-90.90788,47.559027],[-90.90784,47.55907],[-90.907763,47.559089],[-90.907627,47.559094],[-90.907557,47.559088],[-90.907451,47.559112],[-90.907372,47.55914],[-90.9073,47.559148],[-90.907059,47.559211],[-90.906948,47.559257],[-90.906916,47.559283],[-90.906887,47.559292],[-90.906839,47.559293],[-90.906577,47.559354],[-90.906545,47.559446],[-90.906529,47.559453],[-90.906509,47.559511],[-90.906424,47.559601],[-90.906355,47.559637],[-90.906324,47.559665],[-90.906266,47.559687],[-90.906163,47.559755],[-90.906129,47.559806],[-90.905879,47.5599],[-90.905785,47.559958],[-90.90576,47.560002],[-90.905691,47.560029],[-90.905618,47.560095],[-90.905574,47.560108],[-90.905528,47.560111],[-90.905501,47.56016],[-90.905458,47.560172],[-90.905439,47.560236],[-90.905408,47.560272],[-90.905252,47.560285],[-90.905169,47.560346],[-90.904845,47.560377],[-90.904752,47.560376],[-90.904474,47.560302],[-90.904445,47.560304],[-90.904421,47.560324],[-90.904331,47.560329],[-90.904121,47.56027],[-90.903751,47.560285],[-90.903674,47.560322],[-90.903632,47.560367],[-90.903518,47.560451],[-90.903505,47.56048],[-90.903521,47.560558],[-90.903609,47.560648],[-90.903569,47.560729],[-90.903595,47.560762],[-90.90359,47.560806],[-90.903615,47.560865],[-90.903613,47.560943],[-90.903543,47.561054],[-90.903465,47.561115],[-90.903423,47.561109],[-90.903312,47.561113],[-90.903256,47.561132],[-90.903162,47.561186],[-90.903058,47.561196],[-90.903014,47.56119],[-90.902992,47.561198],[-90.902991,47.561256],[-90.903011,47.5613],[-90.902988,47.561359],[-90.902953,47.561367],[-90.902921,47.561452],[-90.90288,47.561495],[-90.902836,47.561568],[-90.902838,47.561641],[-90.902801,47.561711],[-90.902807,47.561737],[-90.902791,47.561779],[-90.902771,47.561802],[-90.90273,47.56181],[-90.902709,47.561839],[-90.902682,47.561851],[-90.902601,47.561918],[-90.902578,47.561994],[-90.902607,47.562024],[-90.902604,47.562042],[-90.902599,47.562059],[-90.90256,47.562086],[-90.90196,47.562001],[-90.901692,47.561976],[-90.901578,47.561957],[-90.901369,47.56195],[-90.901351,47.561955],[-90.90105,47.561896],[-90.90096,47.561922],[-90.900906,47.561923],[-90.900859,47.561909],[-90.900646,47.561813],[-90.900637,47.56178],[-90.900563,47.561745],[-90.900456,47.561721],[-90.900231,47.561705],[-90.900108,47.561653],[-90.900094,47.561619],[-90.900061,47.561593],[-90.899811,47.561563],[-90.899694,47.561523],[-90.899657,47.561534],[-90.89966,47.561544],[-90.899624,47.561581],[-90.899565,47.561594],[-90.899533,47.561619],[-90.899497,47.561722],[-90.899472,47.56174],[-90.899462,47.561762],[-90.899413,47.561778],[-90.899406,47.561815],[-90.899376,47.56183],[-90.89931,47.561829],[-90.899281,47.561847],[-90.899265,47.561882],[-90.899107,47.561975],[-90.898704,47.562043],[-90.89859,47.562081],[-90.898562,47.562114],[-90.898514,47.562135],[-90.898403,47.562116],[-90.898226,47.562156],[-90.898191,47.56218],[-90.89798,47.562268],[-90.89793,47.562329],[-90.897916,47.562364],[-90.897844,47.562363],[-90.89775,47.562381],[-90.897559,47.562381],[-90.897475,47.562411],[-90.897388,47.562481],[-90.897363,47.56261],[-90.897308,47.562693],[-90.897144,47.562732],[-90.896996,47.562728],[-90.896958,47.562734],[-90.896876,47.562767],[-90.896751,47.562787],[-90.8965,47.562799],[-90.896455,47.562777],[-90.89628,47.56273],[-90.896162,47.562741],[-90.896105,47.562752],[-90.89588,47.562907],[-90.895774,47.562905],[-90.895324,47.56297],[-90.895103,47.563032],[-90.895044,47.563074],[-90.895006,47.563131],[-90.894958,47.563246],[-90.894964,47.563294],[-90.894931,47.563357],[-90.894865,47.563437],[-90.894832,47.563513],[-90.89472,47.563576],[-90.894688,47.563604],[-90.894671,47.563637],[-90.894569,47.56372],[-90.894371,47.563834],[-90.894327,47.563872],[-90.894132,47.563965],[-90.893956,47.564062],[-90.893796,47.564178],[-90.893699,47.564202],[-90.893644,47.564229],[-90.893586,47.564273],[-90.893428,47.564407],[-90.893321,47.564483],[-90.893216,47.564663],[-90.893152,47.564722],[-90.893144,47.56477],[-90.893126,47.564789],[-90.893092,47.564869],[-90.892771,47.564919],[-90.89273,47.564919],[-90.892575,47.564874],[-90.892466,47.564882],[-90.892192,47.564838],[-90.892058,47.564778],[-90.891965,47.564756],[-90.891944,47.56476],[-90.891854,47.564732],[-90.891839,47.564684],[-90.891934,47.564584],[-90.891969,47.564559],[-90.892033,47.564554],[-90.892226,47.564444],[-90.89221,47.564377],[-90.892186,47.56436],[-90.892165,47.564318],[-90.892116,47.564276],[-90.892111,47.564256],[-90.892054,47.56419],[-90.892053,47.564154],[-90.89203,47.564111],[-90.892051,47.564041],[-90.892109,47.563926],[-90.892212,47.563866],[-90.89221,47.563836],[-90.892165,47.563813],[-90.892094,47.563803],[-90.892024,47.563762],[-90.891916,47.563756],[-90.891833,47.563742],[-90.891523,47.563823],[-90.89149,47.56385],[-90.891393,47.563883],[-90.891368,47.563903],[-90.891005,47.56398],[-90.890827,47.563986],[-90.890701,47.564036],[-90.890639,47.564091],[-90.890409,47.564149],[-90.890399,47.56417],[-90.890359,47.564177],[-90.890243,47.564152],[-90.890182,47.56415],[-90.890057,47.564124],[-90.88999,47.56412],[-90.889868,47.564117],[-90.88976,47.564134],[-90.889626,47.564131],[-90.889524,47.564143],[-90.88948,47.564133],[-90.889225,47.56413],[-90.889136,47.564172],[-90.889128,47.564192],[-90.889105,47.564206],[-90.888839,47.564332],[-90.888741,47.56434],[-90.888635,47.564361],[-90.888591,47.564378],[-90.888573,47.564399],[-90.888499,47.564407],[-90.888387,47.564435],[-90.888121,47.564527],[-90.887841,47.564515],[-90.887704,47.564527],[-90.887624,47.564511],[-90.887405,47.564504],[-90.887312,47.564491],[-90.887112,47.564479],[-90.886966,47.564504],[-90.886857,47.564491],[-90.886787,47.564498],[-90.886741,47.564517],[-90.8867,47.564508],[-90.886676,47.564525],[-90.886499,47.564587],[-90.886463,47.564594],[-90.886308,47.564591],[-90.886125,47.564563],[-90.885932,47.564517],[-90.885901,47.564517],[-90.885791,47.564546],[-90.885466,47.564424],[-90.885427,47.564427],[-90.885409,47.564436],[-90.88536,47.564436],[-90.885331,47.564421],[-90.885289,47.564366],[-90.885246,47.564343],[-90.885159,47.564326],[-90.885122,47.564328],[-90.885057,47.564355],[-90.885006,47.564386],[-90.885,47.5644],[-90.884927,47.564454],[-90.884898,47.564464],[-90.884789,47.564458],[-90.884745,47.564447],[-90.884612,47.564446],[-90.884322,47.564384],[-90.884213,47.564404],[-90.884141,47.564358],[-90.884109,47.564356],[-90.884104,47.564352],[-90.884132,47.564326],[-90.884156,47.5644],[-90.884181,47.564354],[-90.884123,47.564357],[-90.884121,47.564353],[-90.884075,47.564343],[-90.884042,47.564331],[-90.883995,47.564275],[-90.883871,47.564263],[-90.883832,47.564201],[-90.88373,47.564109],[-90.883498,47.563837],[-90.883341,47.563717],[-90.883076,47.563631],[-90.882969,47.563569],[-90.882793,47.563487],[-90.882727,47.563418],[-90.882567,47.563343],[-90.882519,47.563335],[-90.88242,47.563259],[-90.882295,47.563264],[-90.882226,47.563161],[-90.882109,47.56307],[-90.882112,47.563001],[-90.882079,47.562919],[-90.882109,47.562789],[-90.882145,47.562728],[-90.882169,47.562637],[-90.882172,47.562533],[-90.882228,47.562345],[-90.882233,47.562315],[-90.882204,47.56226],[-90.882267,47.562125],[-90.882279,47.562032],[-90.882278,47.561855],[-90.882295,47.56184],[-90.882286,47.561809],[-90.882291,47.561767],[-90.882164,47.561681],[-90.882042,47.561576],[-90.882025,47.561529],[-90.882032,47.561501],[-90.882082,47.561461],[-90.882081,47.561429],[-90.882096,47.561405],[-90.882173,47.561389],[-90.882224,47.561348],[-90.882236,47.561282],[-90.88222,47.561189],[-90.882232,47.561103],[-90.882187,47.560956],[-90.881953,47.560632],[-90.881893,47.560527],[-90.881823,47.560339],[-90.881821,47.560303],[-90.881778,47.56022],[-90.881579,47.56001],[-90.881459,47.559834],[-90.881447,47.559749],[-90.88134,47.559655],[-90.881271,47.559647],[-90.881173,47.559619],[-90.881077,47.559603],[-90.880905,47.559552],[-90.880382,47.559444],[-90.880273,47.559404],[-90.880186,47.559408],[-90.880068,47.559436],[-90.879789,47.559451],[-90.879631,47.559425],[-90.879378,47.559311],[-90.879193,47.559168],[-90.879073,47.558999],[-90.878938,47.55884],[-90.878892,47.558802],[-90.878765,47.558734],[-90.878617,47.558708],[-90.878207,47.558615],[-90.878174,47.558596],[-90.878117,47.558549],[-90.877969,47.558393],[-90.877933,47.558264],[-90.877859,47.558189],[-90.87774,47.557994],[-90.877591,47.557848],[-90.877333,47.557777],[-90.877222,47.557588],[-90.877098,47.557529],[-90.876765,47.557468],[-90.87676,47.557449],[-90.876567,47.557417],[-90.876586,47.557476],[-90.876545,47.557474],[-90.876418,47.557413],[-90.876193,47.557429],[-90.876145,47.557445],[-90.876086,47.557427],[-90.875842,47.557156],[-90.875669,47.557079],[-90.875602,47.557102],[-90.875312,47.55724],[-90.875263,47.557244],[-90.875212,47.557226],[-90.875158,47.557232],[-90.874971,47.557171],[-90.874847,47.557116],[-90.874686,47.557029],[-90.874647,47.557017],[-90.874612,47.55698],[-90.874577,47.556976],[-90.874498,47.556993],[-90.874368,47.557066],[-90.87436,47.557131],[-90.874377,47.557182],[-90.874579,47.557306],[-90.874612,47.557318],[-90.874632,47.557347],[-90.874701,47.557364],[-90.87477,47.557364],[-90.874836,47.557351],[-90.874962,47.557364],[-90.875035,47.557432],[-90.875102,47.55746],[-90.875196,47.557495],[-90.875274,47.557495],[-90.875447,47.557554],[-90.875543,47.557548],[-90.875618,47.557527],[-90.875779,47.557565],[-90.87588,47.557604],[-90.876142,47.557659],[-90.876262,47.557693],[-90.876385,47.557694],[-90.876487,47.557721],[-90.876723,47.557848],[-90.876808,47.557906],[-90.876878,47.557924],[-90.876918,47.557974],[-90.876991,47.558017],[-90.877006,47.558035],[-90.876994,47.55808],[-90.877041,47.558259],[-90.877156,47.558506],[-90.877192,47.558554],[-90.877206,47.558604],[-90.877381,47.558751],[-90.877537,47.558902],[-90.877634,47.559051],[-90.877962,47.559314],[-90.878032,47.559345],[-90.878234,47.559407],[-90.878457,47.559527],[-90.878593,47.559569],[-90.878714,47.559558],[-90.878796,47.559608],[-90.879101,47.559729],[-90.879265,47.559817],[-90.879497,47.559922],[-90.879767,47.56],[-90.879801,47.560023],[-90.88006,47.560111],[-90.880296,47.560217],[-90.880675,47.560422],[-90.88085,47.560566],[-90.880915,47.560707],[-90.880905,47.560744],[-90.880905,47.560846],[-90.880864,47.560977],[-90.880889,47.561212],[-90.880945,47.561327],[-90.880995,47.561363],[-90.881364,47.561517],[-90.881535,47.561664],[-90.881588,47.561757],[-90.881632,47.561895],[-90.8816,47.56216],[-90.881565,47.562253],[-90.881341,47.562493],[-90.881263,47.562615],[-90.881238,47.56269],[-90.881272,47.562857],[-90.881444,47.563239],[-90.881559,47.563371],[-90.881738,47.5635],[-90.881956,47.563595],[-90.882224,47.563661],[-90.882428,47.563789],[-90.88246,47.563873],[-90.882472,47.563962],[-90.882453,47.564111],[-90.882436,47.564155],[-90.88238,47.564231],[-90.882347,47.564243],[-90.882303,47.564278],[-90.882263,47.56442],[-90.882212,47.564493],[-90.882205,47.56463],[-90.882217,47.564733],[-90.88218,47.564774],[-90.882114,47.564793],[-90.881916,47.564913],[-90.881802,47.564943],[-90.881699,47.564961],[-90.881492,47.564951],[-90.881388,47.564958],[-90.881239,47.56494],[-90.8811,47.564934],[-90.881105,47.564975],[-90.88111,47.564987],[-90.881378,47.565121],[-90.881704,47.565219],[-90.881892,47.56531],[-90.882051,47.565466],[-90.882116,47.565508],[-90.882129,47.565572],[-90.882161,47.565639],[-90.882272,47.565817],[-90.882326,47.565876],[-90.882442,47.566053],[-90.882519,47.566245],[-90.882572,47.566541],[-90.882568,47.566623],[-90.882611,47.566748],[-90.882629,47.56693],[-90.882617,47.56698],[-90.882639,47.567078],[-90.882639,47.567139],[-90.882618,47.567183],[-90.882465,47.567245],[-90.882374,47.567265],[-90.882224,47.567274],[-90.881957,47.567359],[-90.881585,47.567424],[-90.881315,47.567624],[-90.881158,47.567773],[-90.880957,47.567848],[-90.8809,47.567989],[-90.880822,47.568054],[-90.880765,47.568206],[-90.880705,47.568304],[-90.880708,47.568441],[-90.880698,47.568474],[-90.88064,47.568524],[-90.880537,47.568714],[-90.880545,47.568789],[-90.880535,47.568871],[-90.880514,47.56897],[-90.880463,47.5691],[-90.880513,47.569239],[-90.8805,47.569264],[-90.880469,47.569287],[-90.88024,47.56938],[-90.880024,47.569543],[-90.879886,47.569703],[-90.879723,47.569782],[-90.879634,47.569844],[-90.879576,47.569858],[-90.879502,47.569901],[-90.87946,47.569915],[-90.879183,47.569924],[-90.879123,47.569909],[-90.878837,47.569907],[-90.878539,47.569907],[-90.878333,47.569922],[-90.878054,47.569922],[-90.877902,47.569876],[-90.87782,47.56987],[-90.877782,47.569893],[-90.877661,47.56994],[-90.877655,47.56995],[-90.877658,47.569944],[-90.877632,47.569932],[-90.877631,47.569903],[-90.877699,47.569833],[-90.877716,47.569826],[-90.877648,47.569802],[-90.877489,47.569784],[-90.877325,47.569818],[-90.877115,47.569829],[-90.877009,47.569846],[-90.876827,47.569911],[-90.876789,47.569947],[-90.876717,47.569989],[-90.87651,47.570141],[-90.87637,47.570181],[-90.876167,47.570259],[-90.875969,47.570252],[-90.875898,47.570228],[-90.875706,47.570187],[-90.875517,47.57016],[-90.875423,47.570181],[-90.875309,47.570187],[-90.875173,47.570218],[-90.875046,47.570198],[-90.874737,47.570192],[-90.874648,47.570199],[-90.874472,47.570228],[-90.874161,47.570249],[-90.874047,47.570242],[-90.87387,47.570277],[-90.873409,47.570501],[-90.873232,47.570682],[-90.873149,47.570739],[-90.873098,47.570798],[-90.873077,47.570827],[-90.873077,47.570895],[-90.873028,47.571009],[-90.87275,47.571203],[-90.872646,47.571328],[-90.872631,47.571462],[-90.872689,47.571618],[-90.87271,47.571796],[-90.872697,47.572031],[-90.872666,47.572097],[-90.872447,47.572199],[-90.872121,47.572182],[-90.871984,47.572207],[-90.871792,47.57222],[-90.871719,47.572211],[-90.871498,47.572245],[-90.871462,47.572265],[-90.87142,47.572273],[-90.871326,47.572275],[-90.871282,47.572286],[-90.871245,47.572279],[-90.871138,47.572292],[-90.870803,47.572224],[-90.870621,47.572177],[-90.870403,47.572174],[-90.870352,47.57219],[-90.870317,47.572219],[-90.870029,47.572316],[-90.869804,47.572433],[-90.869663,47.572471],[-90.869557,47.572485],[-90.869421,47.572519],[-90.869325,47.572547],[-90.869263,47.572582],[-90.869106,47.572717],[-90.869027,47.572925],[-90.868994,47.572978],[-90.868983,47.573043],[-90.868943,47.573129],[-90.868964,47.573262],[-90.868957,47.57329],[-90.868981,47.573328],[-90.86908,47.573681],[-90.869121,47.573784],[-90.86911,47.573811],[-90.868958,47.573897],[-90.868872,47.573969],[-90.868726,47.574142],[-90.868614,47.574193],[-90.868555,47.574236],[-90.868521,47.574285],[-90.868462,47.574291],[-90.868383,47.574322],[-90.868237,47.574403],[-90.868194,47.574509],[-90.868191,47.574573],[-90.868179,47.574599],[-90.868182,47.574705],[-90.868129,47.574765],[-90.868043,47.574895],[-90.868041,47.575024],[-90.867993,47.575176],[-90.867844,47.575324],[-90.867671,47.575457],[-90.867545,47.575531],[-90.867344,47.575632],[-90.867319,47.575701],[-90.867341,47.575754],[-90.867402,47.575835],[-90.867504,47.575903],[-90.867538,47.575946],[-90.867642,47.576023],[-90.867699,47.576111],[-90.867728,47.576197],[-90.867741,47.57628],[-90.86784,47.576425],[-90.867847,47.576546],[-90.86782,47.576602],[-90.867785,47.576618],[-90.867775,47.576634],[-90.867744,47.576772],[-90.867779,47.576975],[-90.867794,47.576993],[-90.867778,47.577035],[-90.867786,47.577035],[-90.867791,47.577057],[-90.86776,47.577135],[-90.867723,47.577165],[-90.867668,47.577255],[-90.867656,47.577305],[-90.867672,47.577367],[-90.867709,47.577378],[-90.867755,47.577413],[-90.867801,47.577496],[-90.867855,47.57756],[-90.86784,47.577632],[-90.867859,47.577805],[-90.867808,47.577873],[-90.867771,47.577902],[-90.867687,47.578031],[-90.867693,47.578061],[-90.867683,47.578112],[-90.86772,47.57817],[-90.867764,47.578179],[-90.867814,47.578223],[-90.867838,47.578275],[-90.867832,47.578309],[-90.867798,47.578356],[-90.867583,47.578467],[-90.867516,47.578468],[-90.867462,47.578478],[-90.867333,47.578595],[-90.867302,47.578677],[-90.867295,47.578734],[-90.867251,47.578816],[-90.86725,47.578926],[-90.867286,47.57896],[-90.867282,47.578978],[-90.867312,47.579008],[-90.867351,47.57911],[-90.867388,47.57915],[-90.867377,47.579194],[-90.867313,47.579177],[-90.867217,47.579181],[-90.867161,47.579172],[-90.867101,47.579232],[-90.867045,47.579465],[-90.86702,47.579499],[-90.866926,47.579767],[-90.866875,47.579866],[-90.866867,47.579908],[-90.866874,47.579931],[-90.866835,47.579976],[-90.8668,47.580067],[-90.866801,47.580167],[-90.866824,47.580301],[-90.866989,47.58045],[-90.867118,47.580705],[-90.867136,47.580809],[-90.867076,47.580891],[-90.867057,47.580946],[-90.866993,47.58098],[-90.866746,47.581054],[-90.866612,47.581059],[-90.866405,47.58108],[-90.866191,47.581076],[-90.866128,47.581104],[-90.866099,47.581106],[-90.86599,47.58114],[-90.865973,47.58121],[-90.865903,47.581271],[-90.865816,47.581398],[-90.865768,47.581445],[-90.865563,47.581573],[-90.865373,47.58164],[-90.865198,47.581732],[-90.865155,47.581741],[-90.865095,47.58177],[-90.864952,47.58178],[-90.864899,47.581794],[-90.864826,47.581851],[-90.864788,47.581815],[-90.864674,47.58183],[-90.86462,47.581832],[-90.864516,47.581818],[-90.864433,47.581829],[-90.864326,47.581871],[-90.864172,47.581955],[-90.864066,47.581989],[-90.863925,47.582015],[-90.863739,47.58201],[-90.863637,47.582025],[-90.863454,47.582156],[-90.863357,47.5822],[-90.863324,47.582244],[-90.863271,47.582374],[-90.863276,47.582529],[-90.863155,47.582598],[-90.863104,47.582643],[-90.863036,47.582681],[-90.862959,47.582721],[-90.862899,47.582736],[-90.862867,47.582735],[-90.862802,47.582755],[-90.862594,47.582728],[-90.862239,47.582782],[-90.862216,47.582801],[-90.862156,47.582803],[-90.861924,47.582893],[-90.86181,47.58296],[-90.861714,47.582997],[-90.861679,47.583024],[-90.861605,47.583127],[-90.86155,47.583173],[-90.861443,47.583222],[-90.861341,47.583229],[-90.861287,47.583269],[-90.861257,47.583276],[-90.861034,47.583278],[-90.861014,47.583261],[-90.860975,47.583254],[-90.860928,47.583216],[-90.860945,47.583239],[-90.860898,47.583236],[-90.860883,47.583207],[-90.860844,47.5832],[-90.8608,47.583162],[-90.86069,47.583138],[-90.860641,47.58315],[-90.860636,47.583169],[-90.860648,47.583179],[-90.860628,47.583167],[-90.860565,47.58309],[-90.860511,47.583061],[-90.860455,47.583101],[-90.860406,47.583111],[-90.860397,47.583152],[-90.860372,47.583171],[-90.860349,47.583167],[-90.860341,47.583175],[-90.860308,47.583165],[-90.860295,47.58317],[-90.860195,47.583148],[-90.860028,47.583171],[-90.85993,47.583149],[-90.859911,47.583203],[-90.859862,47.583194],[-90.859572,47.583369],[-90.859484,47.583392],[-90.859453,47.583412],[-90.859387,47.583407],[-90.859252,47.583456],[-90.859166,47.583478],[-90.859108,47.583529],[-90.858986,47.583589],[-90.858963,47.583609],[-90.858925,47.583615],[-90.858838,47.58367],[-90.858756,47.583746],[-90.858592,47.583836],[-90.858503,47.583908],[-90.858447,47.583933],[-90.858376,47.583988],[-90.858258,47.584029],[-90.858203,47.584062],[-90.858123,47.584131],[-90.858098,47.584191],[-90.858099,47.584213],[-90.858061,47.584255],[-90.858036,47.584374],[-90.858114,47.584513],[-90.858139,47.584644],[-90.85825,47.584766],[-90.858411,47.584895],[-90.858438,47.584935],[-90.858519,47.584951],[-90.858572,47.584948],[-90.858623,47.584961],[-90.858635,47.584971],[-90.858851,47.584995],[-90.858913,47.585026],[-90.859017,47.585052],[-90.859125,47.585065],[-90.859151,47.585057],[-90.859212,47.585069],[-90.85932,47.585071],[-90.859487,47.585124],[-90.859612,47.585186],[-90.859652,47.585197],[-90.85971,47.58519],[-90.859874,47.58524],[-90.859911,47.58524],[-90.859975,47.585282],[-90.860052,47.5853],[-90.860076,47.585293],[-90.860116,47.585298],[-90.860182,47.585277],[-90.86024,47.585237],[-90.86027,47.585227],[-90.860343,47.585178],[-90.860384,47.58511],[-90.860463,47.585042],[-90.860536,47.585012],[-90.860549,47.584991],[-90.860567,47.584994],[-90.860692,47.584905],[-90.860769,47.584869],[-90.860857,47.584842],[-90.861023,47.584638],[-90.861346,47.584662],[-90.861429,47.584684],[-90.861559,47.584675],[-90.861678,47.584691],[-90.861897,47.584692],[-90.86196,47.584699],[-90.861996,47.584718],[-90.862245,47.584789],[-90.862327,47.58483],[-90.862366,47.584838],[-90.862475,47.584826],[-90.862519,47.584863],[-90.86262,47.584918],[-90.862865,47.584933],[-90.862919,47.584948],[-90.862999,47.584938],[-90.863092,47.584944],[-90.863197,47.584993],[-90.863326,47.584957],[-90.863497,47.585047],[-90.863614,47.585095],[-90.863732,47.585166],[-90.863752,47.585193],[-90.863816,47.585307],[-90.863883,47.585537],[-90.863866,47.585674],[-90.863841,47.585721],[-90.863832,47.585787],[-90.86384,47.58582],[-90.863884,47.585882],[-90.863874,47.586023],[-90.863837,47.586047],[-90.863789,47.586113],[-90.863746,47.586137],[-90.863663,47.586227],[-90.863614,47.586325],[-90.863624,47.586353],[-90.86366,47.5864],[-90.863788,47.586432],[-90.863808,47.58643],[-90.86401,47.586542],[-90.864204,47.586687],[-90.864238,47.586704],[-90.864283,47.586739],[-90.864373,47.586919],[-90.864379,47.587069],[-90.864369,47.587159],[-90.864382,47.587235],[-90.864334,47.587389],[-90.86426,47.58745],[-90.864221,47.587613],[-90.864238,47.587625],[-90.864256,47.587621],[-90.864292,47.587597],[-90.864449,47.587551],[-90.864574,47.587525],[-90.864638,47.587533],[-90.864715,47.587523],[-90.864762,47.587551],[-90.864779,47.587552],[-90.86478,47.587546],[-90.86481,47.587552],[-90.864911,47.587593],[-90.864977,47.587639],[-90.865047,47.587713],[-90.86511,47.587746],[-90.865126,47.587767],[-90.865414,47.587906],[-90.865599,47.587931],[-90.865654,47.587948],[-90.865893,47.588161],[-90.865895,47.588214],[-90.865885,47.588222],[-90.865825,47.588578],[-90.865838,47.588691],[-90.86583,47.588807],[-90.865772,47.58892],[-90.865778,47.588994],[-90.865764,47.589019],[-90.865794,47.589111],[-90.865789,47.58922],[-90.865881,47.589598],[-90.86589,47.589701],[-90.865938,47.589856],[-90.865933,47.589932],[-90.865977,47.590071],[-90.865944,47.590155],[-90.865941,47.590221],[-90.865912,47.590254],[-90.865891,47.590344],[-90.86592,47.590491],[-90.865891,47.590512],[-90.865865,47.590587],[-90.865865,47.5909],[-90.865858,47.590985],[-90.865829,47.591061],[-90.865794,47.591114],[-90.865767,47.591126],[-90.865727,47.591177],[-90.865614,47.591272],[-90.865535,47.591407],[-90.865493,47.591567],[-90.865397,47.591727],[-90.86534,47.591784],[-90.865234,47.591836],[-90.865205,47.591875],[-90.865122,47.591942],[-90.865069,47.59201],[-90.86494,47.59209],[-90.8649,47.59215],[-90.864857,47.592191],[-90.864829,47.59227],[-90.86466,47.5925],[-90.864655,47.592538],[-90.864613,47.592569],[-90.864573,47.592627],[-90.864562,47.592749],[-90.864491,47.592851],[-90.864396,47.592934],[-90.864201,47.593048],[-90.864036,47.593305],[-90.864014,47.593322],[-90.863753,47.593461],[-90.863613,47.593481],[-90.863509,47.593511],[-90.863454,47.59354],[-90.863381,47.593608],[-90.863352,47.593623],[-90.863316,47.593703],[-90.863318,47.593807],[-90.863398,47.59393],[-90.863422,47.593999],[-90.86346,47.594056],[-90.863429,47.594115],[-90.863382,47.594165],[-90.863379,47.594192],[-90.863307,47.594355],[-90.863285,47.594445],[-90.863231,47.594568],[-90.863182,47.594627],[-90.863096,47.594688],[-90.862993,47.594746],[-90.862904,47.594843],[-90.862884,47.594893],[-90.862613,47.595195],[-90.862589,47.595249],[-90.862414,47.595523],[-90.862347,47.59558],[-90.862287,47.595617],[-90.862257,47.595657],[-90.862205,47.595693],[-90.862112,47.595827],[-90.862036,47.595877],[-90.861939,47.595895],[-90.861763,47.596041],[-90.861728,47.596049],[-90.86164,47.596037],[-90.861407,47.596098],[-90.861363,47.5961],[-90.861299,47.596127],[-90.861122,47.596329],[-90.860896,47.59649],[-90.860845,47.596551],[-90.860836,47.596643],[-90.860773,47.596699],[-90.860742,47.596741],[-90.860723,47.596827],[-90.860594,47.597046],[-90.860442,47.597196],[-90.86042,47.597241],[-90.86042,47.597316],[-90.860447,47.597362],[-90.860563,47.597442],[-90.860625,47.597581],[-90.860696,47.597687],[-90.860792,47.597762],[-90.860864,47.597772],[-90.860939,47.597729],[-90.860958,47.597732],[-90.861129,47.59784],[-90.861289,47.597906],[-90.8614,47.59801],[-90.861508,47.598058],[-90.861621,47.598138],[-90.861749,47.598245],[-90.861837,47.598303],[-90.861907,47.59839],[-90.861799,47.598435],[-90.861774,47.598455],[-90.861755,47.598421],[-90.861739,47.598466],[-90.861741,47.598464],[-90.861742,47.598482],[-90.861717,47.598521],[-90.861732,47.598482],[-90.861724,47.598483],[-90.861636,47.598409],[-90.861673,47.598528],[-90.86172,47.598469],[-90.861781,47.598491],[-90.861798,47.59854],[-90.861779,47.5986],[-90.861746,47.598614],[-90.861739,47.598596],[-90.861761,47.598714],[-90.861757,47.598833],[-90.861722,47.598884],[-90.861709,47.599134],[-90.86179,47.599277],[-90.861791,47.5993],[-90.861717,47.599381],[-90.861619,47.599397],[-90.861471,47.599389],[-90.861419,47.599399],[-90.861316,47.59944],[-90.861275,47.599448],[-90.861187,47.599496],[-90.861144,47.599537],[-90.861057,47.599534],[-90.861003,47.599513],[-90.860958,47.599478],[-90.860906,47.599459],[-90.860804,47.599499],[-90.860793,47.59951],[-90.860728,47.599501],[-90.860499,47.599655],[-90.860384,47.599751],[-90.860334,47.599774],[-90.860294,47.599778],[-90.860119,47.599923],[-90.860074,47.599933],[-90.860037,47.599976],[-90.85991,47.600065],[-90.859829,47.600077],[-90.859661,47.600118],[-90.859615,47.600121],[-90.85954,47.600178],[-90.85951,47.600216],[-90.859438,47.600262],[-90.85925,47.600283],[-90.859175,47.600278],[-90.85908,47.600305],[-90.858899,47.60029],[-90.858798,47.600271],[-90.858673,47.600271],[-90.858416,47.600224],[-90.858368,47.600204],[-90.858286,47.600222],[-90.85826,47.600217],[-90.85819,47.600265],[-90.858124,47.600281],[-90.858024,47.600322],[-90.857899,47.600395],[-90.857816,47.600422],[-90.857701,47.600386],[-90.8576,47.600372],[-90.857488,47.6004],[-90.85745,47.600444],[-90.857373,47.60044],[-90.857319,47.600446],[-90.857235,47.60048],[-90.857128,47.600462],[-90.856948,47.600592],[-90.856923,47.600622],[-90.85691,47.60069],[-90.856883,47.600661],[-90.856832,47.600644],[-90.856806,47.600668],[-90.856731,47.600699],[-90.856665,47.60074],[-90.85663,47.600802],[-90.856601,47.600828],[-90.85651,47.600867],[-90.856407,47.600872],[-90.856355,47.600906],[-90.856293,47.600964],[-90.856234,47.600986],[-90.856178,47.601029],[-90.85616,47.601072],[-90.856138,47.601087],[-90.856083,47.601086],[-90.856026,47.601056],[-90.855948,47.601074],[-90.855873,47.601081],[-90.855782,47.60107],[-90.855725,47.601046],[-90.855623,47.600973],[-90.855605,47.600967],[-90.85551,47.600976],[-90.855465,47.600947],[-90.855432,47.60094],[-90.855233,47.600746],[-90.855218,47.600711],[-90.855065,47.600557],[-90.85496,47.600531],[-90.854873,47.60052],[-90.854727,47.600555],[-90.854646,47.600517],[-90.854613,47.600482],[-90.854566,47.600463],[-90.854485,47.600413],[-90.854434,47.600408],[-90.854337,47.600418],[-90.854282,47.600449],[-90.854215,47.600471],[-90.853973,47.600385],[-90.853872,47.600376],[-90.853798,47.600466],[-90.853734,47.600472],[-90.853666,47.600494],[-90.85352,47.600512],[-90.85343,47.600495],[-90.853361,47.600506],[-90.853226,47.600554],[-90.853182,47.600606],[-90.85292,47.600796],[-90.852873,47.60079],[-90.852827,47.600811],[-90.852787,47.600844],[-90.852611,47.600945],[-90.852509,47.600952],[-90.852335,47.601007],[-90.852215,47.601033],[-90.852111,47.601093],[-90.852033,47.601126],[-90.851975,47.601198],[-90.851946,47.6012],[-90.851888,47.601227],[-90.851803,47.601213],[-90.851765,47.601318],[-90.851809,47.601468],[-90.851814,47.601623],[-90.851753,47.601755],[-90.851658,47.601817],[-90.851611,47.601796],[-90.851591,47.601777],[-90.851469,47.601772],[-90.851377,47.601863],[-90.851294,47.601893],[-90.851283,47.601869],[-90.851201,47.601876],[-90.851132,47.601933],[-90.851032,47.601939],[-90.850959,47.602015],[-90.85093,47.602008],[-90.850877,47.602015],[-90.850835,47.602044],[-90.85077,47.602022],[-90.850668,47.602138],[-90.850521,47.602135],[-90.850428,47.602163],[-90.85036,47.602194],[-90.85033,47.602192],[-90.850215,47.602258],[-90.850129,47.602253],[-90.850077,47.602304],[-90.850048,47.60235],[-90.850011,47.60237],[-90.849953,47.602358],[-90.849874,47.602311],[-90.849815,47.602248],[-90.849646,47.60224],[-90.849632,47.602228],[-90.849593,47.60222],[-90.849489,47.602297],[-90.849338,47.602354],[-90.84924,47.602424],[-90.849104,47.602372],[-90.84901,47.602402],[-90.848937,47.602462],[-90.848891,47.602449],[-90.848758,47.602488],[-90.848639,47.602471],[-90.848602,47.602474],[-90.848573,47.602449],[-90.848466,47.602399],[-90.84843,47.602449],[-90.848349,47.602448],[-90.848307,47.602427],[-90.848278,47.602428],[-90.848152,47.602498],[-90.848115,47.602508],[-90.847982,47.602439],[-90.847899,47.602419],[-90.847845,47.602468],[-90.847824,47.602456],[-90.847808,47.602482],[-90.847708,47.60257],[-90.847655,47.602633],[-90.847562,47.602687],[-90.847271,47.602662],[-90.847196,47.602725],[-90.847135,47.602735],[-90.847102,47.602768],[-90.847021,47.602787],[-90.846981,47.602785],[-90.846922,47.602729],[-90.846858,47.60272],[-90.84678,47.602827],[-90.846668,47.60283],[-90.846501,47.60286],[-90.846474,47.602891],[-90.846383,47.602886],[-90.846298,47.602902],[-90.846063,47.602983],[-90.845913,47.602994],[-90.845872,47.603037],[-90.845794,47.603046],[-90.845601,47.60305],[-90.845532,47.603168],[-90.845476,47.603196],[-90.845392,47.603167],[-90.845257,47.603193],[-90.845245,47.603184],[-90.845082,47.603231],[-90.845026,47.60323],[-90.844934,47.603197],[-90.844882,47.603209],[-90.844844,47.603199],[-90.844732,47.603198],[-90.844668,47.603221],[-90.844612,47.603302],[-90.844511,47.603345],[-90.844451,47.603325],[-90.844398,47.603358],[-90.844297,47.60338],[-90.844167,47.603425],[-90.844122,47.60343],[-90.844002,47.603418],[-90.843954,47.603395],[-90.843846,47.603376],[-90.843739,47.603445],[-90.843649,47.60352],[-90.843575,47.603609],[-90.843505,47.603666],[-90.843453,47.603646],[-90.843313,47.603561],[-90.843198,47.603564],[-90.843021,47.603503],[-90.842949,47.603508],[-90.842863,47.603501],[-90.842821,47.603526],[-90.842757,47.60354],[-90.842641,47.60348],[-90.842549,47.60346],[-90.842447,47.603543],[-90.842403,47.603558],[-90.842214,47.603663],[-90.842142,47.603684],[-90.842007,47.603636],[-90.841833,47.603692],[-90.841731,47.603696],[-90.841667,47.603677],[-90.841628,47.603643],[-90.841387,47.603521],[-90.841293,47.603453],[-90.841239,47.603395],[-90.841119,47.603368],[-90.841036,47.603359],[-90.840986,47.60332],[-90.840918,47.603157],[-90.840917,47.603172],[-90.840872,47.60308],[-90.840804,47.603056],[-90.840766,47.603022],[-90.840723,47.602883],[-90.840685,47.602693],[-90.840686,47.602624],[-90.840647,47.602597],[-90.840517,47.602366],[-90.84028,47.602312],[-90.84027,47.602317],[-90.840067,47.602242],[-90.840022,47.60224],[-90.839963,47.602191],[-90.839879,47.602146],[-90.839857,47.602155],[-90.839822,47.602115],[-90.839628,47.60208],[-90.839605,47.6021],[-90.839542,47.60213],[-90.839468,47.602131],[-90.839436,47.602104],[-90.839253,47.602113],[-90.839212,47.602093],[-90.83916,47.602132],[-90.839096,47.602216],[-90.839048,47.602223],[-90.838931,47.602283],[-90.838856,47.602308],[-90.838799,47.60234],[-90.838718,47.602371],[-90.838661,47.602411],[-90.8386,47.602429],[-90.838564,47.60248],[-90.838514,47.602506],[-90.838429,47.602503],[-90.838354,47.602455],[-90.838194,47.60248],[-90.838069,47.602484],[-90.837986,47.602511],[-90.83792,47.602521],[-90.837779,47.60264],[-90.837764,47.602622],[-90.837711,47.602645],[-90.837643,47.60278],[-90.837586,47.602804],[-90.837452,47.602771],[-90.837416,47.602746],[-90.837299,47.602701],[-90.837242,47.602748],[-90.837188,47.602749],[-90.83716,47.602729],[-90.837108,47.602727],[-90.83695,47.602754],[-90.836915,47.602727],[-90.836781,47.602658],[-90.836725,47.602582],[-90.836642,47.602542],[-90.836569,47.602531],[-90.836488,47.602546],[-90.836469,47.602543],[-90.836422,47.602566],[-90.836373,47.602544],[-90.836311,47.602569],[-90.836296,47.60258],[-90.83623,47.602696],[-90.836103,47.602726],[-90.836095,47.60274],[-90.836021,47.602696],[-90.835975,47.602693],[-90.835881,47.602646],[-90.835805,47.602638],[-90.835756,47.602618],[-90.835642,47.602554],[-90.835561,47.602544],[-90.835534,47.602578],[-90.835498,47.602569],[-90.8354,47.602577],[-90.835229,47.602502],[-90.835083,47.602545],[-90.834972,47.602625],[-90.834946,47.602627],[-90.834926,47.602608],[-90.834818,47.602557],[-90.834732,47.602566],[-90.834653,47.602494],[-90.834652,47.602561],[-90.834687,47.602615],[-90.834722,47.6027],[-90.834798,47.602794],[-90.834824,47.602866],[-90.834817,47.602876],[-90.834805,47.602887],[-90.834791,47.602874],[-90.834772,47.602878],[-90.834654,47.602844],[-90.834595,47.602858],[-90.834545,47.602815],[-90.834507,47.602794],[-90.834482,47.602793],[-90.834445,47.60276],[-90.834387,47.602751],[-90.834313,47.602715],[-90.834257,47.602778],[-90.834157,47.602963],[-90.834037,47.603127],[-90.834025,47.603114],[-90.833997,47.60313],[-90.834002,47.603125],[-90.833924,47.60313],[-90.83388,47.603238],[-90.833784,47.603308],[-90.833719,47.603448],[-90.833696,47.603528],[-90.833563,47.603547],[-90.833537,47.603593],[-90.833408,47.603726],[-90.83335,47.603764],[-90.833315,47.603817],[-90.833323,47.603861],[-90.833289,47.603916],[-90.83326,47.604065],[-90.833178,47.604034],[-90.833137,47.604056],[-90.833129,47.604043],[-90.833069,47.604049],[-90.832979,47.604144],[-90.832972,47.604233],[-90.832933,47.604289],[-90.832929,47.604314],[-90.83286,47.604309],[-90.83281,47.604379],[-90.832705,47.604447],[-90.832691,47.604439],[-90.832656,47.604438],[-90.83263,47.604493],[-90.832669,47.604632],[-90.832719,47.604644],[-90.832773,47.604639],[-90.832842,47.604585],[-90.832863,47.604594],[-90.832902,47.604582],[-90.83292,47.60455],[-90.833081,47.604489],[-90.833147,47.604554],[-90.833284,47.604531],[-90.833321,47.604542],[-90.833377,47.604524],[-90.833439,47.604546],[-90.83347,47.604544],[-90.833502,47.604556],[-90.833546,47.604524],[-90.83372,47.604573],[-90.833772,47.604576],[-90.833826,47.604544],[-90.833941,47.604576],[-90.833989,47.604595],[-90.834011,47.604616],[-90.834037,47.604685],[-90.834056,47.604693],[-90.834072,47.604758],[-90.834069,47.604847],[-90.834016,47.604854],[-90.833965,47.604871],[-90.833932,47.604854],[-90.833886,47.604862],[-90.833876,47.604856],[-90.833789,47.60486],[-90.833772,47.604874],[-90.833681,47.604883],[-90.833621,47.604941],[-90.833617,47.604963],[-90.833574,47.604999],[-90.833512,47.605015],[-90.833484,47.605043],[-90.833442,47.605126],[-90.833423,47.605138],[-90.833371,47.605085],[-90.83327,47.605068],[-90.833187,47.605074],[-90.833132,47.605102],[-90.833068,47.605151],[-90.833018,47.60514],[-90.832956,47.605145],[-90.832835,47.605195],[-90.832797,47.605227],[-90.832769,47.605311],[-90.832735,47.605357],[-90.83273,47.605351],[-90.832672,47.605587],[-90.832641,47.60562],[-90.832676,47.605623],[-90.832666,47.605633],[-90.832674,47.60567],[-90.832663,47.605817],[-90.832668,47.606021],[-90.832579,47.606146],[-90.832589,47.606171],[-90.832472,47.606301],[-90.832325,47.606336],[-90.832312,47.606325],[-90.832151,47.606457],[-90.832083,47.606477],[-90.83206,47.606528],[-90.832056,47.606698],[-90.83203,47.606707],[-90.832003,47.606745],[-90.831973,47.606761],[-90.831948,47.606789],[-90.831908,47.606876],[-90.831831,47.606978],[-90.831771,47.606983],[-90.831735,47.606968],[-90.831671,47.607016],[-90.831671,47.607065],[-90.831641,47.607106],[-90.831624,47.607108],[-90.831605,47.607153],[-90.831526,47.607181],[-90.831469,47.607176],[-90.831423,47.607215],[-90.831377,47.607313],[-90.831372,47.607454],[-90.83133,47.60755],[-90.831117,47.607668],[-90.831058,47.607756],[-90.831044,47.607817],[-90.831005,47.607864],[-90.830967,47.607879],[-90.830914,47.607986],[-90.830906,47.608023],[-90.830874,47.608068],[-90.830799,47.608111],[-90.830786,47.608142],[-90.830745,47.608167],[-90.830687,47.608224],[-90.830632,47.608248],[-90.830577,47.608354],[-90.830542,47.608513],[-90.830478,47.608597],[-90.830463,47.608714],[-90.830446,47.608716],[-90.830416,47.608752],[-90.830413,47.608785],[-90.830354,47.608853],[-90.830316,47.608883],[-90.830269,47.608901],[-90.830247,47.608952],[-90.830185,47.608981],[-90.830165,47.609008],[-90.830135,47.609112],[-90.830165,47.609148],[-90.830129,47.609159],[-90.830086,47.609207],[-90.830102,47.609332],[-90.830093,47.609471],[-90.83011,47.609535],[-90.830049,47.60956],[-90.829993,47.609571],[-90.829939,47.609619],[-90.829844,47.609623],[-90.829815,47.609633],[-90.829773,47.609684],[-90.829722,47.609699],[-90.829699,47.609736],[-90.829628,47.609736],[-90.829554,47.609757],[-90.829521,47.609808],[-90.829495,47.609807],[-90.829457,47.609827],[-90.829446,47.609985],[-90.829436,47.61003],[-90.829415,47.610057],[-90.829453,47.610118],[-90.829455,47.610167],[-90.829441,47.610202],[-90.829467,47.610374],[-90.82933,47.610386],[-90.82924,47.610462],[-90.829188,47.610463],[-90.829165,47.610479],[-90.829112,47.610536],[-90.829113,47.610565],[-90.829055,47.610675],[-90.829018,47.610705],[-90.828981,47.610689],[-90.828937,47.610715],[-90.828911,47.610719],[-90.828856,47.610745],[-90.828823,47.610753],[-90.828778,47.610752],[-90.828774,47.610767],[-90.828756,47.610778],[-90.828734,47.610771],[-90.828729,47.610784],[-90.828798,47.610894],[-90.828896,47.611155],[-90.828899,47.611186],[-90.828875,47.61126],[-90.828794,47.611297],[-90.828759,47.611341],[-90.828732,47.611401],[-90.828732,47.611436],[-90.828709,47.611464],[-90.828561,47.611507],[-90.828527,47.611587],[-90.828515,47.611686],[-90.828505,47.611696],[-90.82834,47.611689],[-90.828294,47.611732],[-90.827973,47.611662],[-90.827788,47.611719],[-90.827705,47.611717],[-90.827688,47.611725],[-90.827618,47.611728],[-90.827517,47.611687],[-90.827397,47.611706],[-90.8273,47.611749],[-90.827149,47.611759],[-90.827131,47.611779],[-90.827053,47.611786],[-90.827023,47.611801],[-90.826911,47.611803],[-90.826831,47.611858],[-90.826672,47.611918],[-90.82661,47.611975],[-90.826466,47.612026],[-90.826375,47.612038],[-90.82634,47.612089],[-90.826324,47.612134],[-90.826274,47.612163],[-90.82624,47.612153],[-90.826163,47.612202],[-90.826072,47.612231],[-90.826034,47.612232],[-90.825967,47.612214],[-90.825901,47.612181],[-90.825791,47.61217],[-90.82573,47.612137],[-90.825611,47.612114],[-90.825504,47.612175],[-90.825471,47.612249],[-90.825332,47.612395],[-90.825287,47.612425],[-90.825232,47.612441],[-90.825185,47.612442],[-90.82514,47.612469],[-90.825127,47.612516],[-90.825099,47.612523],[-90.824989,47.612467],[-90.824902,47.61253],[-90.824861,47.612525],[-90.824833,47.61256],[-90.824776,47.61255],[-90.824737,47.612523],[-90.824515,47.612523],[-90.824432,47.61253],[-90.824339,47.612522],[-90.824223,47.612526],[-90.824167,47.612537],[-90.824022,47.612532],[-90.823898,47.612458],[-90.823855,47.612441],[-90.823691,47.612307],[-90.823595,47.612242],[-90.823572,47.612244],[-90.82354,47.612224],[-90.823475,47.61227],[-90.823436,47.612344],[-90.823392,47.61239],[-90.823271,47.612433],[-90.823095,47.612422],[-90.823049,47.612447],[-90.822995,47.612447],[-90.82296,47.612511],[-90.82291,47.612484],[-90.822582,47.612491],[-90.822558,47.612507],[-90.822523,47.612471],[-90.82249,47.612452],[-90.822461,47.612453],[-90.822427,47.612423],[-90.822393,47.612371],[-90.822362,47.612361],[-90.822345,47.612335],[-90.822121,47.61231],[-90.822091,47.612294],[-90.821918,47.6123],[-90.821822,47.612226],[-90.821662,47.612058],[-90.821433,47.612072],[-90.821373,47.612086],[-90.821248,47.612008],[-90.821161,47.611975],[-90.821145,47.611957],[-90.821082,47.61195],[-90.821062,47.611958],[-90.820906,47.611927],[-90.820724,47.61179],[-90.820472,47.611723],[-90.82037,47.611791],[-90.820373,47.611816],[-90.820179,47.611843],[-90.819904,47.611833],[-90.819714,47.611915],[-90.819266,47.611757],[-90.819251,47.611768],[-90.819118,47.611755],[-90.819055,47.611711],[-90.818997,47.61169],[-90.818759,47.61166],[-90.818713,47.611681],[-90.818667,47.611685],[-90.818492,47.611779],[-90.818467,47.611783],[-90.818411,47.611829],[-90.81835,47.611828],[-90.81831,47.611814],[-90.818296,47.611824],[-90.818236,47.611837],[-90.818202,47.611856],[-90.818151,47.611869],[-90.818094,47.611919],[-90.818082,47.61191],[-90.818027,47.611927],[-90.818002,47.611961],[-90.818044,47.61206],[-90.818004,47.612178],[-90.818069,47.612261],[-90.818076,47.612346],[-90.818063,47.612472],[-90.818115,47.61255],[-90.818152,47.612898],[-90.81815,47.613026],[-90.818059,47.613107],[-90.818018,47.613164],[-90.818022,47.613209],[-90.817785,47.613312],[-90.817738,47.613376],[-90.817534,47.613434],[-90.81737,47.613382],[-90.81726,47.613374],[-90.817196,47.613413],[-90.817116,47.613516],[-90.817057,47.613649],[-90.817063,47.61368],[-90.817013,47.61379],[-90.816877,47.613923],[-90.81685,47.613929],[-90.816624,47.613894],[-90.816664,47.614006],[-90.816616,47.614032],[-90.81653,47.614035],[-90.816358,47.614118],[-90.816345,47.614105],[-90.816339,47.614142],[-90.816304,47.614172],[-90.816193,47.614229],[-90.816152,47.614296],[-90.815895,47.61431],[-90.815653,47.614263],[-90.815583,47.614258],[-90.815491,47.61423],[-90.815366,47.614219],[-90.81521,47.614299],[-90.815199,47.614296],[-90.815148,47.614347],[-90.81509,47.61451],[-90.815067,47.614535],[-90.814979,47.614583],[-90.814828,47.61464],[-90.814784,47.614652],[-90.814757,47.614646],[-90.814713,47.614708],[-90.814681,47.614785],[-90.814659,47.614898],[-90.814582,47.614934],[-90.814539,47.614996],[-90.814529,47.615043],[-90.814488,47.615103],[-90.814456,47.615116],[-90.814417,47.615186],[-90.81436,47.615203],[-90.814306,47.6152],[-90.814229,47.615218],[-90.814159,47.615258],[-90.813878,47.615474],[-90.813781,47.615591],[-90.813628,47.615578],[-90.813442,47.615458],[-90.81332,47.615451],[-90.813219,47.615466],[-90.813105,47.615425],[-90.812989,47.615415],[-90.812738,47.615453],[-90.812555,47.615542],[-90.812479,47.615601],[-90.812392,47.615597],[-90.812329,47.615621],[-90.812281,47.615654],[-90.812122,47.615691],[-90.812064,47.615723],[-90.812033,47.615752],[-90.811982,47.615763],[-90.811791,47.615774],[-90.811716,47.615824],[-90.811459,47.615843],[-90.811388,47.615857],[-90.81133,47.61588],[-90.811263,47.615919],[-90.811149,47.616021],[-90.811081,47.616169],[-90.811012,47.616381],[-90.81094,47.616414],[-90.810852,47.616423],[-90.810673,47.61647],[-90.810483,47.61654],[-90.810394,47.61661],[-90.81038,47.61665],[-90.810315,47.616681],[-90.810307,47.616714],[-90.81025,47.616785],[-90.810144,47.616877],[-90.810118,47.616941],[-90.81007,47.616995],[-90.809854,47.617079],[-90.809764,47.617084],[-90.809728,47.617105],[-90.809753,47.617159],[-90.809756,47.617239],[-90.809711,47.617271],[-90.809676,47.617333],[-90.809659,47.617345],[-90.809557,47.617346],[-90.809533,47.617443],[-90.809554,47.617536],[-90.809531,47.617609],[-90.809522,47.617628],[-90.809447,47.617681],[-90.809397,47.617684],[-90.809322,47.61772],[-90.809251,47.617711],[-90.809212,47.61772],[-90.809087,47.617716],[-90.809058,47.617734],[-90.808799,47.617692],[-90.808756,47.617724],[-90.80858,47.617724],[-90.808449,47.617737],[-90.808402,47.617779],[-90.80833,47.617873],[-90.808262,47.617989],[-90.80825,47.618062],[-90.808165,47.618105],[-90.807896,47.618154],[-90.807693,47.618136],[-90.80768,47.618158],[-90.807589,47.618187],[-90.807397,47.618295],[-90.807251,47.618393],[-90.807233,47.618436],[-90.807186,47.618449],[-90.807158,47.618441],[-90.806873,47.618265],[-90.80649,47.618143],[-90.806349,47.61804],[-90.806314,47.61794],[-90.805884,47.617478],[-90.805916,47.617437],[-90.805908,47.617441],[-90.805874,47.617346],[-90.80588,47.617314],[-90.805867,47.617275],[-90.805831,47.617202],[-90.805704,47.617036],[-90.80552,47.6169],[-90.805406,47.616849],[-90.80534,47.616827],[-90.805161,47.616804],[-90.805022,47.61677],[-90.804975,47.616784],[-90.804953,47.616857],[-90.804813,47.616868],[-90.80475,47.616929],[-90.804725,47.616991],[-90.804589,47.617105],[-90.804519,47.617129],[-90.804464,47.617163],[-90.80429,47.61713],[-90.804271,47.617147],[-90.804267,47.617196],[-90.804102,47.617329],[-90.804026,47.617365],[-90.803982,47.61741],[-90.803845,47.617465],[-90.803746,47.617474],[-90.803641,47.617522],[-90.803384,47.617544],[-90.803281,47.61752],[-90.803041,47.61742],[-90.802524,47.617287],[-90.802478,47.617327],[-90.802444,47.617332],[-90.802191,47.617294],[-90.8021,47.617299],[-90.802035,47.617322],[-90.801936,47.617316],[-90.801849,47.617347],[-90.801599,47.61736],[-90.801487,47.617347],[-90.801336,47.617369],[-90.801208,47.617365],[-90.801032,47.617288],[-90.800942,47.617291],[-90.800692,47.61718],[-90.800639,47.617224],[-90.800605,47.617228],[-90.800511,47.617269],[-90.800448,47.617274],[-90.800388,47.617267],[-90.800333,47.617234],[-90.800146,47.617203],[-90.799967,47.617219],[-90.799876,47.617278],[-90.799621,47.617354],[-90.799571,47.617361],[-90.799514,47.617429],[-90.799403,47.617526],[-90.799409,47.617659],[-90.799401,47.617681],[-90.799316,47.617749],[-90.799251,47.617721],[-90.799137,47.617648],[-90.798948,47.617594],[-90.79876,47.61748],[-90.798549,47.617572],[-90.798532,47.617602],[-90.798544,47.6177],[-90.798511,47.617722],[-90.798455,47.617711],[-90.798405,47.617722],[-90.798386,47.617755],[-90.798296,47.617787],[-90.797996,47.617777],[-90.797836,47.617738],[-90.797536,47.617777],[-90.797311,47.617881],[-90.797177,47.617899],[-90.797102,47.617804],[-90.797097,47.617766],[-90.796977,47.61768],[-90.79699,47.617779],[-90.796968,47.617791],[-90.796929,47.61785],[-90.796898,47.617849],[-90.79689,47.617915],[-90.796914,47.618031],[-90.79684,47.618039],[-90.796725,47.618],[-90.796522,47.617977],[-90.7965,47.618093],[-90.796444,47.618103],[-90.796228,47.618076],[-90.795945,47.61791],[-90.795659,47.617847],[-90.795592,47.617884],[-90.795643,47.618072],[-90.795682,47.618161],[-90.795672,47.618202],[-90.795737,47.618456],[-90.795739,47.618547],[-90.795619,47.6186],[-90.795591,47.618598],[-90.795525,47.618563],[-90.795321,47.618532],[-90.795279,47.618517],[-90.79526,47.61862],[-90.79514,47.618654],[-90.794358,47.618995],[-90.794276,47.618961],[-90.794246,47.61906],[-90.794262,47.619124],[-90.794027,47.618966],[-90.793737,47.618873],[-90.79366,47.618878],[-90.793728,47.618991],[-90.793751,47.619053],[-90.793677,47.619073],[-90.793631,47.619062],[-90.793569,47.619143],[-90.793428,47.619255],[-90.793338,47.619277],[-90.793251,47.619376],[-90.793245,47.619412],[-90.793215,47.61945],[-90.792925,47.619621],[-90.792883,47.619671],[-90.792838,47.619701],[-90.792786,47.619714],[-90.792593,47.619795],[-90.792509,47.619879],[-90.792345,47.619947],[-90.792306,47.619986],[-90.792226,47.620027],[-90.792161,47.620032],[-90.792109,47.62011],[-90.792039,47.62012],[-90.79207,47.620178],[-90.792053,47.620201],[-90.792023,47.620212],[-90.792004,47.620275],[-90.792024,47.620334],[-90.792016,47.620424],[-90.791979,47.62045],[-90.791945,47.620496],[-90.791958,47.62057],[-90.791953,47.620665],[-90.791923,47.620707],[-90.791928,47.620846],[-90.79192,47.620887],[-90.791901,47.620908],[-90.791845,47.620883],[-90.791813,47.620883],[-90.791703,47.620944],[-90.791723,47.621139],[-90.791747,47.62124],[-90.791755,47.621377],[-90.791724,47.621357],[-90.791575,47.621328],[-90.791504,47.621329],[-90.791467,47.621339],[-90.79139,47.621379],[-90.791377,47.621376],[-90.791367,47.621437],[-90.791331,47.621478],[-90.791303,47.621623],[-90.791184,47.621667],[-90.791143,47.621758],[-90.791076,47.621789],[-90.790991,47.621756],[-90.790795,47.621736],[-90.790749,47.621714],[-90.790635,47.621684],[-90.790528,47.621805],[-90.790569,47.621902],[-90.790572,47.621972],[-90.79054,47.62205],[-90.790588,47.622324],[-90.79055,47.622347],[-90.790498,47.622416],[-90.790462,47.622411],[-90.790407,47.622389],[-90.790341,47.622379],[-90.790214,47.622395],[-90.790199,47.622404],[-90.790133,47.622402],[-90.790108,47.622413],[-90.790093,47.622484],[-90.790048,47.622557],[-90.789981,47.622604],[-90.789895,47.622724],[-90.789856,47.622861],[-90.789828,47.62288],[-90.78948,47.622972],[-90.789219,47.622952],[-90.788976,47.622916],[-90.789027,47.623062],[-90.789012,47.623078],[-90.788977,47.623075],[-90.788957,47.62309],[-90.788932,47.623119],[-90.788931,47.623154],[-90.788905,47.62318],[-90.788911,47.623238],[-90.788894,47.623317],[-90.788928,47.623463],[-90.788885,47.623613],[-90.788867,47.623636],[-90.78887,47.623673],[-90.788944,47.623787],[-90.788931,47.623718],[-90.788901,47.623674],[-90.78887,47.623624],[-90.788811,47.623529],[-90.788805,47.623481],[-90.788781,47.623489],[-90.788784,47.623532],[-90.78882,47.6236],[-90.788679,47.623628],[-90.78862,47.623619],[-90.788609,47.623804],[-90.788675,47.624079],[-90.788647,47.624079],[-90.788614,47.624062],[-90.788639,47.624111],[-90.788664,47.624131],[-90.78865,47.624169],[-90.788572,47.624243],[-90.788476,47.624289],[-90.788379,47.6243],[-90.788315,47.624269],[-90.788259,47.624262],[-90.788309,47.624344],[-90.788296,47.624343],[-90.788242,47.624372],[-90.788307,47.624495],[-90.788445,47.624663],[-90.788407,47.624682],[-90.788555,47.624892],[-90.788708,47.625078],[-90.78871,47.625117],[-90.788741,47.625171],[-90.788752,47.625217],[-90.788797,47.625284],[-90.788888,47.62535],[-90.788994,47.62553],[-90.789214,47.625696],[-90.789361,47.625825],[-90.789464,47.625946],[-90.789466,47.625978],[-90.789489,47.626012],[-90.789458,47.626059],[-90.789483,47.626092],[-90.789489,47.626144],[-90.789484,47.626174],[-90.789407,47.626182],[-90.789415,47.626241],[-90.789435,47.626293],[-90.789562,47.626415],[-90.78961,47.626528],[-90.78964,47.626684],[-90.789724,47.62695],[-90.789751,47.627137],[-90.789699,47.627266],[-90.789641,47.62725],[-90.789599,47.627344],[-90.789549,47.627356],[-90.789518,47.627543],[-90.78946,47.627538],[-90.789447,47.627576],[-90.789616,47.627851],[-90.789599,47.627999],[-90.789435,47.627982],[-90.789426,47.628104],[-90.789443,47.628174],[-90.789525,47.628351],[-90.789473,47.628543],[-90.789405,47.628664],[-90.789282,47.628607],[-90.789167,47.628611],[-90.789105,47.628668],[-90.789093,47.628701],[-90.789076,47.628877],[-90.7891,47.628963],[-90.788825,47.628916],[-90.788747,47.628892],[-90.788512,47.628785],[-90.788227,47.628779],[-90.788187,47.628769],[-90.78804,47.628883],[-90.787856,47.628887],[-90.787849,47.628932],[-90.787802,47.628915],[-90.787764,47.628925],[-90.787719,47.628962],[-90.787627,47.62901],[-90.787574,47.628986],[-90.787438,47.628966],[-90.787366,47.62898],[-90.787272,47.629041],[-90.787224,47.629054],[-90.787159,47.629065],[-90.786989,47.629066],[-90.786932,47.629042],[-90.786725,47.628919],[-90.786668,47.628872],[-90.786472,47.628747],[-90.786235,47.628625],[-90.78599,47.628428],[-90.785779,47.628323],[-90.785715,47.628396],[-90.785444,47.628319],[-90.785131,47.628118],[-90.785031,47.628037],[-90.784921,47.628052],[-90.784924,47.628101],[-90.784809,47.62802],[-90.784946,47.628149],[-90.784498,47.628038],[-90.784217,47.628],[-90.78413,47.627979],[-90.78378,47.627824],[-90.783536,47.627729],[-90.783474,47.627678],[-90.783328,47.627482],[-90.783249,47.627424],[-90.783137,47.627411],[-90.782955,47.627333],[-90.782854,47.627321],[-90.782801,47.6273],[-90.782593,47.627274],[-90.782541,47.627253],[-90.782298,47.627098],[-90.782218,47.626993],[-90.782098,47.626893],[-90.782023,47.626869],[-90.781857,47.626781],[-90.781776,47.626773],[-90.781577,47.626808],[-90.781521,47.626805],[-90.781446,47.62678],[-90.78139,47.626775],[-90.781283,47.626782],[-90.781201,47.626805],[-90.781032,47.626887],[-90.780768,47.626971],[-90.78077,47.627092],[-90.780731,47.627146],[-90.780543,47.62721],[-90.780364,47.627347],[-90.780272,47.62738],[-90.780183,47.627396],[-90.780035,47.627481],[-90.779966,47.627534],[-90.779831,47.627581],[-90.779804,47.627611],[-90.779761,47.627631],[-90.779698,47.627681],[-90.779647,47.627701],[-90.77952,47.627724],[-90.779445,47.627728],[-90.779373,47.627746],[-90.779298,47.62779],[-90.779119,47.627931],[-90.779051,47.62796],[-90.778977,47.627977],[-90.778908,47.628014],[-90.77887,47.628058],[-90.778819,47.628089],[-90.778635,47.628143],[-90.778514,47.628235],[-90.778461,47.628288],[-90.778383,47.628409],[-90.778342,47.628452],[-90.778335,47.628486],[-90.7783,47.628539],[-90.778314,47.628597],[-90.778298,47.628617],[-90.778238,47.62867],[-90.778162,47.628699],[-90.777995,47.628812],[-90.777959,47.628852],[-90.777835,47.628953],[-90.777722,47.629026],[-90.777602,47.629087],[-90.777439,47.629115],[-90.777192,47.629172],[-90.777033,47.62929],[-90.77684,47.629332],[-90.776785,47.629351],[-90.776619,47.629435],[-90.77657,47.629442],[-90.776526,47.629471],[-90.776431,47.629498],[-90.776405,47.629518],[-90.776266,47.629575],[-90.776168,47.629591],[-90.776084,47.629637],[-90.776039,47.629691],[-90.776046,47.62971],[-90.776073,47.629713],[-90.776126,47.629698],[-90.776281,47.629711],[-90.7764,47.629683],[-90.776429,47.629692],[-90.776462,47.629722],[-90.776447,47.629776],[-90.776409,47.629821],[-90.77637,47.629844],[-90.776332,47.62985],[-90.776156,47.629974],[-90.776102,47.629995],[-90.775894,47.630037],[-90.775825,47.63003],[-90.775733,47.630039],[-90.775632,47.630056],[-90.775428,47.630107],[-90.775261,47.630224],[-90.775177,47.630249],[-90.775036,47.630244],[-90.774944,47.63023],[-90.774889,47.630235],[-90.774723,47.630217],[-90.774613,47.630243],[-90.774567,47.630245],[-90.774527,47.630264],[-90.774297,47.630271],[-90.774201,47.630287],[-90.774153,47.630312],[-90.774089,47.630373],[-90.774,47.630413],[-90.773947,47.630474],[-90.773893,47.630505],[-90.773805,47.630581],[-90.773691,47.630771],[-90.773601,47.630958],[-90.773467,47.631037],[-90.773406,47.631047],[-90.773286,47.631091],[-90.772732,47.631156],[-90.772446,47.631144],[-90.772382,47.631131],[-90.772208,47.631052],[-90.771917,47.630775],[-90.771886,47.630773],[-90.771726,47.63068],[-90.771656,47.630652],[-90.77156,47.630634],[-90.771495,47.630603],[-90.771445,47.630576],[-90.771341,47.630491],[-90.771262,47.630451],[-90.771262,47.630433],[-90.771213,47.630349],[-90.771185,47.630211],[-90.77107,47.630159],[-90.770713,47.630102],[-90.770621,47.630063],[-90.770357,47.630028],[-90.770232,47.629981],[-90.770157,47.629892],[-90.769901,47.629745],[-90.769876,47.629662],[-90.769671,47.629485],[-90.769552,47.629398],[-90.769553,47.629383],[-90.769512,47.629347],[-90.769457,47.629257],[-90.769369,47.629199],[-90.769308,47.629175],[-90.769249,47.629213],[-90.769199,47.629229],[-90.769182,47.629243],[-90.769157,47.629245],[-90.769083,47.629332],[-90.768987,47.62938],[-90.768956,47.629421],[-90.768935,47.629481],[-90.768892,47.629523],[-90.768848,47.629523],[-90.768769,47.629649],[-90.768718,47.6297],[-90.768711,47.629722],[-90.76865,47.629761],[-90.768616,47.629771],[-90.768599,47.62981],[-90.768574,47.629835],[-90.768563,47.629881],[-90.768389,47.630107],[-90.768366,47.630228],[-90.768289,47.630304],[-90.768234,47.630393],[-90.768056,47.63058],[-90.767843,47.630746],[-90.767769,47.630779],[-90.767679,47.630788],[-90.767628,47.630807],[-90.767592,47.630809],[-90.767501,47.630884],[-90.767444,47.630971],[-90.767467,47.631027],[-90.767443,47.63107],[-90.767342,47.631128],[-90.767236,47.631141],[-90.767182,47.631163],[-90.767162,47.63119],[-90.767114,47.631219],[-90.766895,47.631324],[-90.766842,47.631365],[-90.766663,47.631428],[-90.766636,47.631448],[-90.766504,47.631467],[-90.766381,47.631511],[-90.766241,47.631518],[-90.766198,47.63154],[-90.76614,47.631552],[-90.766079,47.631533],[-90.765874,47.631508],[-90.76582,47.631516],[-90.765322,47.631659],[-90.765269,47.631657],[-90.765208,47.631679],[-90.765186,47.631696],[-90.765076,47.631708],[-90.764946,47.631737],[-90.764912,47.631747],[-90.764868,47.631797],[-90.764755,47.631888],[-90.764624,47.631884],[-90.764499,47.631947],[-90.76436,47.631989],[-90.764237,47.632053],[-90.764214,47.632089],[-90.764155,47.632113],[-90.764074,47.632125],[-90.763991,47.632124],[-90.763894,47.632102],[-90.763804,47.632117],[-90.763709,47.632116],[-90.763572,47.632081],[-90.763528,47.632081],[-90.763459,47.632089],[-90.763243,47.632089],[-90.763191,47.632106],[-90.763055,47.63213],[-90.762907,47.632252],[-90.762796,47.632372],[-90.762423,47.632445],[-90.76238,47.632477],[-90.762324,47.632498],[-90.762271,47.632496],[-90.762218,47.632523],[-90.762181,47.632527],[-90.762146,47.632547],[-90.762097,47.632556],[-90.76203,47.632589],[-90.761911,47.632506],[-90.76176,47.632458],[-90.761712,47.632421],[-90.761541,47.632343],[-90.7615,47.632301],[-90.761404,47.632153],[-90.76138,47.632067],[-90.761342,47.632003],[-90.761172,47.631835],[-90.761112,47.631728],[-90.761081,47.6317],[-90.761015,47.631682],[-90.760895,47.631687],[-90.76088,47.631749],[-90.760824,47.631871],[-90.76063,47.631862],[-90.760555,47.631838],[-90.760485,47.631794],[-90.760413,47.63177],[-90.760348,47.631769],[-90.760314,47.631788],[-90.760303,47.631816],[-90.760312,47.631831],[-90.760433,47.631896],[-90.760516,47.631967],[-90.760558,47.632018],[-90.760651,47.632089],[-90.760729,47.632177],[-90.760753,47.63223],[-90.760796,47.632269],[-90.760797,47.632288],[-90.76087,47.632415],[-90.760913,47.632438],[-90.760917,47.632546],[-90.760903,47.632554],[-90.760888,47.632592],[-90.760915,47.632709],[-90.760929,47.632725],[-90.760936,47.632802],[-90.760995,47.632895],[-90.760974,47.632988],[-90.76099,47.633008],[-90.760996,47.633066],[-90.760995,47.633211],[-90.761046,47.633225],[-90.761088,47.633259],[-90.761049,47.633398],[-90.761022,47.633432],[-90.76099,47.633515],[-90.761036,47.633547],[-90.761044,47.633574],[-90.761014,47.63364],[-90.760805,47.633795],[-90.760733,47.63387],[-90.760609,47.633901],[-90.76054,47.633957],[-90.760502,47.633972],[-90.760428,47.634058],[-90.760416,47.634102],[-90.760419,47.634201],[-90.760329,47.634333],[-90.760284,47.634422],[-90.760218,47.634486],[-90.760155,47.63453],[-90.760114,47.634585],[-90.760068,47.634603],[-90.759873,47.634848],[-90.759829,47.634943],[-90.759752,47.635003],[-90.759705,47.635013],[-90.759643,47.635007],[-90.759501,47.635012],[-90.75943,47.635036],[-90.759363,47.635044],[-90.759025,47.634916],[-90.758904,47.634916],[-90.758847,47.63489],[-90.758789,47.634838],[-90.758462,47.634778],[-90.758421,47.634794],[-90.758267,47.634828],[-90.758211,47.634898],[-90.757998,47.634934],[-90.757874,47.634968],[-90.757758,47.635029],[-90.757665,47.635099],[-90.757539,47.635113],[-90.757523,47.635129],[-90.757461,47.635285],[-90.757487,47.635313],[-90.757466,47.635417],[-90.757331,47.635547],[-90.757316,47.635574],[-90.757298,47.635716],[-90.757258,47.63576],[-90.757243,47.635826],[-90.757259,47.635861],[-90.757231,47.635909],[-90.757214,47.635991],[-90.757215,47.636011],[-90.757243,47.636055],[-90.757204,47.636081],[-90.757109,47.636102],[-90.756939,47.636089],[-90.756914,47.636097],[-90.756814,47.636104],[-90.756712,47.636084],[-90.756597,47.63609],[-90.756563,47.63611],[-90.75648,47.636124],[-90.756325,47.636104],[-90.756065,47.636179],[-90.755976,47.636224],[-90.755965,47.636257],[-90.755878,47.636324],[-90.755813,47.636405],[-90.755709,47.636467],[-90.755676,47.636508],[-90.755625,47.636527],[-90.755603,47.636518],[-90.755592,47.636549],[-90.755461,47.636653],[-90.75541,47.636681],[-90.75537,47.636744],[-90.755301,47.636781],[-90.75518,47.636794],[-90.755091,47.636875],[-90.754991,47.636939],[-90.75491,47.636964],[-90.754885,47.637006],[-90.754797,47.637064],[-90.754712,47.637083],[-90.754513,47.637101],[-90.754456,47.637094],[-90.754432,47.637073],[-90.754306,47.63703],[-90.754315,47.637009],[-90.754301,47.636866],[-90.754353,47.636766],[-90.754346,47.636741],[-90.754354,47.636722],[-90.754357,47.636729],[-90.75432,47.636721],[-90.754276,47.63668],[-90.754196,47.636554],[-90.754146,47.63653],[-90.754113,47.636531],[-90.75409,47.636579],[-90.754124,47.636651],[-90.75409,47.636677],[-90.754085,47.63671],[-90.754035,47.636783],[-90.753987,47.636807],[-90.753902,47.636888],[-90.753876,47.63695],[-90.753939,47.637219],[-90.753963,47.637248],[-90.753963,47.637265],[-90.753913,47.63728],[-90.753874,47.637314],[-90.753835,47.637391],[-90.753781,47.637448],[-90.753688,47.637495],[-90.753599,47.637591],[-90.753589,47.637649],[-90.753571,47.637677],[-90.753496,47.637717],[-90.753464,47.63771],[-90.753312,47.637722],[-90.753238,47.637742],[-90.753109,47.637789],[-90.753076,47.637819],[-90.753015,47.637842],[-90.752917,47.637915],[-90.752876,47.637983],[-90.752835,47.638022],[-90.75276,47.638155],[-90.752609,47.638248],[-90.752475,47.638293],[-90.752385,47.638381],[-90.75236,47.638388],[-90.752315,47.638433],[-90.75214,47.638546],[-90.752021,47.6386],[-90.751861,47.638724],[-90.751837,47.638748],[-90.751817,47.638809],[-90.751735,47.638876],[-90.751633,47.638943],[-90.75157,47.639032],[-90.751512,47.639051],[-90.751474,47.639088],[-90.751474,47.639196],[-90.751501,47.639276],[-90.751493,47.63931],[-90.751445,47.639372],[-90.751399,47.6394],[-90.751371,47.639431],[-90.751317,47.639524],[-90.751215,47.639649],[-90.750986,47.639811],[-90.750885,47.639834],[-90.750807,47.639865],[-90.750705,47.63988],[-90.750546,47.639881],[-90.750499,47.639911],[-90.750417,47.640005],[-90.750433,47.640057],[-90.750457,47.640092],[-90.750303,47.640232],[-90.750126,47.640332],[-90.749929,47.64041],[-90.749806,47.640501],[-90.74963,47.64056],[-90.74955,47.640606],[-90.749437,47.640741],[-90.749301,47.640834],[-90.749243,47.640857],[-90.749156,47.640921],[-90.74907,47.640933],[-90.748884,47.640997],[-90.748862,47.641],[-90.748813,47.640989],[-90.748722,47.640994],[-90.748672,47.641016],[-90.748634,47.641022],[-90.748539,47.641094],[-90.748417,47.641146],[-90.748381,47.641171],[-90.74831,47.641186],[-90.748234,47.641235],[-90.74812,47.641254],[-90.748091,47.641286],[-90.748068,47.641381],[-90.748052,47.641403],[-90.747966,47.641433],[-90.74783,47.641527],[-90.747576,47.641637],[-90.747401,47.641684],[-90.74737,47.641704],[-90.747249,47.641848],[-90.7472,47.641944],[-90.747068,47.64205],[-90.746967,47.642166],[-90.746878,47.642216],[-90.746787,47.642333],[-90.746697,47.642388],[-90.746632,47.642496],[-90.7465,47.642608],[-90.746435,47.642643],[-90.7464,47.64265],[-90.746318,47.642701],[-90.746306,47.642725],[-90.746071,47.64279],[-90.74595,47.642809],[-90.745914,47.642829],[-90.745853,47.642883],[-90.74578,47.642935],[-90.745757,47.642938],[-90.745698,47.642986],[-90.745679,47.643044],[-90.745609,47.643088],[-90.745568,47.643099],[-90.745527,47.643122],[-90.745488,47.643158],[-90.745422,47.643183],[-90.745379,47.643216],[-90.745292,47.64325],[-90.745286,47.643269],[-90.745157,47.643349],[-90.745077,47.643426],[-90.745038,47.643444],[-90.744919,47.643528],[-90.744876,47.643541],[-90.744828,47.643608],[-90.744788,47.643643],[-90.744772,47.643692],[-90.744667,47.643809],[-90.74463,47.643887],[-90.744633,47.643933],[-90.744569,47.644033],[-90.744557,47.644033],[-90.744526,47.644061],[-90.744534,47.644081],[-90.744379,47.644195],[-90.744247,47.644257],[-90.744174,47.644307],[-90.744163,47.644336],[-90.744125,47.644346],[-90.744083,47.64443],[-90.744077,47.644447],[-90.744088,47.64447],[-90.744065,47.644512],[-90.744068,47.644574],[-90.744035,47.644604],[-90.744032,47.644642],[-90.744077,47.644727],[-90.7441,47.64481],[-90.744075,47.644825],[-90.744113,47.6449],[-90.744159,47.645062],[-90.744171,47.645072],[-90.74419,47.645151],[-90.744185,47.645176],[-90.7441,47.645231],[-90.744052,47.645302],[-90.74391,47.6454],[-90.743836,47.645436],[-90.743761,47.64551],[-90.743707,47.645535],[-90.743616,47.645635],[-90.743569,47.645721],[-90.743548,47.64574],[-90.743525,47.645803],[-90.743491,47.645836],[-90.74346,47.645855],[-90.743409,47.645866],[-90.74333,47.64587],[-90.743127,47.645952],[-90.743031,47.646042],[-90.742982,47.646074],[-90.742963,47.646115],[-90.742834,47.64618],[-90.742772,47.646234],[-90.742749,47.646274],[-90.742711,47.646306],[-90.742634,47.646312],[-90.742535,47.646372],[-90.742411,47.646455],[-90.742391,47.646483],[-90.742301,47.646522],[-90.742275,47.646556],[-90.742147,47.646655],[-90.74212,47.646655],[-90.741917,47.646726],[-90.741907,47.646723],[-90.74188,47.646755],[-90.741755,47.646806],[-90.741686,47.646885],[-90.741473,47.647013],[-90.741359,47.64714],[-90.74126,47.647218],[-90.741209,47.64723],[-90.741138,47.647223],[-90.741056,47.647334],[-90.740915,47.647479],[-90.740838,47.64751],[-90.740773,47.64756],[-90.740709,47.64758],[-90.740644,47.647612],[-90.74059,47.647675],[-90.740539,47.647769],[-90.740488,47.647829],[-90.740433,47.647869],[-90.740386,47.647922],[-90.740272,47.648052],[-90.740232,47.648123],[-90.740108,47.648257],[-90.739921,47.648415],[-90.739612,47.648614],[-90.739554,47.648714],[-90.739523,47.648793],[-90.739538,47.648862],[-90.739584,47.648971],[-90.739569,47.648997],[-90.73954,47.648997],[-90.739528,47.648988],[-90.739511,47.648997],[-90.739484,47.649035],[-90.739482,47.649062],[-90.73952,47.649088],[-90.739511,47.64913],[-90.739533,47.649172],[-90.739521,47.64921],[-90.739438,47.649273],[-90.739398,47.649361],[-90.739325,47.64937],[-90.739262,47.649433],[-90.739243,47.649483],[-90.739244,47.649513],[-90.739222,47.649552],[-90.739214,47.649691],[-90.739221,47.649742],[-90.739248,47.649804],[-90.739239,47.649839],[-90.739225,47.64985],[-90.739215,47.649838],[-90.739201,47.649846],[-90.739193,47.649887],[-90.739165,47.649895],[-90.739159,47.649908],[-90.739152,47.650018],[-90.739169,47.650024],[-90.739185,47.650153],[-90.739116,47.650457],[-90.73909,47.650482],[-90.739079,47.65052],[-90.739043,47.650561],[-90.739034,47.650554],[-90.739026,47.65056],[-90.73903,47.650638],[-90.739017,47.650729],[-90.738974,47.650761],[-90.738993,47.650776],[-90.738971,47.650828],[-90.738953,47.650848],[-90.738917,47.650846],[-90.738892,47.650933],[-90.738769,47.65118],[-90.738768,47.651257],[-90.73872,47.651272],[-90.738672,47.651401],[-90.738665,47.651471],[-90.73869,47.651641],[-90.738677,47.651668],[-90.738672,47.651733],[-90.738664,47.651744],[-90.738657,47.651793],[-90.738649,47.651802],[-90.738652,47.651808],[-90.738647,47.651798],[-90.738657,47.651791],[-90.738658,47.651788],[-90.738675,47.651778],[-90.738686,47.651784],[-90.738701,47.65194],[-90.73873,47.65199],[-90.73873,47.652009],[-90.738708,47.651993],[-90.73868,47.652033],[-90.738678,47.652068],[-90.738647,47.652095],[-90.738591,47.652108],[-90.738558,47.652156],[-90.738558,47.652177],[-90.738499,47.65223],[-90.738484,47.652255],[-90.73848,47.652313],[-90.738468,47.652315],[-90.738449,47.652372],[-90.738427,47.652385],[-90.73841,47.652441],[-90.738424,47.65249],[-90.738451,47.652461],[-90.738458,47.652529],[-90.738485,47.652551],[-90.738417,47.652629],[-90.738374,47.652722],[-90.738327,47.652696],[-90.738316,47.652675],[-90.738278,47.652673],[-90.738251,47.652702],[-90.73824,47.652734],[-90.73821,47.652894],[-90.738171,47.652929],[-90.738163,47.652918],[-90.738094,47.65302],[-90.737989,47.653139],[-90.737883,47.653187],[-90.737775,47.6531],[-90.737737,47.653093],[-90.737666,47.653129],[-90.73764,47.653133],[-90.737604,47.653122],[-90.73754,47.65315],[-90.737479,47.653228],[-90.737372,47.653245],[-90.737324,47.653237],[-90.737293,47.653247],[-90.737249,47.653238],[-90.737092,47.653396],[-90.737074,47.653439],[-90.737038,47.65345],[-90.737003,47.653456],[-90.736948,47.653439],[-90.736827,47.653364],[-90.736683,47.653425],[-90.736648,47.653457],[-90.736618,47.653471],[-90.736589,47.653476],[-90.736486,47.653462],[-90.736456,47.653418],[-90.736424,47.653393],[-90.736406,47.653398],[-90.736358,47.653444],[-90.736334,47.65348],[-90.736298,47.653469],[-90.736262,47.653527],[-90.736195,47.653823],[-90.736152,47.653937],[-90.736167,47.654268],[-90.736137,47.654303],[-90.736119,47.654375],[-90.736056,47.654474],[-90.736043,47.654546],[-90.735993,47.65462],[-90.73593,47.654686],[-90.735934,47.654612],[-90.735907,47.654597],[-90.735867,47.654625],[-90.735854,47.65467],[-90.73573,47.654853],[-90.735715,47.654847],[-90.735709,47.654831],[-90.735737,47.654951],[-90.735731,47.655],[-90.735685,47.655069],[-90.735628,47.655266],[-90.735589,47.655336],[-90.735565,47.655333],[-90.735516,47.655251],[-90.735455,47.655283],[-90.73537,47.655296],[-90.73536,47.655328],[-90.735324,47.655301],[-90.735282,47.655295],[-90.735228,47.655335],[-90.735189,47.655425],[-90.735162,47.655402],[-90.7351,47.655482],[-90.734993,47.655507],[-90.734925,47.655557],[-90.734905,47.655583],[-90.734867,47.655604],[-90.734691,47.655673],[-90.734671,47.65571],[-90.734669,47.655741],[-90.734649,47.655761],[-90.73463,47.655938],[-90.734645,47.655948],[-90.734628,47.655946],[-90.734584,47.65591],[-90.734599,47.656142],[-90.73457,47.656355],[-90.734617,47.656446],[-90.734626,47.656563],[-90.734666,47.656766],[-90.734689,47.656809],[-90.734706,47.656904],[-90.734775,47.657016],[-90.734844,47.657095],[-90.734951,47.657173],[-90.735036,47.657258],[-90.735239,47.657332],[-90.735299,47.65733],[-90.735428,47.657425],[-90.735518,47.657378],[-90.735675,47.657377],[-90.735878,47.657256],[-90.735912,47.657223],[-90.735982,47.657065],[-90.736046,47.656952],[-90.736105,47.656936],[-90.736188,47.656937],[-90.736219,47.656918],[-90.736372,47.656872],[-90.736494,47.656913],[-90.73653,47.656892],[-90.736601,47.656902],[-90.736687,47.656967],[-90.736864,47.656939],[-90.736962,47.656909],[-90.737056,47.656942],[-90.737105,47.656948],[-90.737188,47.656904],[-90.737268,47.656876],[-90.73734,47.65689],[-90.737371,47.656885],[-90.737504,47.656815],[-90.73752,47.656787],[-90.737618,47.656754],[-90.737714,47.656736],[-90.737767,47.6567],[-90.737805,47.656711],[-90.737919,47.656711],[-90.738038,47.656641],[-90.73807,47.656632],[-90.738187,47.656545],[-90.738241,47.656535],[-90.738453,47.656561],[-90.738545,47.656591],[-90.738648,47.656661],[-90.738696,47.656729],[-90.738722,47.65682],[-90.738707,47.656837],[-90.738691,47.656906],[-90.738658,47.656935],[-90.738611,47.657041],[-90.738608,47.657071],[-90.738621,47.657097],[-90.738637,47.657103],[-90.738678,47.657066],[-90.738698,47.657025],[-90.738788,47.656926],[-90.738872,47.656924],[-90.738919,47.656935],[-90.738966,47.657013],[-90.738985,47.657124],[-90.738973,47.657214],[-90.738933,47.657295],[-90.738924,47.657388],[-90.738902,47.657461],[-90.738852,47.657533],[-90.738819,47.657544],[-90.738814,47.657565],[-90.738748,47.65758],[-90.73864,47.657654],[-90.738608,47.657726],[-90.738636,47.657843],[-90.738665,47.657851],[-90.738709,47.657816],[-90.73873,47.657758],[-90.73878,47.657719],[-90.738786,47.65768],[-90.738947,47.657596],[-90.73902,47.657598],[-90.739037,47.657586],[-90.739182,47.657601],[-90.739314,47.657548],[-90.739362,47.657549],[-90.739447,47.657521],[-90.739845,47.657501],[-90.740001,47.657519],[-90.740094,47.657625],[-90.740097,47.65764],[-90.740069,47.657706],[-90.740073,47.657728],[-90.739993,47.657862],[-90.739944,47.657925],[-90.739878,47.657941],[-90.739709,47.658065],[-90.739659,47.658086],[-90.739576,47.658244],[-90.739563,47.658235],[-90.739521,47.658276],[-90.739465,47.658293],[-90.739446,47.658367],[-90.739453,47.658409],[-90.739514,47.658448],[-90.7396,47.658434],[-90.739648,47.658372],[-90.739678,47.658358],[-90.739766,47.658371],[-90.73983,47.658361],[-90.739865,47.658365],[-90.73989,47.658387],[-90.740073,47.658489],[-90.740087,47.658567],[-90.740114,47.658617],[-90.740161,47.658772],[-90.740155,47.65881],[-90.740164,47.658837],[-90.740194,47.658852],[-90.740217,47.658913],[-90.740204,47.658982],[-90.740208,47.65913],[-90.740168,47.659192],[-90.740175,47.659263],[-90.740165,47.659329],[-90.740115,47.659425],[-90.740009,47.659544],[-90.739943,47.659562],[-90.739911,47.659589],[-90.739923,47.659666],[-90.739989,47.659834],[-90.74008,47.659914],[-90.740105,47.659979],[-90.740109,47.660099],[-90.740172,47.660215],[-90.740182,47.660309],[-90.740241,47.66037],[-90.740256,47.660414],[-90.740295,47.660471],[-90.740228,47.660622],[-90.740173,47.660708],[-90.74009,47.66075],[-90.740039,47.660735],[-90.739899,47.6609],[-90.739849,47.661016],[-90.739825,47.66103],[-90.739838,47.661048],[-90.739851,47.66102],[-90.739815,47.660965],[-90.73982,47.660982],[-90.739845,47.661028],[-90.739858,47.661061],[-90.739878,47.661125],[-90.739904,47.661175],[-90.739922,47.661231],[-90.739803,47.661341],[-90.739763,47.661395],[-90.739661,47.661425],[-90.739538,47.661394],[-90.739432,47.661387],[-90.739337,47.661413],[-90.739266,47.661504],[-90.739201,47.661561],[-90.739172,47.661576],[-90.739148,47.661577],[-90.73912,47.661595],[-90.739072,47.661663],[-90.738907,47.661736],[-90.738863,47.661766],[-90.738831,47.661764],[-90.738781,47.6618],[-90.738664,47.661834],[-90.738614,47.661877],[-90.738559,47.661902],[-90.738516,47.661935],[-90.73849,47.66197],[-90.738436,47.662014],[-90.738403,47.662019],[-90.738304,47.662087],[-90.738244,47.662111],[-90.737945,47.662169],[-90.737803,47.662153],[-90.737727,47.662186],[-90.737688,47.662194],[-90.737646,47.662196],[-90.737592,47.662185],[-90.737462,47.662222],[-90.737399,47.662216],[-90.737315,47.662247],[-90.737272,47.662273],[-90.737186,47.662234],[-90.737129,47.662239],[-90.737107,47.662234],[-90.736989,47.662306],[-90.736904,47.662341],[-90.736806,47.662316],[-90.736744,47.662356],[-90.736653,47.662389],[-90.736659,47.66244],[-90.73672,47.66251],[-90.736805,47.662555],[-90.736883,47.662616],[-90.737,47.662645],[-90.737044,47.66264],[-90.737182,47.662657],[-90.737248,47.662728],[-90.737296,47.662737],[-90.737508,47.662883],[-90.737613,47.662836],[-90.737698,47.662875],[-90.737739,47.662923],[-90.737815,47.662965],[-90.737811,47.663133],[-90.737826,47.663282],[-90.737877,47.663395],[-90.737886,47.66344],[-90.737882,47.663537],[-90.737906,47.663599],[-90.7379,47.66364],[-90.737886,47.663673],[-90.737837,47.663894],[-90.737756,47.663913],[-90.737751,47.663904],[-90.737809,47.663812],[-90.737881,47.663783],[-90.737932,47.663785],[-90.73802,47.663815],[-90.738061,47.663863],[-90.738088,47.663879],[-90.738108,47.663914],[-90.738125,47.664006],[-90.738095,47.664109],[-90.738015,47.664163],[-90.737974,47.664284],[-90.737934,47.664353],[-90.737899,47.664384],[-90.737818,47.664509],[-90.737734,47.6646],[-90.737739,47.664636],[-90.737766,47.664653],[-90.737904,47.664675],[-90.737927,47.664691],[-90.737986,47.664695],[-90.738075,47.664714],[-90.7381,47.66473],[-90.73817,47.664732],[-90.738186,47.664763],[-90.738181,47.664779],[-90.738149,47.664809],[-90.738079,47.664823],[-90.738034,47.664862],[-90.737904,47.664921],[-90.737741,47.665019],[-90.737573,47.66501],[-90.737514,47.665037],[-90.737441,47.665056],[-90.737418,47.665135],[-90.73738,47.6652],[-90.737412,47.665248],[-90.737484,47.665301],[-90.7375,47.665298],[-90.737503,47.66531],[-90.737459,47.665345],[-90.73737,47.665374],[-90.737335,47.665417],[-90.737366,47.665478],[-90.737408,47.665505],[-90.737462,47.665518],[-90.737495,47.665576],[-90.737421,47.665646],[-90.737353,47.665684],[-90.737321,47.665714],[-90.737275,47.66585],[-90.737223,47.665944],[-90.737212,47.666002],[-90.737118,47.666127],[-90.737047,47.66617],[-90.736947,47.666251],[-90.736814,47.666296],[-90.736728,47.666371],[-90.736677,47.666402],[-90.736579,47.666378],[-90.736527,47.666378],[-90.73632,47.666411],[-90.736015,47.666403],[-90.735831,47.666463],[-90.735559,47.666531],[-90.73547,47.666536],[-90.735425,47.666559],[-90.735199,47.666554],[-90.73516,47.666561],[-90.735097,47.666591],[-90.735068,47.666582],[-90.735015,47.666591],[-90.734977,47.666568],[-90.734839,47.666519],[-90.734784,47.666546],[-90.734699,47.666528],[-90.734676,47.666515],[-90.734675,47.666604],[-90.734702,47.666655],[-90.734763,47.666697],[-90.734793,47.66673],[-90.734914,47.666794],[-90.734977,47.666846],[-90.735004,47.66691],[-90.735051,47.666964],[-90.73505,47.666998],[-90.735032,47.667039],[-90.734925,47.667149],[-90.734862,47.667195],[-90.734837,47.6672],[-90.734772,47.667171],[-90.73468,47.667197],[-90.734525,47.667164],[-90.734468,47.667162],[-90.734383,47.667192],[-90.734318,47.667184],[-90.734286,47.667197],[-90.734212,47.667197],[-90.734146,47.667181],[-90.734029,47.667201],[-90.734005,47.667213],[-90.733916,47.667216],[-90.733881,47.667239],[-90.733728,47.667232],[-90.733678,47.667246],[-90.733621,47.667233],[-90.733387,47.667281],[-90.733067,47.667273],[-90.732898,47.667311],[-90.732706,47.667421],[-90.732607,47.667456],[-90.732524,47.6675],[-90.732429,47.66751],[-90.732395,47.667501],[-90.732331,47.667508],[-90.732243,47.667562],[-90.732184,47.667612],[-90.732128,47.667688],[-90.732044,47.667697],[-90.731978,47.667711],[-90.731959,47.667723],[-90.731921,47.667726],[-90.731812,47.667824],[-90.731787,47.667896],[-90.731692,47.668053],[-90.731617,47.66814],[-90.731566,47.668178],[-90.73155,47.668248],[-90.731509,47.668332],[-90.731468,47.668368],[-90.731401,47.668469],[-90.73137,47.668494],[-90.731307,47.668686],[-90.731211,47.668914],[-90.731109,47.669091],[-90.731095,47.669183],[-90.731119,47.669274],[-90.731031,47.669324],[-90.730931,47.669366],[-90.730838,47.669393],[-90.73068,47.669299],[-90.730618,47.669275],[-90.730548,47.669266],[-90.730414,47.669191],[-90.730368,47.669183],[-90.730243,47.669068],[-90.73012,47.668845],[-90.730051,47.668787],[-90.730018,47.668745],[-90.729982,47.668737],[-90.729854,47.668745],[-90.729819,47.668733],[-90.729722,47.668722],[-90.729489,47.66863],[-90.729372,47.668558],[-90.729339,47.66856],[-90.72917,47.668491],[-90.72906,47.668476],[-90.728979,47.668445],[-90.72888,47.668441],[-90.728823,47.668456],[-90.728749,47.668494],[-90.728637,47.6685],[-90.728629,47.668532],[-90.728652,47.668586],[-90.728712,47.668655],[-90.728732,47.668657],[-90.728722,47.668766],[-90.728682,47.668834],[-90.728569,47.668925],[-90.728444,47.669073],[-90.728271,47.669189],[-90.728227,47.669304],[-90.72808,47.669399],[-90.728036,47.669395],[-90.727919,47.669316],[-90.727895,47.669271],[-90.727857,47.669244],[-90.727826,47.669237],[-90.727776,47.669148],[-90.727767,47.669092],[-90.727685,47.669014],[-90.727732,47.668829],[-90.727753,47.6688],[-90.727774,47.668677],[-90.727807,47.668622],[-90.72782,47.668539],[-90.727852,47.668445],[-90.727845,47.668408],[-90.727815,47.668421],[-90.727713,47.668523],[-90.727611,47.66856],[-90.727587,47.668523],[-90.727588,47.668431],[-90.727553,47.668291],[-90.727428,47.668085],[-90.727432,47.668056],[-90.727413,47.66802],[-90.727409,47.667913],[-90.727455,47.667775],[-90.727417,47.667705],[-90.727408,47.667647],[-90.727408,47.667604],[-90.727431,47.667527],[-90.727422,47.66744],[-90.727387,47.667371],[-90.727296,47.667333],[-90.727146,47.667302],[-90.726993,47.667302],[-90.726872,47.667332],[-90.726619,47.667297],[-90.726525,47.66721],[-90.726422,47.667179],[-90.726384,47.667176],[-90.726299,47.66719],[-90.726287,47.667198],[-90.726151,47.6672],[-90.725995,47.667219],[-90.725772,47.667316],[-90.725523,47.667443],[-90.725383,47.667466],[-90.725307,47.667467],[-90.725081,47.667444],[-90.724927,47.667466],[-90.724699,47.667463],[-90.724599,47.667478],[-90.724534,47.66746],[-90.724502,47.667462],[-90.724226,47.667574],[-90.72411,47.667603],[-90.723887,47.667537],[-90.723645,47.667399],[-90.723395,47.667327],[-90.723012,47.667143],[-90.722909,47.667117],[-90.722668,47.667024],[-90.722244,47.666838],[-90.722135,47.666853],[-90.72199,47.666961],[-90.721858,47.667081],[-90.721779,47.667127],[-90.721503,47.667106],[-90.7214,47.667091],[-90.721065,47.667078],[-90.721021,47.667087],[-90.72083,47.667065],[-90.720724,47.667025],[-90.720418,47.666808],[-90.720347,47.666776],[-90.72022,47.666666],[-90.720136,47.666633],[-90.720098,47.666608],[-90.720042,47.666545],[-90.719832,47.666424],[-90.719599,47.666308],[-90.719472,47.666295],[-90.719313,47.66633],[-90.719072,47.666298],[-90.718768,47.666183],[-90.718574,47.666099],[-90.718329,47.666012],[-90.718193,47.66597],[-90.717663,47.665839],[-90.717508,47.665789],[-90.717278,47.665691],[-90.716846,47.665474],[-90.716502,47.66529],[-90.71583,47.664908],[-90.715365,47.664675],[-90.71465,47.664351],[-90.714424,47.664235],[-90.714235,47.664103],[-90.714076,47.663936],[-90.713978,47.663773],[-90.71386,47.663611],[-90.71375,47.663425],[-90.713685,47.663234],[-90.713679,47.662869],[-90.7137,47.662677],[-90.71368,47.662485],[-90.713638,47.662346],[-90.713554,47.662152],[-90.713524,47.662108],[-90.71324,47.661762],[-90.713124,47.661596],[-90.712972,47.66143],[-90.712829,47.661246],[-90.712829,47.661052],[-90.712946,47.660859],[-90.713121,47.660723],[-90.71326,47.6607],[-90.713358,47.66067],[-90.713471,47.660614],[-90.713669,47.660494],[-90.713721,47.660442],[-90.713777,47.660355],[-90.713867,47.660145],[-90.713929,47.660041],[-90.713953,47.659971],[-90.713923,47.659854],[-90.713909,47.65967],[-90.71389,47.659616],[-90.713767,47.659444],[-90.713667,47.659411],[-90.713497,47.659438],[-90.713435,47.6594],[-90.713432,47.659439],[-90.713411,47.659441]]},"properties":{"name":"Morning Run","time":"2016-09-09T13:01:20Z"}}
]}